2026-07-01 14:39:10 [INFO] START | dry_run=False resume=False filter=None
2026-07-01 14:39:10 [INFO] [0] Memeriksa koneksi database
2026-07-01 14:39:10 [INFO] Terhubung ke 'fkp_db' @ localhost:5432
2026-07-01 14:39:10 [INFO] Semua tabel ditemukan: provinsi, kabupaten_kota, kecamatan, kelurahan
2026-07-01 14:39:10 [INFO] [0b] Memeriksa koneksi API
2026-07-01 14:39:13 [INFO] API OK — 38 provinsi tersedia
2026-07-01 14:39:13 [INFO] [1] Membuka koneksi PostgreSQL
2026-07-01 14:39:13 [INFO] Koneksi berhasil
2026-07-01 14:39:13 [INFO] [2] Membersihkan tabel
2026-07-01 14:39:13 [INFO] Semua tabel dikosongkan
2026-07-01 14:39:13 [INFO] [3] Memulai proses (38 provinsi)
2026-07-01 14:39:13 [INFO] PROVINSI [11] Aceh
2026-07-01 14:39:15 [INFO]   KAB [1101] Kabupaten Aceh Selatan
2026-07-01 14:39:16 [INFO]     KEC [110101] Bakongan
2026-07-01 14:39:17 [INFO]       7 kelurahan di Bakongan
2026-07-01 14:39:17 [INFO]     KEC [110102] Kluet Utara
2026-07-01 14:39:17 [INFO]       21 kelurahan di Kluet Utara
2026-07-01 14:39:17 [INFO]     KEC [110103] Kluet Selatan
2026-07-01 14:39:18 [INFO]       17 kelurahan di Kluet Selatan
2026-07-01 14:39:18 [INFO]     KEC [110104] Labuhanhaji
2026-07-01 14:39:19 [INFO]       16 kelurahan di Labuhanhaji
2026-07-01 14:39:19 [INFO]     KEC [110105] Meukek
2026-07-01 14:39:20 [INFO]       23 kelurahan di Meukek
2026-07-01 14:39:20 [INFO]     KEC [110106] Samadua
2026-07-01 14:39:21 [INFO]       28 kelurahan di Samadua
2026-07-01 14:39:21 [INFO]     KEC [110107] Sawang
2026-07-01 14:39:22 [INFO]       15 kelurahan di Sawang
2026-07-01 14:39:22 [INFO]     KEC [110108] Tapaktuan
2026-07-01 14:39:23 [INFO]       16 kelurahan di Tapaktuan
2026-07-01 14:39:23 [INFO]     KEC [110109] Trumon
2026-07-01 14:39:23 [INFO]       12 kelurahan di Trumon
2026-07-01 14:39:23 [INFO]     KEC [110110] Pasie Raja
2026-07-01 14:39:24 [INFO]       21 kelurahan di Pasie Raja
2026-07-01 14:39:24 [INFO]     KEC [110111] Labuhanhaji Timur
2026-07-01 14:39:25 [INFO]       12 kelurahan di Labuhanhaji Timur
2026-07-01 14:39:25 [INFO]     KEC [110112] Labuhanhaji Barat
2026-07-01 14:39:26 [INFO]       15 kelurahan di Labuhanhaji Barat
2026-07-01 14:39:26 [INFO]     KEC [110113] Kluet Tengah
2026-07-01 14:39:27 [INFO]       13 kelurahan di Kluet Tengah
2026-07-01 14:39:27 [INFO]     KEC [110114] Kluet Timur
2026-07-01 14:39:27 [INFO]       9 kelurahan di Kluet Timur
2026-07-01 14:39:27 [INFO]     KEC [110115] Bakongan Timur
2026-07-01 14:39:28 [INFO]       7 kelurahan di Bakongan Timur
2026-07-01 14:39:28 [INFO]     KEC [110116] Trumon Timur
2026-07-01 14:39:28 [INFO]       8 kelurahan di Trumon Timur
2026-07-01 14:39:28 [INFO]     KEC [110117] Kota Bahagia
2026-07-01 14:39:29 [INFO]       10 kelurahan di Kota Bahagia
2026-07-01 14:39:29 [INFO]     KEC [110118] Trumon Tengah
2026-07-01 14:39:29 [INFO]       10 kelurahan di Trumon Tengah
2026-07-01 14:39:29 [INFO]   KAB [1102] Kabupaten Aceh Tenggara
2026-07-01 14:39:30 [INFO]     KEC [110201] Lawe Alas
2026-07-01 14:39:31 [INFO]       28 kelurahan di Lawe Alas
2026-07-01 14:39:31 [INFO]     KEC [110202] Lawe Sigala-Gala
2026-07-01 14:39:31 [INFO]       35 kelurahan di Lawe Sigala-Gala
2026-07-01 14:39:31 [INFO]     KEC [110203] Bambel
2026-07-01 14:39:32 [INFO]       33 kelurahan di Bambel
2026-07-01 14:39:32 [INFO]     KEC [110204] Babussalam
2026-07-01 14:39:33 [INFO]       27 kelurahan di Babussalam
2026-07-01 14:39:33 [INFO]     KEC [110205] Badar
2026-07-01 14:39:33 [INFO]       18 kelurahan di Badar
2026-07-01 14:39:33 [INFO]     KEC [110206] Babul Makmur
2026-07-01 14:39:34 [INFO]       21 kelurahan di Babul Makmur
2026-07-01 14:39:34 [INFO]     KEC [110207] Darul Hasanah
2026-07-01 14:39:34 [INFO]       28 kelurahan di Darul Hasanah
2026-07-01 14:39:34 [INFO]     KEC [110208] Lawe Bulan
2026-07-01 14:39:35 [INFO]       24 kelurahan di Lawe Bulan
2026-07-01 14:39:35 [INFO]     KEC [110209] Bukit Tusam
2026-07-01 14:39:36 [INFO]       23 kelurahan di Bukit Tusam
2026-07-01 14:39:36 [INFO]     KEC [110210] Semadam
2026-07-01 14:39:37 [INFO]       19 kelurahan di Semadam
2026-07-01 14:39:37 [INFO]     KEC [110211] Babul Rahmah
2026-07-01 14:39:37 [INFO]       27 kelurahan di Babul Rahmah
2026-07-01 14:39:37 [INFO]     KEC [110212] Ketambe
2026-07-01 14:39:38 [INFO]       25 kelurahan di Ketambe
2026-07-01 14:39:38 [INFO]     KEC [110213] Deleng Pokhkisen
2026-07-01 14:39:39 [INFO]       22 kelurahan di Deleng Pokhkisen
2026-07-01 14:39:39 [INFO]     KEC [110214] Lawe Sumur
2026-07-01 14:39:39 [INFO]       18 kelurahan di Lawe Sumur
2026-07-01 14:39:39 [INFO]     KEC [110215] Tanoh Alas
2026-07-01 14:39:40 [INFO]       14 kelurahan di Tanoh Alas
2026-07-01 14:39:40 [INFO]     KEC [110216] Leuser
2026-07-01 14:39:41 [INFO]       23 kelurahan di Leuser
2026-07-01 14:39:41 [INFO]   KAB [1103] Kabupaten Aceh Timur
2026-07-01 14:39:42 [INFO]     KEC [110301] Darul Aman
2026-07-01 14:39:42 [INFO]       45 kelurahan di Darul Aman
2026-07-01 14:39:42 [INFO]     KEC [110302] Julok
2026-07-01 14:39:43 [INFO]       37 kelurahan di Julok
2026-07-01 14:39:43 [INFO]     KEC [110303] Idi Rayeuk
2026-07-01 14:39:43 [INFO]       35 kelurahan di Idi Rayeuk
2026-07-01 14:39:43 [INFO]     KEC [110304] Birem Bayeun
2026-07-01 14:39:44 [INFO]       27 kelurahan di Birem Bayeun
2026-07-01 14:39:44 [INFO]     KEC [110305] Serbajadi
2026-07-01 14:39:44 [INFO]       17 kelurahan di Serbajadi
2026-07-01 14:39:44 [INFO]     KEC [110306] Nurussalam
2026-07-01 14:39:45 [INFO]       31 kelurahan di Nurussalam
2026-07-01 14:39:45 [INFO]     KEC [110307] Peureulak
2026-07-01 14:39:46 [INFO]       38 kelurahan di Peureulak
2026-07-01 14:39:46 [INFO]     KEC [110308] Rantau Selamat
2026-07-01 14:39:47 [INFO]       14 kelurahan di Rantau Selamat
2026-07-01 14:39:47 [INFO]     KEC [110309] Simpang Ulim
2026-07-01 14:39:48 [INFO]       23 kelurahan di Simpang Ulim
2026-07-01 14:39:48 [INFO]     KEC [110310] Ranto Peureulak
2026-07-01 14:39:48 [INFO]       23 kelurahan di Ranto Peureulak
2026-07-01 14:39:48 [INFO]     KEC [110311] Pante Bidari
2026-07-01 14:39:49 [INFO]       25 kelurahan di Pante Bidari
2026-07-01 14:39:49 [INFO]     KEC [110312] Madat
2026-07-01 14:39:49 [INFO]       26 kelurahan di Madat
2026-07-01 14:39:49 [INFO]     KEC [110313] Indra Makmu
2026-07-01 14:39:50 [INFO]       13 kelurahan di Indra Makmu
2026-07-01 14:39:50 [INFO]     KEC [110314] Idi Tunong
2026-07-01 14:39:50 [INFO]       25 kelurahan di Idi Tunong
2026-07-01 14:39:50 [INFO]     KEC [110315] Banda Alam
2026-07-01 14:39:51 [INFO]       16 kelurahan di Banda Alam
2026-07-01 14:39:51 [INFO]     KEC [110316] Peudawa
2026-07-01 14:39:52 [INFO]       17 kelurahan di Peudawa
2026-07-01 14:39:52 [INFO]     KEC [110317] Peureulak Timur
2026-07-01 14:39:52 [INFO]       20 kelurahan di Peureulak Timur
2026-07-01 14:39:52 [INFO]     KEC [110318] Peureulak Barat
2026-07-01 14:39:53 [INFO]       15 kelurahan di Peureulak Barat
2026-07-01 14:39:53 [INFO]     KEC [110319] Sungai Raya
2026-07-01 14:39:53 [INFO]       13 kelurahan di Sungai Raya
2026-07-01 14:39:53 [INFO]     KEC [110320] Simpang Jernih
2026-07-01 14:39:54 [INFO]       8 kelurahan di Simpang Jernih
2026-07-01 14:39:54 [INFO]     KEC [110321] Darul Ihsan
2026-07-01 14:39:55 [INFO]       16 kelurahan di Darul Ihsan
2026-07-01 14:39:55 [INFO]     KEC [110322] Darul Falah
2026-07-01 14:39:55 [INFO]       11 kelurahan di Darul Falah
2026-07-01 14:39:55 [INFO]     KEC [110323] Idi Timur
2026-07-01 14:39:56 [INFO]       13 kelurahan di Idi Timur
2026-07-01 14:39:56 [INFO]     KEC [110324] Peunaron
2026-07-01 14:39:56 [INFO]       5 kelurahan di Peunaron
2026-07-01 14:39:56 [INFO]   KAB [1104] Kabupaten Aceh Tengah
2026-07-01 14:39:57 [INFO]     KEC [110401] Linge
2026-07-01 14:39:58 [INFO]       26 kelurahan di Linge
2026-07-01 14:39:58 [INFO]     KEC [110402] Silih Nara
2026-07-01 14:39:58 [INFO]       33 kelurahan di Silih Nara
2026-07-01 14:39:58 [INFO]     KEC [110403] Bebesen
2026-07-01 14:39:59 [INFO]       28 kelurahan di Bebesen
2026-07-01 14:39:59 [INFO]     KEC [110407] Pegasing
2026-07-01 14:40:00 [INFO]       31 kelurahan di Pegasing
2026-07-01 14:40:00 [INFO]     KEC [110408] Bintang
2026-07-01 14:40:00 [INFO]       24 kelurahan di Bintang
2026-07-01 14:40:00 [INFO]     KEC [110410] Ketol
2026-07-01 14:40:01 [INFO]       25 kelurahan di Ketol
2026-07-01 14:40:01 [INFO]     KEC [110411] Kebayakan
2026-07-01 14:40:01 [INFO]       20 kelurahan di Kebayakan
2026-07-01 14:40:01 [INFO]     KEC [110412] Kute Panang
2026-07-01 14:40:02 [INFO]       24 kelurahan di Kute Panang
2026-07-01 14:40:02 [INFO]     KEC [110413] Celala
2026-07-01 14:40:03 [INFO]       17 kelurahan di Celala
2026-07-01 14:40:03 [INFO]     KEC [110417] Laut Tawar
2026-07-01 14:40:03 [INFO]       18 kelurahan di Laut Tawar
2026-07-01 14:40:03 [INFO]     KEC [110418] Atu Lintang
2026-07-01 14:40:04 [INFO]       11 kelurahan di Atu Lintang
2026-07-01 14:40:04 [INFO]     KEC [110419] Jagong Jeget
2026-07-01 14:40:04 [INFO]       10 kelurahan di Jagong Jeget
2026-07-01 14:40:04 [INFO]     KEC [110420] Bies
2026-07-01 14:40:05 [INFO]       12 kelurahan di Bies
2026-07-01 14:40:05 [INFO]     KEC [110421] Rusip Antara
2026-07-01 14:40:05 [INFO]       16 kelurahan di Rusip Antara
2026-07-01 14:40:05 [INFO]   KAB [1105] Kabupaten Aceh Barat
2026-07-01 14:40:06 [INFO]     KEC [110501] Johan Pahlawan
2026-07-01 14:40:06 [INFO]       21 kelurahan di Johan Pahlawan
2026-07-01 14:40:07 [INFO]     KEC [110502] Kaway XVI
2026-07-01 14:40:07 [INFO]       44 kelurahan di Kaway XVI
2026-07-01 14:40:07 [INFO]     KEC [110503] Sungai Mas
2026-07-01 14:40:08 [INFO]       18 kelurahan di Sungai Mas
2026-07-01 14:40:08 [INFO]     KEC [110504] Woyla
2026-07-01 14:40:08 [INFO]       43 kelurahan di Woyla
2026-07-01 14:40:08 [INFO]     KEC [110505] Samatiga
2026-07-01 14:40:09 [INFO]       32 kelurahan di Samatiga
2026-07-01 14:40:09 [INFO]     KEC [110506] Bubon
2026-07-01 14:40:09 [INFO]       17 kelurahan di Bubon
2026-07-01 14:40:09 [INFO]     KEC [110507] Arongan Lambalek
2026-07-01 14:40:10 [INFO]       27 kelurahan di Arongan Lambalek
2026-07-01 14:40:10 [INFO]     KEC [110508] Pante Ceureumen
2026-07-01 14:40:10 [INFO]       25 kelurahan di Pante Ceureumen
2026-07-01 14:40:10 [INFO]     KEC [110509] Meureubo
2026-07-01 14:40:11 [INFO]       26 kelurahan di Meureubo
2026-07-01 14:40:11 [INFO]     KEC [110510] Woyla Barat
2026-07-01 14:40:12 [INFO]       24 kelurahan di Woyla Barat
2026-07-01 14:40:12 [INFO]     KEC [110511] Woyla Timur
2026-07-01 14:40:12 [INFO]       26 kelurahan di Woyla Timur
2026-07-01 14:40:12 [INFO]     KEC [110512] Panton Reu
2026-07-01 14:40:13 [INFO]       19 kelurahan di Panton Reu
2026-07-01 14:40:13 [INFO]   KAB [1106] Kabupaten Aceh Besar
2026-07-01 14:40:13 [INFO]     KEC [110601] Lhoong
2026-07-01 14:40:14 [INFO]       28 kelurahan di Lhoong
2026-07-01 14:40:14 [INFO]     KEC [110602] Lhoknga
2026-07-01 14:40:14 [INFO]       28 kelurahan di Lhoknga
2026-07-01 14:40:14 [INFO]     KEC [110603] Indrapuri
2026-07-01 14:40:15 [INFO]       52 kelurahan di Indrapuri
2026-07-01 14:40:15 [INFO]     KEC [110604] Seulimeum
2026-07-01 14:40:16 [INFO]       47 kelurahan di Seulimeum
2026-07-01 14:40:16 [INFO]     KEC [110605] Montasik
2026-07-01 14:40:16 [INFO]       39 kelurahan di Montasik
2026-07-01 14:40:16 [INFO]     KEC [110606] Sukamakmur
2026-07-01 14:40:17 [INFO]       35 kelurahan di Sukamakmur
2026-07-01 14:40:17 [INFO]     KEC [110607] Darul Imarah
2026-07-01 14:40:17 [INFO]       32 kelurahan di Darul Imarah
2026-07-01 14:40:17 [INFO]     KEC [110608] Peukan Bada
2026-07-01 14:40:18 [INFO]       26 kelurahan di Peukan Bada
2026-07-01 14:40:18 [INFO]     KEC [110609] Mesjid Raya
2026-07-01 14:40:18 [INFO]       13 kelurahan di Mesjid Raya
2026-07-01 14:40:18 [INFO]     KEC [110610] Ingin Jaya
2026-07-01 14:40:19 [INFO]       50 kelurahan di Ingin Jaya
2026-07-01 14:40:19 [INFO]     KEC [110611] Kuta Baro
2026-07-01 14:40:20 [INFO]       47 kelurahan di Kuta Baro
2026-07-01 14:40:20 [INFO]     KEC [110612] Darussalam
2026-07-01 14:40:20 [INFO]       29 kelurahan di Darussalam
2026-07-01 14:40:20 [INFO]     KEC [110613] Pulo Aceh
2026-07-01 14:40:21 [INFO]       17 kelurahan di Pulo Aceh
2026-07-01 14:40:21 [INFO]     KEC [110614] Lembah Seulawah
2026-07-01 14:40:21 [INFO]       12 kelurahan di Lembah Seulawah
2026-07-01 14:40:21 [INFO]     KEC [110615] Kota Jantho
2026-07-01 14:40:22 [INFO]       13 kelurahan di Kota Jantho
2026-07-01 14:40:22 [INFO]     KEC [110616] Kuta Cot Glie
2026-07-01 14:40:23 [INFO]       32 kelurahan di Kuta Cot Glie
2026-07-01 14:40:23 [INFO]     KEC [110617] Kuta Malaka
2026-07-01 14:40:23 [INFO]       15 kelurahan di Kuta Malaka
2026-07-01 14:40:23 [INFO]     KEC [110618] Simpang Tiga
2026-07-01 14:40:24 [INFO]       18 kelurahan di Simpang Tiga
2026-07-01 14:40:24 [INFO]     KEC [110619] Darul Kamal
2026-07-01 14:40:24 [INFO]       14 kelurahan di Darul Kamal
2026-07-01 14:40:24 [INFO]     KEC [110620] Baitussalam
2026-07-01 14:40:25 [INFO]       13 kelurahan di Baitussalam
2026-07-01 14:40:25 [INFO]     KEC [110621] Krueng Barona Jaya
2026-07-01 14:40:25 [INFO]       12 kelurahan di Krueng Barona Jaya
2026-07-01 14:40:25 [INFO]     KEC [110622] Leupung
2026-07-01 14:40:26 [INFO]       6 kelurahan di Leupung
2026-07-01 14:40:26 [INFO]     KEC [110623] Blang Bintang
2026-07-01 14:40:27 [INFO]       26 kelurahan di Blang Bintang
2026-07-01 14:40:27 [INFO]   KAB [1107] Kabupaten Pidie
2026-07-01 14:40:27 [INFO]     KEC [110703] Batee
2026-07-01 14:40:28 [INFO]       28 kelurahan di Batee
2026-07-01 14:40:28 [INFO]     KEC [110704] Delima
2026-07-01 14:40:28 [INFO]       44 kelurahan di Delima
2026-07-01 14:40:28 [INFO]     KEC [110705] Geumpang
2026-07-01 14:40:29 [INFO]       5 kelurahan di Geumpang
2026-07-01 14:40:29 [INFO]     KEC [110706] Glumpang Tiga
2026-07-01 14:40:29 [INFO]       34 kelurahan di Glumpang Tiga
2026-07-01 14:40:29 [INFO]     KEC [110707] Indrajaya
2026-07-01 14:40:30 [INFO]       49 kelurahan di Indrajaya
2026-07-01 14:40:30 [INFO]     KEC [110708] Kembang Tanjong
2026-07-01 14:40:31 [INFO]       45 kelurahan di Kembang Tanjong
2026-07-01 14:40:31 [INFO]     KEC [110709] Kota Sigli
2026-07-01 14:40:31 [INFO]       15 kelurahan di Kota Sigli
2026-07-01 14:40:31 [INFO]     KEC [110711] Mila
2026-07-01 14:40:32 [INFO]       20 kelurahan di Mila
2026-07-01 14:40:32 [INFO]     KEC [110712] Muara Tiga
2026-07-01 14:40:33 [INFO]       18 kelurahan di Muara Tiga
2026-07-01 14:40:33 [INFO]     KEC [110713] Mutiara
2026-07-01 14:40:34 [INFO]       29 kelurahan di Mutiara
2026-07-01 14:40:34 [INFO]     KEC [110714] Padang Tiji
2026-07-01 14:40:34 [INFO]       64 kelurahan di Padang Tiji
2026-07-01 14:40:34 [INFO]     KEC [110715] Peukan Baro
2026-07-01 14:40:35 [INFO]       48 kelurahan di Peukan Baro
2026-07-01 14:40:35 [INFO]     KEC [110716] Pidie
2026-07-01 14:40:35 [INFO]       64 kelurahan di Pidie
2026-07-01 14:40:35 [INFO]     KEC [110717] Sakti
2026-07-01 14:40:36 [INFO]       49 kelurahan di Sakti
2026-07-01 14:40:36 [INFO]     KEC [110718] Simpang Tiga
2026-07-01 14:40:36 [INFO]       52 kelurahan di Simpang Tiga
2026-07-01 14:40:36 [INFO]     KEC [110719] Tangse
2026-07-01 14:40:37 [INFO]       28 kelurahan di Tangse
2026-07-01 14:40:37 [INFO]     KEC [110721] Tiro/Truseb
2026-07-01 14:40:38 [INFO]       19 kelurahan di Tiro/Truseb
2026-07-01 14:40:38 [INFO]     KEC [110722] Keumala
2026-07-01 14:40:38 [INFO]       18 kelurahan di Keumala
2026-07-01 14:40:38 [INFO]     KEC [110724] Mutiara Timur
2026-07-01 14:40:39 [INFO]       48 kelurahan di Mutiara Timur
2026-07-01 14:40:39 [INFO]     KEC [110725] Grong-grong
2026-07-01 14:40:39 [INFO]       15 kelurahan di Grong-grong
2026-07-01 14:40:39 [INFO]     KEC [110727] Mane
2026-07-01 14:40:40 [INFO]       4 kelurahan di Mane
2026-07-01 14:40:40 [INFO]     KEC [110729] Glumpang Baro
2026-07-01 14:40:40 [INFO]       21 kelurahan di Glumpang Baro
2026-07-01 14:40:40 [INFO]     KEC [110731] Titeue
2026-07-01 14:40:41 [INFO]       13 kelurahan di Titeue
2026-07-01 14:40:41 [INFO]   KAB [1108] Kabupaten Aceh Utara
2026-07-01 14:40:42 [INFO]     KEC [110801] Baktiya
2026-07-01 14:40:42 [INFO]       57 kelurahan di Baktiya
2026-07-01 14:40:42 [INFO]     KEC [110802] Dewantara
2026-07-01 14:40:43 [INFO]       15 kelurahan di Dewantara
2026-07-01 14:40:43 [INFO]     KEC [110803] Kuta Makmur
2026-07-01 14:40:43 [INFO]       39 kelurahan di Kuta Makmur
2026-07-01 14:40:43 [INFO]     KEC [110804] Lhoksukon
2026-07-01 14:40:44 [INFO]       75 kelurahan di Lhoksukon
2026-07-01 14:40:44 [INFO]     KEC [110805] Matangkuli
2026-07-01 14:40:44 [INFO]       49 kelurahan di Matangkuli
2026-07-01 14:40:45 [INFO]     KEC [110806] Muara Batu
2026-07-01 14:40:45 [INFO]       24 kelurahan di Muara Batu
2026-07-01 14:40:45 [INFO]     KEC [110807] Meurah Mulia
2026-07-01 14:40:46 [INFO]       50 kelurahan di Meurah Mulia
2026-07-01 14:40:46 [INFO]     KEC [110808] Samudera
2026-07-01 14:40:46 [INFO]       40 kelurahan di Samudera
2026-07-01 14:40:46 [INFO]     KEC [110809] Seunuddon
2026-07-01 14:40:47 [INFO]       33 kelurahan di Seunuddon
2026-07-01 14:40:47 [INFO]     KEC [110810] Syamtalira Aron
2026-07-01 14:40:47 [INFO]       34 kelurahan di Syamtalira Aron
2026-07-01 14:40:47 [INFO]     KEC [110811] Syamtalira Bayu
2026-07-01 14:40:48 [INFO]       38 kelurahan di Syamtalira Bayu
2026-07-01 14:40:48 [INFO]     KEC [110812] Tanah Luas
2026-07-01 14:40:48 [INFO]       57 kelurahan di Tanah Luas
2026-07-01 14:40:48 [INFO]     KEC [110813] Tanah Pasir
2026-07-01 14:40:49 [INFO]       18 kelurahan di Tanah Pasir
2026-07-01 14:40:49 [INFO]     KEC [110814] Tanah Jambo Aye
2026-07-01 14:40:50 [INFO]       47 kelurahan di Tanah Jambo Aye
2026-07-01 14:40:50 [INFO]     KEC [110815] Sawang
2026-07-01 14:40:50 [INFO]       39 kelurahan di Sawang
2026-07-01 14:40:50 [INFO]     KEC [110816] Nisam
2026-07-01 14:40:51 [INFO]       29 kelurahan di Nisam
2026-07-01 14:40:51 [INFO]     KEC [110817] Cot Girek
2026-07-01 14:40:51 [INFO]       24 kelurahan di Cot Girek
2026-07-01 14:40:51 [INFO]     KEC [110818] Langkahan
2026-07-01 14:40:52 [INFO]       23 kelurahan di Langkahan
2026-07-01 14:40:52 [INFO]     KEC [110819] Baktiya Barat
2026-07-01 14:40:52 [INFO]       26 kelurahan di Baktiya Barat
2026-07-01 14:40:52 [INFO]     KEC [110820] Paya Bakong
2026-07-01 14:40:53 [INFO]       39 kelurahan di Paya Bakong
2026-07-01 14:40:53 [INFO]     KEC [110821] Nibong
2026-07-01 14:40:54 [INFO]       20 kelurahan di Nibong
2026-07-01 14:40:54 [INFO]     KEC [110822] Simpang Keuramat
2026-07-01 14:40:54 [INFO]       16 kelurahan di Simpang Keuramat
2026-07-01 14:40:54 [INFO]     KEC [110823] Lapang
2026-07-01 14:40:55 [INFO]       11 kelurahan di Lapang
2026-07-01 14:40:55 [INFO]     KEC [110824] Pirak Timu
2026-07-01 14:40:55 [INFO]       23 kelurahan di Pirak Timu
2026-07-01 14:40:55 [INFO]     KEC [110825] Geureudong Pase
2026-07-01 14:40:56 [INFO]       11 kelurahan di Geureudong Pase
2026-07-01 14:40:56 [INFO]     KEC [110826] Banda Baro
2026-07-01 14:40:56 [INFO]       9 kelurahan di Banda Baro
2026-07-01 14:40:56 [INFO]     KEC [110827] Nisam Antara
2026-07-01 14:40:57 [INFO]       6 kelurahan di Nisam Antara
2026-07-01 14:40:57 [INFO]   KAB [1109] Kabupaten Simeulue
2026-07-01 14:40:58 [INFO]     KEC [110901] Simeulue Tengah
2026-07-01 14:40:58 [INFO]       16 kelurahan di Simeulue Tengah
2026-07-01 14:40:58 [INFO]     KEC [110902] Salang
2026-07-01 14:40:59 [INFO]       16 kelurahan di Salang
2026-07-01 14:40:59 [INFO]     KEC [110903] Teupah Barat
2026-07-01 14:40:59 [INFO]       18 kelurahan di Teupah Barat
2026-07-01 14:40:59 [INFO]     KEC [110904] Simeulue Timur
2026-07-01 14:41:00 [INFO]       17 kelurahan di Simeulue Timur
2026-07-01 14:41:00 [INFO]     KEC [110905] Teluk Dalam
2026-07-01 14:41:00 [INFO]       10 kelurahan di Teluk Dalam
2026-07-01 14:41:00 [INFO]     KEC [110906] Simeulue Barat
2026-07-01 14:41:01 [INFO]       14 kelurahan di Simeulue Barat
2026-07-01 14:41:01 [INFO]     KEC [110907] Teupah Selatan
2026-07-01 14:41:01 [INFO]       19 kelurahan di Teupah Selatan
2026-07-01 14:41:02 [INFO]     KEC [110908] Alafan
2026-07-01 14:41:02 [INFO]       8 kelurahan di Alafan
2026-07-01 14:41:02 [INFO]     KEC [110909] Teupah Tengah
2026-07-01 14:41:03 [INFO]       12 kelurahan di Teupah Tengah
2026-07-01 14:41:03 [INFO]     KEC [110910] Simeulue Cut
2026-07-01 14:41:03 [INFO]       8 kelurahan di Simeulue Cut
2026-07-01 14:41:03 [INFO]   KAB [1110] Kabupaten Aceh Singkil
2026-07-01 14:41:04 [INFO]     KEC [111001] Pulau Banyak
2026-07-01 14:41:04 [INFO]       3 kelurahan di Pulau Banyak
2026-07-01 14:41:04 [INFO]     KEC [111002] Simpang Kanan
2026-07-01 14:41:05 [INFO]       25 kelurahan di Simpang Kanan
2026-07-01 14:41:05 [INFO]     KEC [111004] Singkil
2026-07-01 14:41:05 [INFO]       16 kelurahan di Singkil
2026-07-01 14:41:05 [INFO]     KEC [111006] Gunung Meriah
2026-07-01 14:41:06 [INFO]       25 kelurahan di Gunung Meriah
2026-07-01 14:41:06 [INFO]     KEC [111009] Kota Baharu
2026-07-01 14:41:07 [INFO]       9 kelurahan di Kota Baharu
2026-07-01 14:41:07 [INFO]     KEC [111010] Singkil Utara
2026-07-01 14:41:07 [INFO]       7 kelurahan di Singkil Utara
2026-07-01 14:41:07 [INFO]     KEC [111011] Danau Paris
2026-07-01 14:41:08 [INFO]       6 kelurahan di Danau Paris
2026-07-01 14:41:08 [INFO]     KEC [111012] Suro Makmur
2026-07-01 14:41:08 [INFO]       11 kelurahan di Suro Makmur
2026-07-01 14:41:08 [INFO]     KEC [111013] Singkohor
2026-07-01 14:41:09 [INFO]       6 kelurahan di Singkohor
2026-07-01 14:41:09 [INFO]     KEC [111014] Kuala Baru
2026-07-01 14:41:09 [INFO]       4 kelurahan di Kuala Baru
2026-07-01 14:41:09 [INFO]     KEC [111016] Pulau Banyak Barat
2026-07-01 14:41:10 [INFO]       4 kelurahan di Pulau Banyak Barat
2026-07-01 14:41:10 [INFO]   KAB [1111] Kabupaten Bireuen
2026-07-01 14:41:10 [INFO]     KEC [111101] Samalanga
2026-07-01 14:41:11 [INFO]       46 kelurahan di Samalanga
2026-07-01 14:41:11 [INFO]     KEC [111102] Jeunieb
2026-07-01 14:41:12 [INFO]       43 kelurahan di Jeunieb
2026-07-01 14:41:12 [INFO]     KEC [111103] Peudada
2026-07-01 14:41:12 [INFO]       52 kelurahan di Peudada
2026-07-01 14:41:12 [INFO]     KEC [111104] Jeumpa
2026-07-01 14:41:13 [INFO]       42 kelurahan di Jeumpa
2026-07-01 14:41:13 [INFO]     KEC [111105] Peusangan
2026-07-01 14:41:13 [INFO]       69 kelurahan di Peusangan
2026-07-01 14:41:13 [INFO]     KEC [111106] Makmur
2026-07-01 14:41:14 [INFO]       27 kelurahan di Makmur
2026-07-01 14:41:14 [INFO]     KEC [111107] Gandapura
2026-07-01 14:41:14 [INFO]       40 kelurahan di Gandapura
2026-07-01 14:41:14 [INFO]     KEC [111108] Pandrah
2026-07-01 14:41:15 [INFO]       19 kelurahan di Pandrah
2026-07-01 14:41:15 [INFO]     KEC [111109] Juli
2026-07-01 14:41:16 [INFO]       36 kelurahan di Juli
2026-07-01 14:41:16 [INFO]     KEC [111110] Jangka
2026-07-01 14:41:16 [INFO]       46 kelurahan di Jangka
2026-07-01 14:41:16 [INFO]     KEC [111111] Simpang Mamplam
2026-07-01 14:41:17 [INFO]       41 kelurahan di Simpang Mamplam
2026-07-01 14:41:17 [INFO]     KEC [111112] Peulimbang
2026-07-01 14:41:18 [INFO]       22 kelurahan di Peulimbang
2026-07-01 14:41:18 [INFO]     KEC [111113] Kota Juang
2026-07-01 14:41:18 [INFO]       23 kelurahan di Kota Juang
2026-07-01 14:41:18 [INFO]     KEC [111114] Kuala
2026-07-01 14:41:19 [INFO]       20 kelurahan di Kuala
2026-07-01 14:41:19 [INFO]     KEC [111115] Peusangan Siblah Krueng
2026-07-01 14:41:20 [INFO]       21 kelurahan di Peusangan Siblah Krueng
2026-07-01 14:41:20 [INFO]     KEC [111116] Peusangan Selatan
2026-07-01 14:41:20 [INFO]       21 kelurahan di Peusangan Selatan
2026-07-01 14:41:20 [INFO]     KEC [111117] Kuta Blang
2026-07-01 14:41:21 [INFO]       41 kelurahan di Kuta Blang
2026-07-01 14:41:21 [INFO]   KAB [1112] Kabupaten Aceh Barat Daya
2026-07-01 14:41:21 [INFO]     KEC [111201] Blangpidie
2026-07-01 14:41:22 [INFO]       20 kelurahan di Blangpidie
2026-07-01 14:41:22 [INFO]     KEC [111202] Tangan-Tangan
2026-07-01 14:41:22 [INFO]       15 kelurahan di Tangan-Tangan
2026-07-01 14:41:22 [INFO]     KEC [111203] Manggeng
2026-07-01 14:41:23 [INFO]       18 kelurahan di Manggeng
2026-07-01 14:41:23 [INFO]     KEC [111204] Susoh
2026-07-01 14:41:23 [INFO]       29 kelurahan di Susoh
2026-07-01 14:41:23 [INFO]     KEC [111205] Kuala Batee
2026-07-01 14:41:24 [INFO]       21 kelurahan di Kuala Batee
2026-07-01 14:41:24 [INFO]     KEC [111206] Babah Rot
2026-07-01 14:41:25 [INFO]       14 kelurahan di Babah Rot
2026-07-01 14:41:25 [INFO]     KEC [111207] Setia
2026-07-01 14:41:25 [INFO]       9 kelurahan di Setia
2026-07-01 14:41:25 [INFO]     KEC [111208] Jeumpa
2026-07-01 14:41:26 [INFO]       12 kelurahan di Jeumpa
2026-07-01 14:41:26 [INFO]     KEC [111209] Lembah Sabil
2026-07-01 14:41:26 [INFO]       14 kelurahan di Lembah Sabil
2026-07-01 14:41:26 [INFO]   KAB [1113] Kabupaten Gayo Lues
2026-07-01 14:41:27 [INFO]     KEC [111301] Blangkejeren
2026-07-01 14:41:28 [INFO]       20 kelurahan di Blangkejeren
2026-07-01 14:41:28 [INFO]     KEC [111302] Kutapanjang
2026-07-01 14:41:28 [INFO]       12 kelurahan di Kutapanjang
2026-07-01 14:41:28 [INFO]     KEC [111303] Rikit Gaib
2026-07-01 14:41:29 [INFO]       13 kelurahan di Rikit Gaib
2026-07-01 14:41:29 [INFO]     KEC [111304] Terangun
2026-07-01 14:41:29 [INFO]       23 kelurahan di Terangun
2026-07-01 14:41:29 [INFO]     KEC [111305] Pining
2026-07-01 14:41:30 [INFO]       9 kelurahan di Pining
2026-07-01 14:41:30 [INFO]     KEC [111306] Blangpegayon
2026-07-01 14:41:30 [INFO]       12 kelurahan di Blangpegayon
2026-07-01 14:41:30 [INFO]     KEC [111307] Puteri Betung
2026-07-01 14:41:31 [INFO]       9 kelurahan di Puteri Betung
2026-07-01 14:41:31 [INFO]     KEC [111308] Dabun Gelang
2026-07-01 14:41:31 [INFO]       9 kelurahan di Dabun Gelang
2026-07-01 14:41:31 [INFO]     KEC [111309] Blangjerango
2026-07-01 14:41:32 [INFO]       10 kelurahan di Blangjerango
2026-07-01 14:41:32 [INFO]     KEC [111310] Teripe Jaya
2026-07-01 14:41:33 [INFO]       10 kelurahan di Teripe Jaya
2026-07-01 14:41:33 [INFO]     KEC [111311] Pantan Cuaca
2026-07-01 14:41:33 [INFO]       9 kelurahan di Pantan Cuaca
2026-07-01 14:41:33 [INFO]   KAB [1114] Kabupaten Aceh Jaya
2026-07-01 14:41:34 [INFO]     KEC [111401] Teunom
2026-07-01 14:41:34 [INFO]       22 kelurahan di Teunom
2026-07-01 14:41:34 [INFO]     KEC [111402] Krueng Sabee
2026-07-01 14:41:35 [INFO]       17 kelurahan di Krueng Sabee
2026-07-01 14:41:35 [INFO]     KEC [111403] Setia Bakti
2026-07-01 14:41:36 [INFO]       13 kelurahan di Setia Bakti
2026-07-01 14:41:36 [INFO]     KEC [111404] Sampoi Niet
2026-07-01 14:41:36 [INFO]       19 kelurahan di Sampoi Niet
2026-07-01 14:41:36 [INFO]     KEC [111405] Jaya
2026-07-01 14:41:37 [INFO]       34 kelurahan di Jaya
2026-07-01 14:41:37 [INFO]     KEC [111406] Panga
2026-07-01 14:41:38 [INFO]       20 kelurahan di Panga
2026-07-01 14:41:38 [INFO]     KEC [111407] Indra Jaya
2026-07-01 14:41:38 [INFO]       14 kelurahan di Indra Jaya
2026-07-01 14:41:38 [INFO]     KEC [111408] Darul Hikmah
2026-07-01 14:41:39 [INFO]       19 kelurahan di Darul Hikmah
2026-07-01 14:41:39 [INFO]     KEC [111409] Pasie Raya
2026-07-01 14:41:39 [INFO]       14 kelurahan di Pasie Raya
2026-07-01 14:41:39 [INFO]   KAB [1115] Kabupaten Nagan Raya
2026-07-01 14:41:40 [INFO]     KEC [111501] Kuala
2026-07-01 14:41:40 [INFO]       17 kelurahan di Kuala
2026-07-01 14:41:40 [INFO]     KEC [111502] Seunagan
2026-07-01 14:41:41 [INFO]       35 kelurahan di Seunagan
2026-07-01 14:41:41 [INFO]     KEC [111503] Seunagan Timur
2026-07-01 14:41:42 [INFO]       34 kelurahan di Seunagan Timur
2026-07-01 14:41:42 [INFO]     KEC [111504] Beutong
2026-07-01 14:41:42 [INFO]       24 kelurahan di Beutong
2026-07-01 14:41:42 [INFO]     KEC [111505] Darul Makmur
2026-07-01 14:41:43 [INFO]       40 kelurahan di Darul Makmur
2026-07-01 14:41:43 [INFO]     KEC [111506] Suka Makmue
2026-07-01 14:41:43 [INFO]       19 kelurahan di Suka Makmue
2026-07-01 14:41:43 [INFO]     KEC [111507] Kuala Pesisir
2026-07-01 14:41:44 [INFO]       16 kelurahan di Kuala Pesisir
2026-07-01 14:41:44 [INFO]     KEC [111508] Tadu Raya
2026-07-01 14:41:44 [INFO]       22 kelurahan di Tadu Raya
2026-07-01 14:41:44 [INFO]     KEC [111509] Tripa Makmur
2026-07-01 14:41:45 [INFO]       11 kelurahan di Tripa Makmur
2026-07-01 14:41:45 [INFO]     KEC [111510] Beutong Ateuh Banggalang
2026-07-01 14:41:45 [INFO]       4 kelurahan di Beutong Ateuh Banggalang
2026-07-01 14:41:45 [INFO]   KAB [1116] Kabupaten Aceh Tamiang
2026-07-01 14:41:46 [INFO]     KEC [111601] Manyak Payed
2026-07-01 14:41:47 [INFO]       36 kelurahan di Manyak Payed
2026-07-01 14:41:47 [INFO]     KEC [111602] Bendahara
2026-07-01 14:41:47 [INFO]       33 kelurahan di Bendahara
2026-07-01 14:41:47 [INFO]     KEC [111603] Karang Baru
2026-07-01 14:41:48 [INFO]       31 kelurahan di Karang Baru
2026-07-01 14:41:48 [INFO]     KEC [111604] Seruway
2026-07-01 14:41:48 [INFO]       24 kelurahan di Seruway
2026-07-01 14:41:48 [INFO]     KEC [111605] Kota Kualasinpang
2026-07-01 14:41:49 [INFO]       5 kelurahan di Kota Kualasinpang
2026-07-01 14:41:49 [INFO]     KEC [111606] Kejuruan Muda
2026-07-01 14:41:49 [INFO]       16 kelurahan di Kejuruan Muda
2026-07-01 14:41:49 [INFO]     KEC [111607] Tamiang Hulu
2026-07-01 14:41:50 [INFO]       9 kelurahan di Tamiang Hulu
2026-07-01 14:41:50 [INFO]     KEC [111608] Rantau
2026-07-01 14:41:50 [INFO]       17 kelurahan di Rantau
2026-07-01 14:41:50 [INFO]     KEC [111609] Banda Mulia
2026-07-01 14:41:51 [INFO]       10 kelurahan di Banda Mulia
2026-07-01 14:41:51 [INFO]     KEC [111610] Bandar Pusaka
2026-07-01 14:41:52 [INFO]       15 kelurahan di Bandar Pusaka
2026-07-01 14:41:52 [INFO]     KEC [111611] Tenggulun
2026-07-01 14:41:52 [INFO]       6 kelurahan di Tenggulun
2026-07-01 14:41:52 [INFO]     KEC [111612] Sekerak
2026-07-01 14:41:53 [INFO]       14 kelurahan di Sekerak
2026-07-01 14:41:53 [INFO]   KAB [1117] Kabupaten Bener Meriah
2026-07-01 14:41:53 [INFO]     KEC [111701] Pintu Rime Gayo
2026-07-01 14:41:54 [INFO]       23 kelurahan di Pintu Rime Gayo
2026-07-01 14:41:54 [INFO]     KEC [111702] Permata
2026-07-01 14:41:54 [INFO]       27 kelurahan di Permata
2026-07-01 14:41:54 [INFO]     KEC [111703] Syiah Utama
2026-07-01 14:41:55 [INFO]       14 kelurahan di Syiah Utama
2026-07-01 14:41:55 [INFO]     KEC [111704] Bandar
2026-07-01 14:41:55 [INFO]       35 kelurahan di Bandar
2026-07-01 14:41:55 [INFO]     KEC [111705] Bukit
2026-07-01 14:41:56 [INFO]       40 kelurahan di Bukit
2026-07-01 14:41:56 [INFO]     KEC [111706] Wih Pesam
2026-07-01 14:41:57 [INFO]       26 kelurahan di Wih Pesam
2026-07-01 14:41:57 [INFO]     KEC [111707] Timang gajah
2026-07-01 14:41:57 [INFO]       30 kelurahan di Timang gajah
2026-07-01 14:41:57 [INFO]     KEC [111708] Bener Kelipah
2026-07-01 14:41:58 [INFO]       12 kelurahan di Bener Kelipah
2026-07-01 14:41:58 [INFO]     KEC [111709] Mesidah
2026-07-01 14:41:58 [INFO]       15 kelurahan di Mesidah
2026-07-01 14:41:58 [INFO]     KEC [111710] Gajah Putih
2026-07-01 14:41:59 [INFO]       10 kelurahan di Gajah Putih
2026-07-01 14:41:59 [INFO]   KAB [1118] Kabupaten Pidie Jaya
2026-07-01 14:41:59 [INFO]     KEC [111801] Meureudu
2026-07-01 14:42:00 [INFO]       30 kelurahan di Meureudu
2026-07-01 14:42:00 [INFO]     KEC [111802] Ulim
2026-07-01 14:42:00 [INFO]       30 kelurahan di Ulim
2026-07-01 14:42:00 [INFO]     KEC [111803] Jangka Buya
2026-07-01 14:42:01 [INFO]       18 kelurahan di Jangka Buya
2026-07-01 14:42:01 [INFO]     KEC [111804] Bandar Dua
2026-07-01 14:42:02 [INFO]       45 kelurahan di Bandar Dua
2026-07-01 14:42:02 [INFO]     KEC [111805] Meurah Dua
2026-07-01 14:42:02 [INFO]       19 kelurahan di Meurah Dua
2026-07-01 14:42:02 [INFO]     KEC [111806] Bandar Baru
2026-07-01 14:42:03 [INFO]       43 kelurahan di Bandar Baru
2026-07-01 14:42:03 [INFO]     KEC [111807] Panteraja
2026-07-01 14:42:03 [INFO]       10 kelurahan di Panteraja
2026-07-01 14:42:03 [INFO]     KEC [111808] Trienggadeng
2026-07-01 14:42:04 [INFO]       27 kelurahan di Trienggadeng
2026-07-01 14:42:04 [INFO]   KAB [1171] Kota Banda Aceh
2026-07-01 14:42:04 [INFO]     KEC [117101] Baiturrahman
2026-07-01 14:42:05 [INFO]       10 kelurahan di Baiturrahman
2026-07-01 14:42:05 [INFO]     KEC [117102] Kuta Alam
2026-07-01 14:42:06 [INFO]       11 kelurahan di Kuta Alam
2026-07-01 14:42:06 [INFO]     KEC [117103] Meuraxa
2026-07-01 14:42:06 [INFO]       16 kelurahan di Meuraxa
2026-07-01 14:42:06 [INFO]     KEC [117104] Syiah Kuala
2026-07-01 14:42:07 [INFO]       10 kelurahan di Syiah Kuala
2026-07-01 14:42:07 [INFO]     KEC [117105] Lueng Bata
2026-07-01 14:42:07 [INFO]       9 kelurahan di Lueng Bata
2026-07-01 14:42:07 [INFO]     KEC [117106] Kuta Raja
2026-07-01 14:42:08 [INFO]       6 kelurahan di Kuta Raja
2026-07-01 14:42:08 [INFO]     KEC [117107] Banda Raya
2026-07-01 14:42:08 [INFO]       10 kelurahan di Banda Raya
2026-07-01 14:42:08 [INFO]     KEC [117108] Jaya Baru
2026-07-01 14:42:09 [INFO]       9 kelurahan di Jaya Baru
2026-07-01 14:42:09 [INFO]     KEC [117109] Ulee Kareng
2026-07-01 14:42:10 [INFO]       9 kelurahan di Ulee Kareng
2026-07-01 14:42:10 [INFO]   KAB [1172] Kota Sabang
2026-07-01 14:42:10 [INFO]     KEC [117201] Sukakarya
2026-07-01 14:42:11 [INFO]       5 kelurahan di Sukakarya
2026-07-01 14:42:11 [INFO]     KEC [117202] Sukajaya
2026-07-01 14:42:11 [INFO]       7 kelurahan di Sukajaya
2026-07-01 14:42:11 [INFO]     KEC [117203] Sukamakmue
2026-07-01 14:42:12 [INFO]       6 kelurahan di Sukamakmue
2026-07-01 14:42:12 [INFO]   KAB [1173] Kota Lhokseumawe
2026-07-01 14:42:12 [INFO]     KEC [117301] Muara Dua
2026-07-01 14:42:13 [INFO]       17 kelurahan di Muara Dua
2026-07-01 14:42:13 [INFO]     KEC [117302] Banda Sakti
2026-07-01 14:42:14 [INFO]       18 kelurahan di Banda Sakti
2026-07-01 14:42:14 [INFO]     KEC [117303] Blang Mangat
2026-07-01 14:42:14 [INFO]       22 kelurahan di Blang Mangat
2026-07-01 14:42:14 [INFO]     KEC [117304] Muara Satu
2026-07-01 14:42:15 [INFO]       11 kelurahan di Muara Satu
2026-07-01 14:42:15 [INFO]   KAB [1174] Kota Langsa
2026-07-01 14:42:15 [INFO]     KEC [117401] Langsa Timur
2026-07-01 14:42:16 [INFO]       16 kelurahan di Langsa Timur
2026-07-01 14:42:16 [INFO]     KEC [117402] Langsa Barat
2026-07-01 14:42:16 [INFO]       13 kelurahan di Langsa Barat
2026-07-01 14:42:16 [INFO]     KEC [117403] Langsa Kota
2026-07-01 14:42:17 [INFO]       10 kelurahan di Langsa Kota
2026-07-01 14:42:17 [INFO]     KEC [117404] Langsa Lama
2026-07-01 14:42:17 [INFO]       15 kelurahan di Langsa Lama
2026-07-01 14:42:17 [INFO]     KEC [117405] Langsa Baro
2026-07-01 14:42:18 [INFO]       12 kelurahan di Langsa Baro
2026-07-01 14:42:18 [INFO]   KAB [1175] Kota Subulussalam
2026-07-01 14:42:18 [INFO]     KEC [117501] Simpang Kiri
2026-07-01 14:42:19 [INFO]       17 kelurahan di Simpang Kiri
2026-07-01 14:42:19 [INFO]     KEC [117502] Penanggalan
2026-07-01 14:42:20 [INFO]       13 kelurahan di Penanggalan
2026-07-01 14:42:20 [INFO]     KEC [117503] Rundeng
2026-07-01 14:42:20 [INFO]       23 kelurahan di Rundeng
2026-07-01 14:42:20 [INFO]     KEC [117504] Sultan Daulat
2026-07-01 14:42:21 [INFO]       19 kelurahan di Sultan Daulat
2026-07-01 14:42:21 [INFO]     KEC [117505] Longkib
2026-07-01 14:42:21 [INFO]       10 kelurahan di Longkib
2026-07-01 14:42:21 [INFO] PROVINSI SELESAI [11] Aceh
2026-07-01 14:42:21 [INFO] PROVINSI [12] Sumatera Utara
2026-07-01 14:42:22 [INFO]   KAB [1201] Kabupaten Tapanuli Tengah
2026-07-01 14:42:22 [INFO]     KEC [120101] Barus
2026-07-01 14:42:23 [INFO]       13 kelurahan di Barus
2026-07-01 14:42:23 [INFO]     KEC [120102] Sorkam
2026-07-01 14:42:23 [INFO]       21 kelurahan di Sorkam
2026-07-01 14:42:23 [INFO]     KEC [120103] Pandan
2026-07-01 14:42:24 [INFO]       22 kelurahan di Pandan
2026-07-01 14:42:24 [INFO]     KEC [120104] Pinangsori
2026-07-01 14:42:24 [INFO]       10 kelurahan di Pinangsori
2026-07-01 14:42:24 [INFO]     KEC [120105] Manduamas
2026-07-01 14:42:25 [INFO]       20 kelurahan di Manduamas
2026-07-01 14:42:25 [INFO]     KEC [120106] Kolang
2026-07-01 14:42:26 [INFO]       14 kelurahan di Kolang
2026-07-01 14:42:26 [INFO]     KEC [120107] Tapian Nauli
2026-07-01 14:42:26 [INFO]       9 kelurahan di Tapian Nauli
2026-07-01 14:42:26 [INFO]     KEC [120108] Sibabangun
2026-07-01 14:42:27 [INFO]       7 kelurahan di Sibabangun
2026-07-01 14:42:27 [INFO]     KEC [120109] Sosorgadong
2026-07-01 14:42:27 [INFO]       9 kelurahan di Sosorgadong
2026-07-01 14:42:27 [INFO]     KEC [120110] Sorkam Barat
2026-07-01 14:42:28 [INFO]       12 kelurahan di Sorkam Barat
2026-07-01 14:42:28 [INFO]     KEC [120111] Sirandorung
2026-07-01 14:42:29 [INFO]       8 kelurahan di Sirandorung
2026-07-01 14:42:29 [INFO]     KEC [120112] Andam Dewi
2026-07-01 14:42:29 [INFO]       14 kelurahan di Andam Dewi
2026-07-01 14:42:29 [INFO]     KEC [120113] Sitahuis
2026-07-01 14:42:30 [INFO]       6 kelurahan di Sitahuis
2026-07-01 14:42:30 [INFO]     KEC [120114] Tukka
2026-07-01 14:42:30 [INFO]       9 kelurahan di Tukka
2026-07-01 14:42:30 [INFO]     KEC [120115] Badiri
2026-07-01 14:42:31 [INFO]       9 kelurahan di Badiri
2026-07-01 14:42:31 [INFO]     KEC [120116] Pasaribu Tobing
2026-07-01 14:42:31 [INFO]       9 kelurahan di Pasaribu Tobing
2026-07-01 14:42:32 [INFO]     KEC [120117] Barus Utara
2026-07-01 14:42:32 [INFO]       6 kelurahan di Barus Utara
2026-07-01 14:42:32 [INFO]     KEC [120118] Suka Bangun
2026-07-01 14:42:33 [INFO]       6 kelurahan di Suka Bangun
2026-07-01 14:42:33 [INFO]     KEC [120119] Lumut
2026-07-01 14:42:33 [INFO]       6 kelurahan di Lumut
2026-07-01 14:42:33 [INFO]     KEC [120120] Sarudik
2026-07-01 14:42:34 [INFO]       5 kelurahan di Sarudik
2026-07-01 14:42:34 [INFO]   KAB [1202] Kabupaten Tapanuli Utara
2026-07-01 14:42:34 [INFO]     KEC [120201] Tarutung
2026-07-01 14:42:35 [INFO]       31 kelurahan di Tarutung
2026-07-01 14:42:35 [INFO]     KEC [120202] Siatas Barita
2026-07-01 14:42:36 [INFO]       12 kelurahan di Siatas Barita
2026-07-01 14:42:36 [INFO]     KEC [120203] Adiankoting
2026-07-01 14:42:36 [INFO]       16 kelurahan di Adiankoting
2026-07-01 14:42:36 [INFO]     KEC [120204] Sipoholon
2026-07-01 14:42:37 [INFO]       14 kelurahan di Sipoholon
2026-07-01 14:42:37 [INFO]     KEC [120205] Pahae Julu
2026-07-01 14:42:37 [INFO]       19 kelurahan di Pahae Julu
2026-07-01 14:42:37 [INFO]     KEC [120206] Pahae Jae
2026-07-01 14:42:38 [INFO]       13 kelurahan di Pahae Jae
2026-07-01 14:42:38 [INFO]     KEC [120207] Simangumban
2026-07-01 14:42:38 [INFO]       8 kelurahan di Simangumban
2026-07-01 14:42:38 [INFO]     KEC [120208] Purbatua
2026-07-01 14:42:39 [INFO]       11 kelurahan di Purbatua
2026-07-01 14:42:39 [INFO]     KEC [120209] Siborongborong
2026-07-01 14:42:40 [INFO]       21 kelurahan di Siborongborong
2026-07-01 14:42:40 [INFO]     KEC [120210] Pagaran
2026-07-01 14:42:40 [INFO]       14 kelurahan di Pagaran
2026-07-01 14:42:40 [INFO]     KEC [120211] Parmonangan
2026-07-01 14:42:41 [INFO]       14 kelurahan di Parmonangan
2026-07-01 14:42:41 [INFO]     KEC [120212] Sipahutar
2026-07-01 14:42:42 [INFO]       25 kelurahan di Sipahutar
2026-07-01 14:42:42 [INFO]     KEC [120213] Pangaribuan
2026-07-01 14:42:42 [INFO]       26 kelurahan di Pangaribuan
2026-07-01 14:42:42 [INFO]     KEC [120214] Garoga
2026-07-01 14:42:43 [INFO]       13 kelurahan di Garoga
2026-07-01 14:42:43 [INFO]     KEC [120215] Muara
2026-07-01 14:42:43 [INFO]       15 kelurahan di Muara
2026-07-01 14:42:43 [INFO]   KAB [1203] Kabupaten Tapanuli Selatan
2026-07-01 14:42:44 [INFO]     KEC [120301] Angkola Barat
2026-07-01 14:42:44 [INFO]       14 kelurahan di Angkola Barat
2026-07-01 14:42:44 [INFO]     KEC [120302] Batang Toru
2026-07-01 14:42:45 [INFO]       23 kelurahan di Batang Toru
2026-07-01 14:42:45 [INFO]     KEC [120303] Angkola Timur
2026-07-01 14:42:45 [INFO]       15 kelurahan di Angkola Timur
2026-07-01 14:42:45 [INFO]     KEC [120304] Sipirok
2026-07-01 14:42:46 [INFO]       40 kelurahan di Sipirok
2026-07-01 14:42:46 [INFO]     KEC [120305] Saipar Dolok Hole
2026-07-01 14:42:47 [INFO]       14 kelurahan di Saipar Dolok Hole
2026-07-01 14:42:47 [INFO]     KEC [120306] Angkola Selatan
2026-07-01 14:42:47 [INFO]       17 kelurahan di Angkola Selatan
2026-07-01 14:42:47 [INFO]     KEC [120307] Batang Angkola
2026-07-01 14:42:48 [INFO]       21 kelurahan di Batang Angkola
2026-07-01 14:42:48 [INFO]     KEC [120314] Arse
2026-07-01 14:42:48 [INFO]       10 kelurahan di Arse
2026-07-01 14:42:48 [INFO]     KEC [120320] Marancar
2026-07-01 14:42:49 [INFO]       12 kelurahan di Marancar
2026-07-01 14:42:49 [INFO]     KEC [120321] Sayur Matinggi
2026-07-01 14:42:49 [INFO]       19 kelurahan di Sayur Matinggi
2026-07-01 14:42:49 [INFO]     KEC [120322] Aek Bilah
2026-07-01 14:42:50 [INFO]       12 kelurahan di Aek Bilah
2026-07-01 14:42:50 [INFO]     KEC [120329] Muara Batang Toru
2026-07-01 14:42:51 [INFO]       9 kelurahan di Muara Batang Toru
2026-07-01 14:42:51 [INFO]     KEC [120330] Tano Tombangan Angkola
2026-07-01 14:42:51 [INFO]       17 kelurahan di Tano Tombangan Angkola
2026-07-01 14:42:51 [INFO]     KEC [120331] Angkola Sangkunur
2026-07-01 14:42:52 [INFO]       10 kelurahan di Angkola Sangkunur
2026-07-01 14:42:52 [INFO]     KEC [120332] Angkola Muara Tais
2026-07-01 14:42:52 [INFO]       15 kelurahan di Angkola Muara Tais
2026-07-01 14:42:52 [INFO]   KAB [1204] Kabupaten Nias
2026-07-01 14:42:53 [INFO]     KEC [120405] Hiliduho
2026-07-01 14:42:53 [INFO]       16 kelurahan di Hiliduho
2026-07-01 14:42:53 [INFO]     KEC [120406] Gido
2026-07-01 14:42:54 [INFO]       21 kelurahan di Gido
2026-07-01 14:42:54 [INFO]     KEC [120410] Idanogawo
2026-07-01 14:42:55 [INFO]       28 kelurahan di Idanogawo
2026-07-01 14:42:55 [INFO]     KEC [120411] Bawolato
2026-07-01 14:42:55 [INFO]       25 kelurahan di Bawolato
2026-07-01 14:42:55 [INFO]     KEC [120420] Hiliserangkai
2026-07-01 14:42:56 [INFO]       15 kelurahan di Hiliserangkai
2026-07-01 14:42:56 [INFO]     KEC [120421] Botomuzoi
2026-07-01 14:42:56 [INFO]       18 kelurahan di Botomuzoi
2026-07-01 14:42:56 [INFO]     KEC [120427] Ulugawo
2026-07-01 14:42:57 [INFO]       14 kelurahan di Ulugawo
2026-07-01 14:42:57 [INFO]     KEC [120428] Ma'u
2026-07-01 14:42:58 [INFO]       11 kelurahan di Ma'u
2026-07-01 14:42:58 [INFO]     KEC [120429] Somolo-molo
2026-07-01 14:42:58 [INFO]       11 kelurahan di Somolo-molo
2026-07-01 14:42:58 [INFO]     KEC [120435] Sogae'adu
2026-07-01 14:42:59 [INFO]       11 kelurahan di Sogae'adu
2026-07-01 14:42:59 [INFO]   KAB [1205] Kabupaten Langkat
2026-07-01 14:42:59 [INFO]     KEC [120501] Bahorok
2026-07-01 14:43:00 [INFO]       19 kelurahan di Bahorok
2026-07-01 14:43:00 [INFO]     KEC [120502] Salapian
2026-07-01 14:43:00 [INFO]       17 kelurahan di Salapian
2026-07-01 14:43:00 [INFO]     KEC [120503] Kuala
2026-07-01 14:43:01 [INFO]       16 kelurahan di Kuala
2026-07-01 14:43:01 [INFO]     KEC [120504] Sei Bingai
2026-07-01 14:43:02 [INFO]       16 kelurahan di Sei Bingai
2026-07-01 14:43:02 [INFO]     KEC [120505] Binjai
2026-07-01 14:43:02 [INFO]       7 kelurahan di Binjai
2026-07-01 14:43:02 [INFO]     KEC [120506] Selesai
2026-07-01 14:43:03 [INFO]       14 kelurahan di Selesai
2026-07-01 14:43:03 [INFO]     KEC [120507] Stabat
2026-07-01 14:43:03 [INFO]       12 kelurahan di Stabat
2026-07-01 14:43:03 [INFO]     KEC [120508] Wampu
2026-07-01 14:43:04 [INFO]       14 kelurahan di Wampu
2026-07-01 14:43:04 [INFO]     KEC [120509] Secanggang
2026-07-01 14:43:04 [INFO]       17 kelurahan di Secanggang
2026-07-01 14:43:04 [INFO]     KEC [120510] Hinai
2026-07-01 14:43:05 [INFO]       13 kelurahan di Hinai
2026-07-01 14:43:05 [INFO]     KEC [120511] Tanjung Pura
2026-07-01 14:43:05 [INFO]       19 kelurahan di Tanjung Pura
2026-07-01 14:43:05 [INFO]     KEC [120512] Padang Tualang
2026-07-01 14:43:06 [INFO]       12 kelurahan di Padang Tualang
2026-07-01 14:43:06 [INFO]     KEC [120513] Gebang
2026-07-01 14:43:07 [INFO]       11 kelurahan di Gebang
2026-07-01 14:43:07 [INFO]     KEC [120514] Babalan
2026-07-01 14:43:07 [INFO]       8 kelurahan di Babalan
2026-07-01 14:43:07 [INFO]     KEC [120515] Pangkalan Susu
2026-07-01 14:43:08 [INFO]       11 kelurahan di Pangkalan Susu
2026-07-01 14:43:08 [INFO]     KEC [120516] Besitang
2026-07-01 14:43:08 [INFO]       9 kelurahan di Besitang
2026-07-01 14:43:08 [INFO]     KEC [120517] Sei Lepan
2026-07-01 14:43:09 [INFO]       14 kelurahan di Sei Lepan
2026-07-01 14:43:09 [INFO]     KEC [120518] Berandan Barat
2026-07-01 14:43:09 [INFO]       7 kelurahan di Berandan Barat
2026-07-01 14:43:09 [INFO]     KEC [120519] Batang Serangan
2026-07-01 14:43:10 [INFO]       8 kelurahan di Batang Serangan
2026-07-01 14:43:10 [INFO]     KEC [120520] Sawit Seberang
2026-07-01 14:43:10 [INFO]       7 kelurahan di Sawit Seberang
2026-07-01 14:43:10 [INFO]     KEC [120521] Sirapit
2026-07-01 14:43:11 [INFO]       10 kelurahan di Sirapit
2026-07-01 14:43:11 [INFO]     KEC [120522] Kutambaru
2026-07-01 14:43:12 [INFO]       8 kelurahan di Kutambaru
2026-07-01 14:43:12 [INFO]     KEC [120523] Pematang Jaya
2026-07-01 14:43:12 [INFO]       8 kelurahan di Pematang Jaya
2026-07-01 14:43:12 [INFO]   KAB [1206] Kabupaten Karo
2026-07-01 14:43:13 [INFO]     KEC [120601] Kabanjahe
2026-07-01 14:43:13 [INFO]       13 kelurahan di Kabanjahe
2026-07-01 14:43:13 [INFO]     KEC [120602] Berastagi
2026-07-01 14:43:14 [INFO]       10 kelurahan di Berastagi
2026-07-01 14:43:14 [INFO]     KEC [120603] Barusjahe
2026-07-01 14:43:15 [INFO]       19 kelurahan di Barusjahe
2026-07-01 14:43:15 [INFO]     KEC [120604] Tigapanah
2026-07-01 14:43:15 [INFO]       29 kelurahan di Tigapanah
2026-07-01 14:43:15 [INFO]     KEC [120605] Merek
2026-07-01 14:43:16 [INFO]       19 kelurahan di Merek
2026-07-01 14:43:16 [INFO]     KEC [120606] Munte
2026-07-01 14:43:16 [INFO]       22 kelurahan di Munte
2026-07-01 14:43:16 [INFO]     KEC [120607] Juhar
2026-07-01 14:43:17 [INFO]       25 kelurahan di Juhar
2026-07-01 14:43:17 [INFO]     KEC [120608] Tigabinanga
2026-07-01 14:43:17 [INFO]       20 kelurahan di Tigabinanga
2026-07-01 14:43:17 [INFO]     KEC [120609] Laubaleng
2026-07-01 14:43:18 [INFO]       15 kelurahan di Laubaleng
2026-07-01 14:43:18 [INFO]     KEC [120610] Mardingding
2026-07-01 14:43:19 [INFO]       12 kelurahan di Mardingding
2026-07-01 14:43:19 [INFO]     KEC [120611] Payung
2026-07-01 14:43:19 [INFO]       7 kelurahan di Payung
2026-07-01 14:43:19 [INFO]     KEC [120612] Simpang Empat
2026-07-01 14:43:20 [INFO]       17 kelurahan di Simpang Empat
2026-07-01 14:43:20 [INFO]     KEC [120613] Kutabuluh
2026-07-01 14:43:20 [INFO]       16 kelurahan di Kutabuluh
2026-07-01 14:43:20 [INFO]     KEC [120614] Dolat Rayat
2026-07-01 14:43:21 [INFO]       7 kelurahan di Dolat Rayat
2026-07-01 14:43:21 [INFO]     KEC [120615] Merdeka
2026-07-01 14:43:21 [INFO]       9 kelurahan di Merdeka
2026-07-01 14:43:21 [INFO]     KEC [120616] Naman Teran
2026-07-01 14:43:22 [INFO]       12 kelurahan di Naman Teran
2026-07-01 14:43:22 [INFO]     KEC [120617] Tiganderket
2026-07-01 14:43:22 [INFO]       17 kelurahan di Tiganderket
2026-07-01 14:43:22 [INFO]   KAB [1207] Kabupaten Deli Serdang
2026-07-01 14:43:23 [INFO]     KEC [120701] Gunung Meriah
2026-07-01 14:43:24 [INFO]       12 kelurahan di Gunung Meriah
2026-07-01 14:43:24 [INFO]     KEC [120702] Tanjung Morawa
2026-07-01 14:43:24 [INFO]       26 kelurahan di Tanjung Morawa
2026-07-01 14:43:24 [INFO]     KEC [120703] Sibolangit
2026-07-01 14:43:25 [INFO]       30 kelurahan di Sibolangit
2026-07-01 14:43:25 [INFO]     KEC [120704] Kutalimbaru
2026-07-01 14:43:25 [INFO]       14 kelurahan di Kutalimbaru
2026-07-01 14:43:25 [INFO]     KEC [120705] Pancur Batu
2026-07-01 14:43:26 [INFO]       25 kelurahan di Pancur Batu
2026-07-01 14:43:26 [INFO]     KEC [120706] Namo Rambe
2026-07-01 14:43:26 [INFO]       36 kelurahan di Namo Rambe
2026-07-01 14:43:26 [INFO]     KEC [120707] Biru-Biru
2026-07-01 14:43:27 [INFO]       17 kelurahan di Biru-Biru
2026-07-01 14:43:27 [INFO]     KEC [120708] Sinembah Tanjung Muda Hilir
2026-07-01 14:43:28 [INFO]       15 kelurahan di Sinembah Tanjung Muda Hilir
2026-07-01 14:43:28 [INFO]     KEC [120709] Bangun Purba
2026-07-01 14:43:28 [INFO]       24 kelurahan di Bangun Purba
2026-07-01 14:43:28 [INFO]     KEC [120719] Galang
2026-07-01 14:43:29 [INFO]       29 kelurahan di Galang
2026-07-01 14:43:29 [INFO]     KEC [120720] Sinembah Tanjung Muda Hulu
2026-07-01 14:43:29 [INFO]       20 kelurahan di Sinembah Tanjung Muda Hulu
2026-07-01 14:43:29 [INFO]     KEC [120721] Patumbak
2026-07-01 14:43:30 [INFO]       8 kelurahan di Patumbak
2026-07-01 14:43:30 [INFO]     KEC [120722] Deli Tua
2026-07-01 14:43:30 [INFO]       6 kelurahan di Deli Tua
2026-07-01 14:43:30 [INFO]     KEC [120723] Sunggal
2026-07-01 14:43:31 [INFO]       17 kelurahan di Sunggal
2026-07-01 14:43:31 [INFO]     KEC [120724] Hamparan Perak
2026-07-01 14:43:31 [INFO]       20 kelurahan di Hamparan Perak
2026-07-01 14:43:31 [INFO]     KEC [120725] Labuhan Deli
2026-07-01 14:43:32 [INFO]       5 kelurahan di Labuhan Deli
2026-07-01 14:43:32 [INFO]     KEC [120726] Percut Sei Tuan
2026-07-01 14:43:33 [INFO]       20 kelurahan di Percut Sei Tuan
2026-07-01 14:43:33 [INFO]     KEC [120727] Batang Kuis
2026-07-01 14:43:33 [INFO]       11 kelurahan di Batang Kuis
2026-07-01 14:43:33 [INFO]     KEC [120728] Lubuk Pakam
2026-07-01 14:43:34 [INFO]       13 kelurahan di Lubuk Pakam
2026-07-01 14:43:34 [INFO]     KEC [120731] Pagar Merbau
2026-07-01 14:43:34 [INFO]       16 kelurahan di Pagar Merbau
2026-07-01 14:43:34 [INFO]     KEC [120732] Pantai Labu
2026-07-01 14:43:35 [INFO]       19 kelurahan di Pantai Labu
2026-07-01 14:43:35 [INFO]     KEC [120733] Beringin
2026-07-01 14:43:35 [INFO]       11 kelurahan di Beringin
2026-07-01 14:43:35 [INFO]   KAB [1208] Kabupaten Simalungun
2026-07-01 14:43:36 [INFO]     KEC [120801] Siantar
2026-07-01 14:43:37 [INFO]       17 kelurahan di Siantar
2026-07-01 14:43:37 [INFO]     KEC [120802] Gunung Malela
2026-07-01 14:43:37 [INFO]       16 kelurahan di Gunung Malela
2026-07-01 14:43:37 [INFO]     KEC [120803] Gunung Maligas
2026-07-01 14:43:38 [INFO]       9 kelurahan di Gunung Maligas
2026-07-01 14:43:38 [INFO]     KEC [120804] Panei
2026-07-01 14:43:38 [INFO]       17 kelurahan di Panei
2026-07-01 14:43:38 [INFO]     KEC [120805] Panombeian Panei
2026-07-01 14:43:39 [INFO]       11 kelurahan di Panombeian Panei
2026-07-01 14:43:39 [INFO]     KEC [120806] Jorlang Hataran
2026-07-01 14:43:39 [INFO]       13 kelurahan di Jorlang Hataran
2026-07-01 14:43:39 [INFO]     KEC [120807] Raya Kahean
2026-07-01 14:43:40 [INFO]       14 kelurahan di Raya Kahean
2026-07-01 14:43:40 [INFO]     KEC [120808] Bosar Maligas
2026-07-01 14:43:40 [INFO]       17 kelurahan di Bosar Maligas
2026-07-01 14:43:40 [INFO]     KEC [120809] Sidamanik
2026-07-01 14:43:41 [INFO]       15 kelurahan di Sidamanik
2026-07-01 14:43:41 [INFO]     KEC [120810] Pamatang Sidamanik
2026-07-01 14:43:41 [INFO]       10 kelurahan di Pamatang Sidamanik
2026-07-01 14:43:41 [INFO]     KEC [120811] Tanah Jawa
2026-07-01 14:43:42 [INFO]       20 kelurahan di Tanah Jawa
2026-07-01 14:43:42 [INFO]     KEC [120812] Hatonduhan
2026-07-01 14:43:43 [INFO]       9 kelurahan di Hatonduhan
2026-07-01 14:43:43 [INFO]     KEC [120813] Dolok Panribuan
2026-07-01 14:43:43 [INFO]       15 kelurahan di Dolok Panribuan
2026-07-01 14:43:43 [INFO]     KEC [120814] Purba
2026-07-01 14:43:44 [INFO]       14 kelurahan di Purba
2026-07-01 14:43:44 [INFO]     KEC [120815] Haranggaol Horisan
2026-07-01 14:43:44 [INFO]       5 kelurahan di Haranggaol Horisan
2026-07-01 14:43:44 [INFO]     KEC [120816] Girsang Sipangan Bolon
2026-07-01 14:43:45 [INFO]       6 kelurahan di Girsang Sipangan Bolon
2026-07-01 14:43:45 [INFO]     KEC [120817] Dolok Batu Nanggar
2026-07-01 14:43:45 [INFO]       16 kelurahan di Dolok Batu Nanggar
2026-07-01 14:43:45 [INFO]     KEC [120818] Hutabayu Raja
2026-07-01 14:43:46 [INFO]       16 kelurahan di Hutabayu Raja
2026-07-01 14:43:46 [INFO]     KEC [120819] Jawa Maraja Bah Jambi
2026-07-01 14:43:46 [INFO]       8 kelurahan di Jawa Maraja Bah Jambi
2026-07-01 14:43:46 [INFO]     KEC [120820] Dolok Pardamean
2026-07-01 14:43:47 [INFO]       11 kelurahan di Dolok Pardamean
2026-07-01 14:43:47 [INFO]     KEC [120821] Pematang Bandar
2026-07-01 14:43:48 [INFO]       13 kelurahan di Pematang Bandar
2026-07-01 14:43:48 [INFO]     KEC [120822] Bandar Huluan
2026-07-01 14:43:48 [INFO]       10 kelurahan di Bandar Huluan
2026-07-01 14:43:48 [INFO]     KEC [120823] Bandar
2026-07-01 14:43:49 [INFO]       16 kelurahan di Bandar
2026-07-01 14:43:49 [INFO]     KEC [120824] Bandar Masilam
2026-07-01 14:43:50 [INFO]       10 kelurahan di Bandar Masilam
2026-07-01 14:43:50 [INFO]     KEC [120825] Silimakuta
2026-07-01 14:43:50 [INFO]       7 kelurahan di Silimakuta
2026-07-01 14:43:50 [INFO]     KEC [120826] Dolok Silao
2026-07-01 14:43:51 [INFO]       14 kelurahan di Dolok Silao
2026-07-01 14:43:51 [INFO]     KEC [120827] Silou Kahean
2026-07-01 14:43:51 [INFO]       16 kelurahan di Silou Kahean
2026-07-01 14:43:51 [INFO]     KEC [120828] Tapian Dolok
2026-07-01 14:43:52 [INFO]       11 kelurahan di Tapian Dolok
2026-07-01 14:43:52 [INFO]     KEC [120829] Raya
2026-07-01 14:43:52 [INFO]       17 kelurahan di Raya
2026-07-01 14:43:52 [INFO]     KEC [120830] Ujung Padang
2026-07-01 14:43:53 [INFO]       20 kelurahan di Ujung Padang
2026-07-01 14:43:53 [INFO]     KEC [120831] Pamatang Silima Huta
2026-07-01 14:43:54 [INFO]       10 kelurahan di Pamatang Silima Huta
2026-07-01 14:43:54 [INFO]     KEC [120832] Dolog Masagal
2026-07-01 14:43:54 [INFO]       10 kelurahan di Dolog Masagal
2026-07-01 14:43:54 [INFO]   KAB [1209] Kabupaten Asahan
2026-07-01 14:43:55 [INFO]     KEC [120908] Meranti
2026-07-01 14:43:55 [INFO]       7 kelurahan di Meranti
2026-07-01 14:43:55 [INFO]     KEC [120909] Air Joman
2026-07-01 14:43:56 [INFO]       7 kelurahan di Air Joman
2026-07-01 14:43:56 [INFO]     KEC [120910] Tanjung Balai
2026-07-01 14:43:56 [INFO]       8 kelurahan di Tanjung Balai
2026-07-01 14:43:56 [INFO]     KEC [120911] Sei Kepayang
2026-07-01 14:43:57 [INFO]       6 kelurahan di Sei Kepayang
2026-07-01 14:43:57 [INFO]     KEC [120912] Simpang Empat
2026-07-01 14:43:58 [INFO]       8 kelurahan di Simpang Empat
2026-07-01 14:43:58 [INFO]     KEC [120913] Air Batu
2026-07-01 14:43:58 [INFO]       12 kelurahan di Air Batu
2026-07-01 14:43:58 [INFO]     KEC [120914] Pulau Rakyat
2026-07-01 14:43:59 [INFO]       12 kelurahan di Pulau Rakyat
2026-07-01 14:43:59 [INFO]     KEC [120915] Bandar Pulau
2026-07-01 14:43:59 [INFO]       10 kelurahan di Bandar Pulau
2026-07-01 14:43:59 [INFO]     KEC [120916] Buntu Pane
2026-07-01 14:44:00 [INFO]       9 kelurahan di Buntu Pane
2026-07-01 14:44:00 [INFO]     KEC [120917] Bandar Pasir Mandoge
2026-07-01 14:44:00 [INFO]       9 kelurahan di Bandar Pasir Mandoge
2026-07-01 14:44:00 [INFO]     KEC [120918] Aek Kuasan
2026-07-01 14:44:01 [INFO]       7 kelurahan di Aek Kuasan
2026-07-01 14:44:01 [INFO]     KEC [120919] Kota Kisaran Barat
2026-07-01 14:44:02 [INFO]       13 kelurahan di Kota Kisaran Barat
2026-07-01 14:44:02 [INFO]     KEC [120920] Kota Kisaran Timur
2026-07-01 14:44:02 [INFO]       12 kelurahan di Kota Kisaran Timur
2026-07-01 14:44:02 [INFO]     KEC [120921] Aek Songsongan
2026-07-01 14:44:03 [INFO]       9 kelurahan di Aek Songsongan
2026-07-01 14:44:03 [INFO]     KEC [120922] Rahuning
2026-07-01 14:44:03 [INFO]       7 kelurahan di Rahuning
2026-07-01 14:44:03 [INFO]     KEC [120923] Sei Dadap
2026-07-01 14:44:04 [INFO]       10 kelurahan di Sei Dadap
2026-07-01 14:44:04 [INFO]     KEC [120924] Sei Kepayang Barat
2026-07-01 14:44:04 [INFO]       6 kelurahan di Sei Kepayang Barat
2026-07-01 14:44:04 [INFO]     KEC [120925] Sei Kepayang Timur
2026-07-01 14:44:05 [INFO]       5 kelurahan di Sei Kepayang Timur
2026-07-01 14:44:05 [INFO]     KEC [120926] Tinggi Raja
2026-07-01 14:44:06 [INFO]       7 kelurahan di Tinggi Raja
2026-07-01 14:44:06 [INFO]     KEC [120927] Setia Janji
2026-07-01 14:44:06 [INFO]       5 kelurahan di Setia Janji
2026-07-01 14:44:06 [INFO]     KEC [120928] Silau Laut
2026-07-01 14:44:07 [INFO]       5 kelurahan di Silau Laut
2026-07-01 14:44:07 [INFO]     KEC [120929] Rawang Panca Arga
2026-07-01 14:44:07 [INFO]       7 kelurahan di Rawang Panca Arga
2026-07-01 14:44:07 [INFO]     KEC [120930] Pulo Bandring
2026-07-01 14:44:08 [INFO]       10 kelurahan di Pulo Bandring
2026-07-01 14:44:08 [INFO]     KEC [120931] Teluk Dalam
2026-07-01 14:44:08 [INFO]       6 kelurahan di Teluk Dalam
2026-07-01 14:44:08 [INFO]     KEC [120932] Aek Ledong
2026-07-01 14:44:09 [INFO]       7 kelurahan di Aek Ledong
2026-07-01 14:44:09 [INFO]   KAB [1210] Kabupaten Labuhanbatu
2026-07-01 14:44:09 [INFO]     KEC [121001] Rantau Utara
2026-07-01 14:44:10 [INFO]       10 kelurahan di Rantau Utara
2026-07-01 14:44:10 [INFO]     KEC [121002] Rantau Selatan
2026-07-01 14:44:10 [INFO]       9 kelurahan di Rantau Selatan
2026-07-01 14:44:11 [INFO]     KEC [121007] Bilah Barat
2026-07-01 14:44:11 [INFO]       10 kelurahan di Bilah Barat
2026-07-01 14:44:11 [INFO]     KEC [121008] Bilah Hilir
2026-07-01 14:44:12 [INFO]       13 kelurahan di Bilah Hilir
2026-07-01 14:44:12 [INFO]     KEC [121009] Bilah Hulu
2026-07-01 14:44:12 [INFO]       24 kelurahan di Bilah Hulu
2026-07-01 14:44:12 [INFO]     KEC [121014] Pangkatan
2026-07-01 14:44:13 [INFO]       7 kelurahan di Pangkatan
2026-07-01 14:44:13 [INFO]     KEC [121018] Panai Tengah
2026-07-01 14:44:13 [INFO]       10 kelurahan di Panai Tengah
2026-07-01 14:44:13 [INFO]     KEC [121019] Panai Hilir
2026-07-01 14:44:14 [INFO]       8 kelurahan di Panai Hilir
2026-07-01 14:44:14 [INFO]     KEC [121020] Panai Hulu
2026-07-01 14:44:15 [INFO]       7 kelurahan di Panai Hulu
2026-07-01 14:44:15 [INFO]   KAB [1211] Kabupaten Dairi
2026-07-01 14:44:15 [INFO]     KEC [121101] Sidikalang
2026-07-01 14:44:16 [INFO]       11 kelurahan di Sidikalang
2026-07-01 14:44:16 [INFO]     KEC [121102] Sumbul
2026-07-01 14:44:16 [INFO]       19 kelurahan di Sumbul
2026-07-01 14:44:16 [INFO]     KEC [121103] Tigalingga
2026-07-01 14:44:17 [INFO]       14 kelurahan di Tigalingga
2026-07-01 14:44:17 [INFO]     KEC [121104] Siempat Nempu
2026-07-01 14:44:17 [INFO]       13 kelurahan di Siempat Nempu
2026-07-01 14:44:17 [INFO]     KEC [121105] Silima Pungga Pungga
2026-07-01 14:44:18 [INFO]       16 kelurahan di Silima Pungga Pungga
2026-07-01 14:44:18 [INFO]     KEC [121106] Tanah Pinem
2026-07-01 14:44:19 [INFO]       19 kelurahan di Tanah Pinem
2026-07-01 14:44:19 [INFO]     KEC [121107] Siempat Nempu Hulu
2026-07-01 14:44:19 [INFO]       12 kelurahan di Siempat Nempu Hulu
2026-07-01 14:44:19 [INFO]     KEC [121108] Siempat Nempu Hilir
2026-07-01 14:44:20 [INFO]       10 kelurahan di Siempat Nempu Hilir
2026-07-01 14:44:20 [INFO]     KEC [121109] Pegagan Hilir
2026-07-01 14:44:20 [INFO]       13 kelurahan di Pegagan Hilir
2026-07-01 14:44:20 [INFO]     KEC [121110] Parbuluan
2026-07-01 14:44:21 [INFO]       11 kelurahan di Parbuluan
2026-07-01 14:44:21 [INFO]     KEC [121111] Lae Parira
2026-07-01 14:44:21 [INFO]       9 kelurahan di Lae Parira
2026-07-01 14:44:21 [INFO]     KEC [121112] Gunung Sitember
2026-07-01 14:44:22 [INFO]       8 kelurahan di Gunung Sitember
2026-07-01 14:44:22 [INFO]     KEC [121113] Berampu
2026-07-01 14:44:22 [INFO]       5 kelurahan di Berampu
2026-07-01 14:44:22 [INFO]     KEC [121114] Silahisabungan
2026-07-01 14:44:23 [INFO]       5 kelurahan di Silahisabungan
2026-07-01 14:44:23 [INFO]     KEC [121115] Sitinjo
2026-07-01 14:44:24 [INFO]       4 kelurahan di Sitinjo
2026-07-01 14:44:24 [INFO]   KAB [1212] Kabupaten Toba
2026-07-01 14:44:24 [INFO]     KEC [121201] Balige
2026-07-01 14:44:25 [INFO]       35 kelurahan di Balige
2026-07-01 14:44:25 [INFO]     KEC [121202] Laguboti
2026-07-01 14:44:25 [INFO]       23 kelurahan di Laguboti
2026-07-01 14:44:25 [INFO]     KEC [121203] Silaen
2026-07-01 14:44:26 [INFO]       23 kelurahan di Silaen
2026-07-01 14:44:26 [INFO]     KEC [121204] Habinsaran
2026-07-01 14:44:27 [INFO]       22 kelurahan di Habinsaran
2026-07-01 14:44:27 [INFO]     KEC [121205] Pintu Pohan Meranti
2026-07-01 14:44:27 [INFO]       7 kelurahan di Pintu Pohan Meranti
2026-07-01 14:44:27 [INFO]     KEC [121206] Borbor
2026-07-01 14:44:28 [INFO]       15 kelurahan di Borbor
2026-07-01 14:44:28 [INFO]     KEC [121207] Porsea
2026-07-01 14:44:28 [INFO]       17 kelurahan di Porsea
2026-07-01 14:44:28 [INFO]     KEC [121208] Ajibata
2026-07-01 14:44:29 [INFO]       10 kelurahan di Ajibata
2026-07-01 14:44:29 [INFO]     KEC [121209] Lumban Julu
2026-07-01 14:44:30 [INFO]       12 kelurahan di Lumban Julu
2026-07-01 14:44:30 [INFO]     KEC [121210] Uluan
2026-07-01 14:44:30 [INFO]       17 kelurahan di Uluan
2026-07-01 14:44:30 [INFO]     KEC [121219] Sigumpar
2026-07-01 14:44:31 [INFO]       10 kelurahan di Sigumpar
2026-07-01 14:44:31 [INFO]     KEC [121220] Siantar Narumonda
2026-07-01 14:44:31 [INFO]       14 kelurahan di Siantar Narumonda
2026-07-01 14:44:31 [INFO]     KEC [121221] Nassau
2026-07-01 14:44:32 [INFO]       10 kelurahan di Nassau
2026-07-01 14:44:32 [INFO]     KEC [121222] Tampahan
2026-07-01 14:44:32 [INFO]       6 kelurahan di Tampahan
2026-07-01 14:44:32 [INFO]     KEC [121223] Bonatua Lunasi
2026-07-01 14:44:33 [INFO]       12 kelurahan di Bonatua Lunasi
2026-07-01 14:44:33 [INFO]     KEC [121224] Parmaksian
2026-07-01 14:44:34 [INFO]       11 kelurahan di Parmaksian
2026-07-01 14:44:34 [INFO]   KAB [1213] Kabupaten Mandailing Natal
2026-07-01 14:44:34 [INFO]     KEC [121301] Panyabungan
2026-07-01 14:44:35 [INFO]       39 kelurahan di Panyabungan
2026-07-01 14:44:35 [INFO]     KEC [121302] Panyabungan Utara
2026-07-01 14:44:35 [INFO]       12 kelurahan di Panyabungan Utara
2026-07-01 14:44:35 [INFO]     KEC [121303] Panyabungan Timur
2026-07-01 14:44:36 [INFO]       15 kelurahan di Panyabungan Timur
2026-07-01 14:44:36 [INFO]     KEC [121304] Panyabungan Selatan
2026-07-01 14:44:37 [INFO]       11 kelurahan di Panyabungan Selatan
2026-07-01 14:44:37 [INFO]     KEC [121305] Panyabungan Barat
2026-07-01 14:44:37 [INFO]       10 kelurahan di Panyabungan Barat
2026-07-01 14:44:37 [INFO]     KEC [121306] Siabu
2026-07-01 14:44:38 [INFO]       28 kelurahan di Siabu
2026-07-01 14:44:38 [INFO]     KEC [121307] Bukit Malintang
2026-07-01 14:44:38 [INFO]       11 kelurahan di Bukit Malintang
2026-07-01 14:44:38 [INFO]     KEC [121308] Kotanopan
2026-07-01 14:44:39 [INFO]       36 kelurahan di Kotanopan
2026-07-01 14:44:39 [INFO]     KEC [121309] Lembah Sorik Marapi
2026-07-01 14:44:40 [INFO]       9 kelurahan di Lembah Sorik Marapi
2026-07-01 14:44:40 [INFO]     KEC [121310] Tambangan
2026-07-01 14:44:40 [INFO]       20 kelurahan di Tambangan
2026-07-01 14:44:40 [INFO]     KEC [121311] Ulu Pungkut
2026-07-01 14:44:41 [INFO]       13 kelurahan di Ulu Pungkut
2026-07-01 14:44:41 [INFO]     KEC [121312] Muara Sipongi
2026-07-01 14:44:41 [INFO]       16 kelurahan di Muara Sipongi
2026-07-01 14:44:41 [INFO]     KEC [121313] Batang Natal
2026-07-01 14:44:42 [INFO]       31 kelurahan di Batang Natal
2026-07-01 14:44:42 [INFO]     KEC [121314] Lingga Bayu
2026-07-01 14:44:42 [INFO]       19 kelurahan di Lingga Bayu
2026-07-01 14:44:42 [INFO]     KEC [121315] Batahan
2026-07-01 14:44:43 [INFO]       18 kelurahan di Batahan
2026-07-01 14:44:43 [INFO]     KEC [121316] Natal
2026-07-01 14:44:44 [INFO]       30 kelurahan di Natal
2026-07-01 14:44:44 [INFO]     KEC [121317] Muara Batang Gadis
2026-07-01 14:44:44 [INFO]       14 kelurahan di Muara Batang Gadis
2026-07-01 14:44:44 [INFO]     KEC [121318] Ranto Baek
2026-07-01 14:44:45 [INFO]       18 kelurahan di Ranto Baek
2026-07-01 14:44:45 [INFO]     KEC [121319] Huta Bargot
2026-07-01 14:44:45 [INFO]       14 kelurahan di Huta Bargot
2026-07-01 14:44:45 [INFO]     KEC [121320] Puncak Sorik Marapi
2026-07-01 14:44:46 [INFO]       11 kelurahan di Puncak Sorik Marapi
2026-07-01 14:44:46 [INFO]     KEC [121321] Pakantan
2026-07-01 14:44:47 [INFO]       8 kelurahan di Pakantan
2026-07-01 14:44:47 [INFO]     KEC [121322] Sinunukan
2026-07-01 14:44:47 [INFO]       14 kelurahan di Sinunukan
2026-07-01 14:44:47 [INFO]     KEC [121323] Naga Juang
2026-07-01 14:44:48 [INFO]       7 kelurahan di Naga Juang
2026-07-01 14:44:48 [INFO]   KAB [1214] Kabupaten Nias Selatan
2026-07-01 14:44:48 [INFO]     KEC [121401] Lolomatua
2026-07-01 14:44:49 [INFO]       13 kelurahan di Lolomatua
2026-07-01 14:44:49 [INFO]     KEC [121402] Gomo
2026-07-01 14:44:49 [INFO]       11 kelurahan di Gomo
2026-07-01 14:44:49 [INFO]     KEC [121403] Lahusa
2026-07-01 14:44:50 [INFO]       23 kelurahan di Lahusa
2026-07-01 14:44:50 [INFO]     KEC [121404] Hibala
2026-07-01 14:44:51 [INFO]       17 kelurahan di Hibala
2026-07-01 14:44:51 [INFO]     KEC [121405] Pulau-Pulau Batu
2026-07-01 14:44:51 [INFO]       22 kelurahan di Pulau-Pulau Batu
2026-07-01 14:44:51 [INFO]     KEC [121406] Teluk Dalam
2026-07-01 14:44:52 [INFO]       16 kelurahan di Teluk Dalam
2026-07-01 14:44:52 [INFO]     KEC [121407] Amandraya
2026-07-01 14:44:52 [INFO]       21 kelurahan di Amandraya
2026-07-01 14:44:52 [INFO]     KEC [121408] Lolowau
2026-07-01 14:44:53 [INFO]       14 kelurahan di Lolowau
2026-07-01 14:44:53 [INFO]     KEC [121409] Susua
2026-07-01 14:44:53 [INFO]       18 kelurahan di Susua
2026-07-01 14:44:53 [INFO]     KEC [121410] Maniamolo
2026-07-01 14:44:54 [INFO]       14 kelurahan di Maniamolo
2026-07-01 14:44:54 [INFO]     KEC [121411] Hilimegai
2026-07-01 14:44:55 [INFO]       10 kelurahan di Hilimegai
2026-07-01 14:44:55 [INFO]     KEC [121412] Toma
2026-07-01 14:44:55 [INFO]       14 kelurahan di Toma
2026-07-01 14:44:55 [INFO]     KEC [121413] Mazino
2026-07-01 14:44:56 [INFO]       11 kelurahan di Mazino
2026-07-01 14:44:56 [INFO]     KEC [121414] Umbunasi
2026-07-01 14:44:56 [INFO]       11 kelurahan di Umbunasi
2026-07-01 14:44:56 [INFO]     KEC [121415] Aramo
2026-07-01 14:44:57 [INFO]       18 kelurahan di Aramo
2026-07-01 14:44:57 [INFO]     KEC [121416] Pulau-Pulau Batu Timur
2026-07-01 14:44:57 [INFO]       10 kelurahan di Pulau-Pulau Batu Timur
2026-07-01 14:44:57 [INFO]     KEC [121417] Mazo
2026-07-01 14:44:58 [INFO]       10 kelurahan di Mazo
2026-07-01 14:44:58 [INFO]     KEC [121418] Fanayama
2026-07-01 14:44:59 [INFO]       17 kelurahan di Fanayama
2026-07-01 14:44:59 [INFO]     KEC [121419] Ulunoyo
2026-07-01 14:44:59 [INFO]       13 kelurahan di Ulunoyo
2026-07-01 14:44:59 [INFO]     KEC [121420] Huruna
2026-07-01 14:45:00 [INFO]       17 kelurahan di Huruna
2026-07-01 14:45:00 [INFO]     KEC [121421] O'o'u
2026-07-01 14:45:00 [INFO]       11 kelurahan di O'o'u
2026-07-01 14:45:00 [INFO]     KEC [121422] Onohazumba
2026-07-01 14:45:01 [INFO]       10 kelurahan di Onohazumba
2026-07-01 14:45:01 [INFO]     KEC [121423] Hilisalawa'ahe
2026-07-01 14:45:02 [INFO]       11 kelurahan di Hilisalawa'ahe
2026-07-01 14:45:02 [INFO]     KEC [121424] Ulususua
2026-07-01 14:45:02 [INFO]       12 kelurahan di Ulususua
2026-07-01 14:45:02 [INFO]     KEC [121425] Sidua'ori
2026-07-01 14:45:03 [INFO]       11 kelurahan di Sidua'ori
2026-07-01 14:45:03 [INFO]     KEC [121426] Somambawa
2026-07-01 14:45:03 [INFO]       14 kelurahan di Somambawa
2026-07-01 14:45:03 [INFO]     KEC [121427] Boronadu
2026-07-01 14:45:04 [INFO]       10 kelurahan di Boronadu
2026-07-01 14:45:04 [INFO]     KEC [121428] Simuk
2026-07-01 14:45:04 [INFO]       6 kelurahan di Simuk
2026-07-01 14:45:04 [INFO]     KEC [121429] Pulau-Pulau Batu Barat
2026-07-01 14:45:05 [INFO]       9 kelurahan di Pulau-Pulau Batu Barat
2026-07-01 14:45:05 [INFO]     KEC [121430] Pulau-Pulau Batu Utara
2026-07-01 14:45:05 [INFO]       12 kelurahan di Pulau-Pulau Batu Utara
2026-07-01 14:45:05 [INFO]     KEC [121431] Tanah Masa
2026-07-01 14:45:06 [INFO]       12 kelurahan di Tanah Masa
2026-07-01 14:45:06 [INFO]     KEC [121432] Luahagundre Maniamolo
2026-07-01 14:45:07 [INFO]       10 kelurahan di Luahagundre Maniamolo
2026-07-01 14:45:07 [INFO]     KEC [121433] Onolalu
2026-07-01 14:45:07 [INFO]       10 kelurahan di Onolalu
2026-07-01 14:45:07 [INFO]     KEC [121434] Ulu Idanotae
2026-07-01 14:45:08 [INFO]       11 kelurahan di Ulu Idanotae
2026-07-01 14:45:08 [INFO]     KEC [121435] Idanotae
2026-07-01 14:45:08 [INFO]       12 kelurahan di Idanotae
2026-07-01 14:45:08 [INFO]   KAB [1215] Kabupaten Pakpak Bharat
2026-07-01 14:45:09 [INFO]     KEC [121501] Sitelu Tali Urang Jehe
2026-07-01 14:45:09 [INFO]       10 kelurahan di Sitelu Tali Urang Jehe
2026-07-01 14:45:09 [INFO]     KEC [121502] Kerajaan
2026-07-01 14:45:10 [INFO]       10 kelurahan di Kerajaan
2026-07-01 14:45:10 [INFO]     KEC [121503] Salak
2026-07-01 14:45:10 [INFO]       6 kelurahan di Salak
2026-07-01 14:45:10 [INFO]     KEC [121504] Sitelu Tali Urang Julu
2026-07-01 14:45:11 [INFO]       5 kelurahan di Sitelu Tali Urang Julu
2026-07-01 14:45:11 [INFO]     KEC [121505] Pergetteng Getteng Sengkut
2026-07-01 14:45:12 [INFO]       5 kelurahan di Pergetteng Getteng Sengkut
2026-07-01 14:45:12 [INFO]     KEC [121506] Pagindar
2026-07-01 14:45:12 [INFO]       4 kelurahan di Pagindar
2026-07-01 14:45:12 [INFO]     KEC [121507] Tinada
2026-07-01 14:45:13 [INFO]       6 kelurahan di Tinada
2026-07-01 14:45:13 [INFO]     KEC [121508] Siempat Rube
2026-07-01 14:45:13 [INFO]       6 kelurahan di Siempat Rube
2026-07-01 14:45:13 [INFO]   KAB [1216] Kabupaten Humbang Hasundutan
2026-07-01 14:45:15 [INFO]     KEC [121601] Parlilitan
2026-07-01 14:45:15 [INFO]       20 kelurahan di Parlilitan
2026-07-01 14:45:15 [INFO]     KEC [121602] Pollung
2026-07-01 14:45:16 [INFO]       13 kelurahan di Pollung
2026-07-01 14:45:16 [INFO]     KEC [121603] Baktiraja
2026-07-01 14:45:16 [INFO]       7 kelurahan di Baktiraja
2026-07-01 14:45:16 [INFO]     KEC [121604] Paranginan
2026-07-01 14:45:17 [INFO]       11 kelurahan di Paranginan
2026-07-01 14:45:17 [INFO]     KEC [121605] Lintong Nihuta
2026-07-01 14:45:17 [INFO]       22 kelurahan di Lintong Nihuta
2026-07-01 14:45:18 [INFO]     KEC [121606] Dolok Sanggul
2026-07-01 14:45:18 [INFO]       28 kelurahan di Dolok Sanggul
2026-07-01 14:45:18 [INFO]     KEC [121607] Sijamapolang
2026-07-01 14:45:19 [INFO]       10 kelurahan di Sijamapolang
2026-07-01 14:45:19 [INFO]     KEC [121608] Onan Ganjang
2026-07-01 14:45:19 [INFO]       12 kelurahan di Onan Ganjang
2026-07-01 14:45:19 [INFO]     KEC [121609] Pakkat
2026-07-01 14:45:20 [INFO]       22 kelurahan di Pakkat
2026-07-01 14:45:20 [INFO]     KEC [121610] Tarabintang
2026-07-01 14:45:20 [INFO]       9 kelurahan di Tarabintang
2026-07-01 14:45:20 [INFO]   KAB [1217] Kabupaten Samosir
2026-07-01 14:45:21 [INFO]     KEC [121701] Simanindo
2026-07-01 14:45:22 [INFO]       21 kelurahan di Simanindo
2026-07-01 14:45:22 [INFO]     KEC [121702] Onan Runggu
2026-07-01 14:45:22 [INFO]       12 kelurahan di Onan Runggu
2026-07-01 14:45:22 [INFO]     KEC [121703] Nainggolan
2026-07-01 14:45:23 [INFO]       15 kelurahan di Nainggolan
2026-07-01 14:45:23 [INFO]     KEC [121704] Palipi
2026-07-01 14:45:23 [INFO]       17 kelurahan di Palipi
2026-07-01 14:45:23 [INFO]     KEC [121705] Harian
2026-07-01 14:45:24 [INFO]       13 kelurahan di Harian
2026-07-01 14:45:24 [INFO]     KEC [121706] Sianjar Mula Mula
2026-07-01 14:45:25 [INFO]       12 kelurahan di Sianjar Mula Mula
2026-07-01 14:45:25 [INFO]     KEC [121707] Ronggur Nihuta
2026-07-01 14:45:25 [INFO]       8 kelurahan di Ronggur Nihuta
2026-07-01 14:45:25 [INFO]     KEC [121708] Pangururan
2026-07-01 14:45:26 [INFO]       28 kelurahan di Pangururan
2026-07-01 14:45:26 [INFO]     KEC [121709] Sitio-tio
2026-07-01 14:45:26 [INFO]       8 kelurahan di Sitio-tio
2026-07-01 14:45:26 [INFO]   KAB [1218] Kabupaten Serdang Bedagai
2026-07-01 14:45:27 [INFO]     KEC [121801] Pantai Cermin
2026-07-01 14:45:28 [INFO]       12 kelurahan di Pantai Cermin
2026-07-01 14:45:28 [INFO]     KEC [121802] Perbaungan
2026-07-01 14:45:28 [INFO]       28 kelurahan di Perbaungan
2026-07-01 14:45:28 [INFO]     KEC [121803] Teluk Mengkudu
2026-07-01 14:45:29 [INFO]       12 kelurahan di Teluk Mengkudu
2026-07-01 14:45:29 [INFO]     KEC [121804] Sei Rampah
2026-07-01 14:45:29 [INFO]       17 kelurahan di Sei Rampah
2026-07-01 14:45:29 [INFO]     KEC [121805] Tanjung Beringin
2026-07-01 14:45:30 [INFO]       8 kelurahan di Tanjung Beringin
2026-07-01 14:45:30 [INFO]     KEC [121806] Bandar Khalipah
2026-07-01 14:45:30 [INFO]       5 kelurahan di Bandar Khalipah
2026-07-01 14:45:30 [INFO]     KEC [121807] Dolok Merawan
2026-07-01 14:45:31 [INFO]       17 kelurahan di Dolok Merawan
2026-07-01 14:45:31 [INFO]     KEC [121808] Sipispis
2026-07-01 14:45:32 [INFO]       20 kelurahan di Sipispis
2026-07-01 14:45:32 [INFO]     KEC [121809] Dolok Masihul
2026-07-01 14:45:32 [INFO]       28 kelurahan di Dolok Masihul
2026-07-01 14:45:32 [INFO]     KEC [121810] Kotarih
2026-07-01 14:45:33 [INFO]       11 kelurahan di Kotarih
2026-07-01 14:45:33 [INFO]     KEC [121811] Silinda
2026-07-01 14:45:33 [INFO]       9 kelurahan di Silinda
2026-07-01 14:45:33 [INFO]     KEC [121812] Serba Jadi
2026-07-01 14:45:34 [INFO]       10 kelurahan di Serba Jadi
2026-07-01 14:45:34 [INFO]     KEC [121813] Tebing Tinggi
2026-07-01 14:45:34 [INFO]       14 kelurahan di Tebing Tinggi
2026-07-01 14:45:34 [INFO]     KEC [121814] Pegajahan
2026-07-01 14:45:35 [INFO]       13 kelurahan di Pegajahan
2026-07-01 14:45:35 [INFO]     KEC [121815] Sei Bamban
2026-07-01 14:45:35 [INFO]       10 kelurahan di Sei Bamban
2026-07-01 14:45:35 [INFO]     KEC [121816] Tebing Syahbandar
2026-07-01 14:45:36 [INFO]       10 kelurahan di Tebing Syahbandar
2026-07-01 14:45:36 [INFO]     KEC [121817] Bintang Bayu
2026-07-01 14:45:37 [INFO]       19 kelurahan di Bintang Bayu
2026-07-01 14:45:37 [INFO]   KAB [1219] Kabupaten Batu Bara
2026-07-01 14:45:37 [INFO]     KEC [121901] Medang Deras
2026-07-01 14:45:38 [INFO]       21 kelurahan di Medang Deras
2026-07-01 14:45:38 [INFO]     KEC [121902] Sei Suka
2026-07-01 14:45:38 [INFO]       10 kelurahan di Sei Suka
2026-07-01 14:45:38 [INFO]     KEC [121903] Air Putih
2026-07-01 14:45:39 [INFO]       19 kelurahan di Air Putih
2026-07-01 14:45:39 [INFO]     KEC [121904] Lima Puluh
2026-07-01 14:45:39 [INFO]       12 kelurahan di Lima Puluh
2026-07-01 14:45:39 [INFO]     KEC [121905] Talawi
2026-07-01 14:45:40 [INFO]       10 kelurahan di Talawi
2026-07-01 14:45:40 [INFO]     KEC [121906] Tanjung Tiram
2026-07-01 14:45:40 [INFO]       10 kelurahan di Tanjung Tiram
2026-07-01 14:45:40 [INFO]     KEC [121907] Sei Balai
2026-07-01 14:45:41 [INFO]       14 kelurahan di Sei Balai
2026-07-01 14:45:41 [INFO]     KEC [121908] Laut Tador
2026-07-01 14:45:42 [INFO]       10 kelurahan di Laut Tador
2026-07-01 14:45:42 [INFO]     KEC [121909] Lima Puluh Pesisir
2026-07-01 14:45:42 [INFO]       13 kelurahan di Lima Puluh Pesisir
2026-07-01 14:45:42 [INFO]     KEC [121910] Datuk Lima Puluh
2026-07-01 14:45:43 [INFO]       10 kelurahan di Datuk Lima Puluh
2026-07-01 14:45:43 [INFO]     KEC [121911] Datuk Tanah Datar
2026-07-01 14:45:43 [INFO]       10 kelurahan di Datuk Tanah Datar
2026-07-01 14:45:43 [INFO]     KEC [121912] Nibung Hangus
2026-07-01 14:45:44 [INFO]       12 kelurahan di Nibung Hangus
2026-07-01 14:45:44 [INFO]   KAB [1220] Kabupaten Padang Lawas Utara
2026-07-01 14:45:44 [INFO]     KEC [122001] Dolok Sigompulon
2026-07-01 14:45:45 [INFO]       44 kelurahan di Dolok Sigompulon
2026-07-01 14:45:45 [INFO]     KEC [122002] Dolok
2026-07-01 14:45:46 [INFO]       86 kelurahan di Dolok
2026-07-01 14:45:46 [INFO]     KEC [122003] Halongonan
2026-07-01 14:45:46 [INFO]       33 kelurahan di Halongonan
2026-07-01 14:45:46 [INFO]     KEC [122004] Padang Bolak
2026-07-01 14:45:47 [INFO]       62 kelurahan di Padang Bolak
2026-07-01 14:45:47 [INFO]     KEC [122005] Padang Bolak Julu
2026-07-01 14:45:47 [INFO]       23 kelurahan di Padang Bolak Julu
2026-07-01 14:45:47 [INFO]     KEC [122006] Portibi
2026-07-01 14:45:48 [INFO]       36 kelurahan di Portibi
2026-07-01 14:45:48 [INFO]     KEC [122007] Batang Onang
2026-07-01 14:45:49 [INFO]       32 kelurahan di Batang Onang
2026-07-01 14:45:49 [INFO]     KEC [122008] Simangambat
2026-07-01 14:45:49 [INFO]       21 kelurahan di Simangambat
2026-07-01 14:45:49 [INFO]     KEC [122009] Hulu Sihapas
2026-07-01 14:45:50 [INFO]       10 kelurahan di Hulu Sihapas
2026-07-01 14:45:50 [INFO]     KEC [122010] Padang Bolak Tenggara
2026-07-01 14:45:50 [INFO]       14 kelurahan di Padang Bolak Tenggara
2026-07-01 14:45:50 [INFO]     KEC [122011] Halongonan Timur
2026-07-01 14:45:51 [INFO]       14 kelurahan di Halongonan Timur
2026-07-01 14:45:51 [INFO]     KEC [122012] Ujung Batu
2026-07-01 14:45:52 [INFO]       13 kelurahan di Ujung Batu
2026-07-01 14:45:52 [INFO]   KAB [1221] Kabupaten Padang Lawas
2026-07-01 14:45:52 [INFO]     KEC [122101] Sosopan
2026-07-01 14:45:53 [INFO]       22 kelurahan di Sosopan
2026-07-01 14:45:53 [INFO]     KEC [122102] Barumun Tengah
2026-07-01 14:45:54 [INFO]       29 kelurahan di Barumun Tengah
2026-07-01 14:45:54 [INFO]     KEC [122103] Huristak
2026-07-01 14:45:54 [INFO]       27 kelurahan di Huristak
2026-07-01 14:45:54 [INFO]     KEC [122104] Lubuk Barumun
2026-07-01 14:45:55 [INFO]       24 kelurahan di Lubuk Barumun
2026-07-01 14:45:55 [INFO]     KEC [122105] Hutaraja Tinggi
2026-07-01 14:45:55 [INFO]       26 kelurahan di Hutaraja Tinggi
2026-07-01 14:45:55 [INFO]     KEC [122106] Ulu Barumun
2026-07-01 14:45:56 [INFO]       15 kelurahan di Ulu Barumun
2026-07-01 14:45:56 [INFO]     KEC [122107] Barumun
2026-07-01 14:45:56 [INFO]       17 kelurahan di Barumun
2026-07-01 14:45:56 [INFO]     KEC [122108] Sosa
2026-07-01 14:45:57 [INFO]       16 kelurahan di Sosa
2026-07-01 14:45:57 [INFO]     KEC [122109] Batang Lubu Sutam
2026-07-01 14:45:57 [INFO]       20 kelurahan di Batang Lubu Sutam
2026-07-01 14:45:57 [INFO]     KEC [122110] Barumun Selatan
2026-07-01 14:45:58 [INFO]       11 kelurahan di Barumun Selatan
2026-07-01 14:45:58 [INFO]     KEC [122111] Aek Nabara Barumun
2026-07-01 14:45:59 [INFO]       25 kelurahan di Aek Nabara Barumun
2026-07-01 14:45:59 [INFO]     KEC [122112] Sihapas Barumun
2026-07-01 14:45:59 [INFO]       13 kelurahan di Sihapas Barumun
2026-07-01 14:45:59 [INFO]     KEC [122113] Barumun Baru
2026-07-01 14:46:00 [INFO]       13 kelurahan di Barumun Baru
2026-07-01 14:46:00 [INFO]     KEC [122114] Ulu Sosa
2026-07-01 14:46:00 [INFO]       11 kelurahan di Ulu Sosa
2026-07-01 14:46:00 [INFO]     KEC [122115] Sosa Julu
2026-07-01 14:46:01 [INFO]       12 kelurahan di Sosa Julu
2026-07-01 14:46:01 [INFO]     KEC [122116] Barumun Barat
2026-07-01 14:46:01 [INFO]       10 kelurahan di Barumun Barat
2026-07-01 14:46:01 [INFO]     KEC [122117] Sosa Timur
2026-07-01 14:46:02 [INFO]       13 kelurahan di Sosa Timur
2026-07-01 14:46:02 [INFO]   KAB [1222] Kabupaten Labuhanbatu Selatan
2026-07-01 14:46:02 [INFO]     KEC [122201] Kotapinang
2026-07-01 14:46:03 [INFO]       10 kelurahan di Kotapinang
2026-07-01 14:46:03 [INFO]     KEC [122202] Kampung Rakyat
2026-07-01 14:46:03 [INFO]       15 kelurahan di Kampung Rakyat
2026-07-01 14:46:03 [INFO]     KEC [122203] Torgamba
2026-07-01 14:46:04 [INFO]       14 kelurahan di Torgamba
2026-07-01 14:46:04 [INFO]     KEC [122204] Sungai Kanan
2026-07-01 14:46:05 [INFO]       9 kelurahan di Sungai Kanan
2026-07-01 14:46:05 [INFO]     KEC [122205] Silangkitang
2026-07-01 14:46:05 [INFO]       6 kelurahan di Silangkitang
2026-07-01 14:46:05 [INFO]   KAB [1223] Kabupaten Labuhanbatu Utara
2026-07-01 14:46:06 [INFO]     KEC [122301] Kualuh Hulu
2026-07-01 14:46:06 [INFO]       13 kelurahan di Kualuh Hulu
2026-07-01 14:46:06 [INFO]     KEC [122302] Kualuh Leidong
2026-07-01 14:46:07 [INFO]       7 kelurahan di Kualuh Leidong
2026-07-01 14:46:07 [INFO]     KEC [122303] Kualuh Hilir
2026-07-01 14:46:07 [INFO]       7 kelurahan di Kualuh Hilir
2026-07-01 14:46:07 [INFO]     KEC [122304] Aek Kuo
2026-07-01 14:46:08 [INFO]       8 kelurahan di Aek Kuo
2026-07-01 14:46:08 [INFO]     KEC [122305] Marbau
2026-07-01 14:46:09 [INFO]       18 kelurahan di Marbau
2026-07-01 14:46:09 [INFO]     KEC [122306] Na IX - X
2026-07-01 14:46:09 [INFO]       13 kelurahan di Na IX - X
2026-07-01 14:46:09 [INFO]     KEC [122307] Aek Natas
2026-07-01 14:46:10 [INFO]       12 kelurahan di Aek Natas
2026-07-01 14:46:10 [INFO]     KEC [122308] Kualuh Selatan
2026-07-01 14:46:10 [INFO]       12 kelurahan di Kualuh Selatan
2026-07-01 14:46:10 [INFO]   KAB [1224] Kabupaten Nias Utara
2026-07-01 14:46:11 [INFO]     KEC [122401] Lotu
2026-07-01 14:46:11 [INFO]       13 kelurahan di Lotu
2026-07-01 14:46:11 [INFO]     KEC [122402] Sawo
2026-07-01 14:46:12 [INFO]       10 kelurahan di Sawo
2026-07-01 14:46:12 [INFO]     KEC [122403] Tuhemberua
2026-07-01 14:46:13 [INFO]       8 kelurahan di Tuhemberua
2026-07-01 14:46:13 [INFO]     KEC [122404] Sitolu Ori
2026-07-01 14:46:13 [INFO]       6 kelurahan di Sitolu Ori
2026-07-01 14:46:13 [INFO]     KEC [122405] Namohalu Esiwa
2026-07-01 14:46:14 [INFO]       11 kelurahan di Namohalu Esiwa
2026-07-01 14:46:14 [INFO]     KEC [122406] Alasa Talumuzoi
2026-07-01 14:46:14 [INFO]       6 kelurahan di Alasa Talumuzoi
2026-07-01 14:46:14 [INFO]     KEC [122407] Alasa
2026-07-01 14:46:15 [INFO]       14 kelurahan di Alasa
2026-07-01 14:46:15 [INFO]     KEC [122408] Tugala Oyo
2026-07-01 14:46:16 [INFO]       8 kelurahan di Tugala Oyo
2026-07-01 14:46:16 [INFO]     KEC [122409] Afulu
2026-07-01 14:46:16 [INFO]       9 kelurahan di Afulu
2026-07-01 14:46:16 [INFO]     KEC [122410] Lahewa
2026-07-01 14:46:17 [INFO]       21 kelurahan di Lahewa
2026-07-01 14:46:17 [INFO]     KEC [122411] Lahewa Timur
2026-07-01 14:46:18 [INFO]       7 kelurahan di Lahewa Timur
2026-07-01 14:46:18 [INFO]   KAB [1225] Kabupaten Nias Barat
2026-07-01 14:46:18 [INFO]     KEC [122501] Lahomi
2026-07-01 14:46:19 [INFO]       11 kelurahan di Lahomi
2026-07-01 14:46:19 [INFO]     KEC [122502] Sirombu
2026-07-01 14:46:19 [INFO]       25 kelurahan di Sirombu
2026-07-01 14:46:19 [INFO]     KEC [122503] Mandrehe Barat
2026-07-01 14:46:20 [INFO]       14 kelurahan di Mandrehe Barat
2026-07-01 14:46:20 [INFO]     KEC [122504] Moro'o
2026-07-01 14:46:20 [INFO]       10 kelurahan di Moro'o
2026-07-01 14:46:20 [INFO]     KEC [122505] Mandrehe
2026-07-01 14:46:21 [INFO]       20 kelurahan di Mandrehe
2026-07-01 14:46:21 [INFO]     KEC [122506] Mandrehe Utara
2026-07-01 14:46:21 [INFO]       12 kelurahan di Mandrehe Utara
2026-07-01 14:46:21 [INFO]     KEC [122507] Lolofitu Moi
2026-07-01 14:46:22 [INFO]       8 kelurahan di Lolofitu Moi
2026-07-01 14:46:22 [INFO]     KEC [122508] Ulu Moro'o
2026-07-01 14:46:23 [INFO]       5 kelurahan di Ulu Moro'o
2026-07-01 14:46:23 [INFO]   KAB [1271] Kota Medan
2026-07-01 14:46:23 [INFO]     KEC [127101] Medan Kota
2026-07-01 14:46:24 [INFO]       12 kelurahan di Medan Kota
2026-07-01 14:46:24 [INFO]     KEC [127102] Medan Sunggal
2026-07-01 14:46:24 [INFO]       6 kelurahan di Medan Sunggal
2026-07-01 14:46:24 [INFO]     KEC [127103] Medan Helvetia
2026-07-01 14:46:25 [INFO]       7 kelurahan di Medan Helvetia
2026-07-01 14:46:25 [INFO]     KEC [127104] Medan Denai
2026-07-01 14:46:25 [INFO]       6 kelurahan di Medan Denai
2026-07-01 14:46:25 [INFO]     KEC [127105] Medan Barat
2026-07-01 14:46:26 [INFO]       6 kelurahan di Medan Barat
2026-07-01 14:46:26 [INFO]     KEC [127106] Medan Deli
2026-07-01 14:46:27 [INFO]       6 kelurahan di Medan Deli
2026-07-01 14:46:27 [INFO]     KEC [127107] Medan Tuntungan
2026-07-01 14:46:27 [INFO]       9 kelurahan di Medan Tuntungan
2026-07-01 14:46:27 [INFO]     KEC [127108] Medan Belawan
2026-07-01 14:46:28 [INFO]       6 kelurahan di Medan Belawan
2026-07-01 14:46:28 [INFO]     KEC [127109] Medan Amplas
2026-07-01 14:46:28 [INFO]       7 kelurahan di Medan Amplas
2026-07-01 14:46:28 [INFO]     KEC [127110] Medan Area
2026-07-01 14:46:29 [INFO]       12 kelurahan di Medan Area
2026-07-01 14:46:29 [INFO]     KEC [127111] Medan Johor
2026-07-01 14:46:29 [INFO]       6 kelurahan di Medan Johor
2026-07-01 14:46:29 [INFO]     KEC [127112] Medan Marelan
2026-07-01 14:46:30 [INFO]       5 kelurahan di Medan Marelan
2026-07-01 14:46:30 [INFO]     KEC [127113] Medan Labuhan
2026-07-01 14:46:30 [INFO]       6 kelurahan di Medan Labuhan
2026-07-01 14:46:30 [INFO]     KEC [127114] Medan Tembung
2026-07-01 14:46:31 [INFO]       7 kelurahan di Medan Tembung
2026-07-01 14:46:31 [INFO]     KEC [127115] Medan Maimun
2026-07-01 14:46:32 [INFO]       6 kelurahan di Medan Maimun
2026-07-01 14:46:32 [INFO]     KEC [127116] Medan Polonia
2026-07-01 14:46:32 [INFO]       5 kelurahan di Medan Polonia
2026-07-01 14:46:32 [INFO]     KEC [127117] Medan Baru
2026-07-01 14:46:33 [INFO]       6 kelurahan di Medan Baru
2026-07-01 14:46:33 [INFO]     KEC [127118] Medan Perjuangan
2026-07-01 14:46:33 [INFO]       9 kelurahan di Medan Perjuangan
2026-07-01 14:46:33 [INFO]     KEC [127119] Medan Petisah
2026-07-01 14:46:34 [INFO]       7 kelurahan di Medan Petisah
2026-07-01 14:46:34 [INFO]     KEC [127120] Medan Timur
2026-07-01 14:46:34 [INFO]       11 kelurahan di Medan Timur
2026-07-01 14:46:34 [INFO]     KEC [127121] Medan Selayang
2026-07-01 14:46:35 [INFO]       6 kelurahan di Medan Selayang
2026-07-01 14:46:35 [INFO]   KAB [1272] Kota Pematangsiantar
2026-07-01 14:46:36 [INFO]     KEC [127201] Siantar Timur
2026-07-01 14:46:36 [INFO]       7 kelurahan di Siantar Timur
2026-07-01 14:46:36 [INFO]     KEC [127202] Siantar Barat
2026-07-01 14:46:37 [INFO]       8 kelurahan di Siantar Barat
2026-07-01 14:46:37 [INFO]     KEC [127203] Siantar Utara
2026-07-01 14:46:37 [INFO]       7 kelurahan di Siantar Utara
2026-07-01 14:46:37 [INFO]     KEC [127204] Siantar Selatan
2026-07-01 14:46:38 [INFO]       6 kelurahan di Siantar Selatan
2026-07-01 14:46:38 [INFO]     KEC [127205] Siantar Marihat
2026-07-01 14:46:38 [INFO]       7 kelurahan di Siantar Marihat
2026-07-01 14:46:38 [INFO]     KEC [127206] Siantar Martoba
2026-07-01 14:46:39 [INFO]       7 kelurahan di Siantar Martoba
2026-07-01 14:46:39 [INFO]     KEC [127207] Siantar Sitalasari
2026-07-01 14:46:40 [INFO]       5 kelurahan di Siantar Sitalasari
2026-07-01 14:46:40 [INFO]     KEC [127208] Siantar Marimbun
2026-07-01 14:46:40 [INFO]       6 kelurahan di Siantar Marimbun
2026-07-01 14:46:40 [INFO]   KAB [1273] Kota Sibolga
2026-07-01 14:46:41 [INFO]     KEC [127301] Sibolga Utara
2026-07-01 14:46:41 [INFO]       5 kelurahan di Sibolga Utara
2026-07-01 14:46:41 [INFO]     KEC [127302] Sibolga Kota
2026-07-01 14:46:42 [INFO]       4 kelurahan di Sibolga Kota
2026-07-01 14:46:42 [INFO]     KEC [127303] Sibolga Selatan
2026-07-01 14:46:42 [INFO]       4 kelurahan di Sibolga Selatan
2026-07-01 14:46:42 [INFO]     KEC [127304] Sibolga Sambas
2026-07-01 14:46:43 [INFO]       4 kelurahan di Sibolga Sambas
2026-07-01 14:46:43 [INFO]   KAB [1274] Kota Tanjungbalai
2026-07-01 14:46:44 [INFO]     KEC [127401] Tanjungbalai Selatan
2026-07-01 14:46:44 [INFO]       6 kelurahan di Tanjungbalai Selatan
2026-07-01 14:46:44 [INFO]     KEC [127402] Tanjungbalai Utara
2026-07-01 14:46:45 [INFO]       5 kelurahan di Tanjungbalai Utara
2026-07-01 14:46:45 [INFO]     KEC [127403] Sei Tualang Raso
2026-07-01 14:46:45 [INFO]       5 kelurahan di Sei Tualang Raso
2026-07-01 14:46:45 [INFO]     KEC [127404] Teluk Nibung
2026-07-01 14:46:46 [INFO]       5 kelurahan di Teluk Nibung
2026-07-01 14:46:46 [INFO]     KEC [127405] Datuk Bandar
2026-07-01 14:46:46 [INFO]       5 kelurahan di Datuk Bandar
2026-07-01 14:46:46 [INFO]     KEC [127406] Datuk Bandar Timur
2026-07-01 14:46:47 [INFO]       5 kelurahan di Datuk Bandar Timur
2026-07-01 14:46:47 [INFO]   KAB [1275] Kota Binjai
2026-07-01 14:46:47 [INFO]     KEC [127501] Binjai Utara
2026-07-01 14:46:48 [INFO]       9 kelurahan di Binjai Utara
2026-07-01 14:46:48 [INFO]     KEC [127502] Binjai Kota
2026-07-01 14:46:49 [INFO]       7 kelurahan di Binjai Kota
2026-07-01 14:46:49 [INFO]     KEC [127503] Binjai Barat
2026-07-01 14:46:49 [INFO]       6 kelurahan di Binjai Barat
2026-07-01 14:46:49 [INFO]     KEC [127504] Binjai Timur
2026-07-01 14:46:50 [INFO]       7 kelurahan di Binjai Timur
2026-07-01 14:46:50 [INFO]     KEC [127505] Binjai Selatan
2026-07-01 14:46:50 [INFO]       8 kelurahan di Binjai Selatan
2026-07-01 14:46:50 [INFO]   KAB [1276] Kota Tebing Tinggi
2026-07-01 14:46:51 [INFO]     KEC [127601] Padang Hulu
2026-07-01 14:46:51 [INFO]       7 kelurahan di Padang Hulu
2026-07-01 14:46:51 [INFO]     KEC [127602] Rambutan
2026-07-01 14:46:52 [INFO]       7 kelurahan di Rambutan
2026-07-01 14:46:52 [INFO]     KEC [127603] Padang Hilir
2026-07-01 14:46:53 [INFO]       7 kelurahan di Padang Hilir
2026-07-01 14:46:53 [INFO]     KEC [127604] Bajenis
2026-07-01 14:46:53 [INFO]       7 kelurahan di Bajenis
2026-07-01 14:46:53 [INFO]     KEC [127605] Tebing Tinggi Kota
2026-07-01 14:46:54 [INFO]       7 kelurahan di Tebing Tinggi Kota
2026-07-01 14:46:54 [INFO]   KAB [1277] Kota Padangsidimpuan
2026-07-01 14:46:54 [INFO]     KEC [127701] Padangsidimpuan Utara
2026-07-01 14:46:55 [INFO]       16 kelurahan di Padangsidimpuan Utara
2026-07-01 14:46:55 [INFO]     KEC [127702] Padangsidimpuan Selatan
2026-07-01 14:46:55 [INFO]       12 kelurahan di Padangsidimpuan Selatan
2026-07-01 14:46:55 [INFO]     KEC [127703] Padangsidimpuan Batunadua
2026-07-01 14:46:56 [INFO]       15 kelurahan di Padangsidimpuan Batunadua
2026-07-01 14:46:56 [INFO]     KEC [127704] Padangsidimpuan Hutaimbaru
2026-07-01 14:46:56 [INFO]       10 kelurahan di Padangsidimpuan Hutaimbaru
2026-07-01 14:46:56 [INFO]     KEC [127705] Padangsidimpuan Tenggara
2026-07-01 14:46:57 [INFO]       18 kelurahan di Padangsidimpuan Tenggara
2026-07-01 14:46:57 [INFO]     KEC [127706] Padangsidimpuan Angkola Julu
2026-07-01 14:46:57 [INFO]       8 kelurahan di Padangsidimpuan Angkola Julu
2026-07-01 14:46:57 [INFO]   KAB [1278] Kota Gunungsitoli
2026-07-01 14:46:58 [INFO]     KEC [127801] Gunungsitoli
2026-07-01 14:46:59 [INFO]       32 kelurahan di Gunungsitoli
2026-07-01 14:46:59 [INFO]     KEC [127802] Gunungsitoli Selatan
2026-07-01 14:46:59 [INFO]       15 kelurahan di Gunungsitoli Selatan
2026-07-01 14:46:59 [INFO]     KEC [127803] Gunungsitoli Utara
2026-07-01 14:47:00 [INFO]       10 kelurahan di Gunungsitoli Utara
2026-07-01 14:47:00 [INFO]     KEC [127804] Gunungsitoli Idanoi
2026-07-01 14:47:00 [INFO]       26 kelurahan di Gunungsitoli Idanoi
2026-07-01 14:47:00 [INFO]     KEC [127805] Gunungsitoli Alo'oa
2026-07-01 14:47:01 [INFO]       9 kelurahan di Gunungsitoli Alo'oa
2026-07-01 14:47:01 [INFO]     KEC [127806] Gunungsitoli Barat
2026-07-01 14:47:01 [INFO]       9 kelurahan di Gunungsitoli Barat
2026-07-01 14:47:01 [INFO] PROVINSI SELESAI [12] Sumatera Utara
2026-07-01 14:47:01 [INFO] PROVINSI [13] Sumatera Barat
2026-07-01 14:47:02 [INFO]   KAB [1301] Kabupaten Pesisir Selatan
2026-07-01 14:47:02 [INFO]     KEC [130101] Pancung Soal
2026-07-01 14:47:03 [INFO]       10 kelurahan di Pancung Soal
2026-07-01 14:47:03 [INFO]     KEC [130102] Ranah Pesisir
2026-07-01 14:47:04 [INFO]       10 kelurahan di Ranah Pesisir
2026-07-01 14:47:04 [INFO]     KEC [130103] Lengayang
2026-07-01 14:47:04 [INFO]       9 kelurahan di Lengayang
2026-07-01 14:47:04 [INFO]     KEC [130104] Batang Kapas
2026-07-01 14:47:05 [INFO]       9 kelurahan di Batang Kapas
2026-07-01 14:47:05 [INFO]     KEC [130105] IV Jurai
2026-07-01 14:47:05 [INFO]       20 kelurahan di IV Jurai
2026-07-01 14:47:05 [INFO]     KEC [130106] Bayang
2026-07-01 14:47:06 [INFO]       17 kelurahan di Bayang
2026-07-01 14:47:06 [INFO]     KEC [130107] Koto XI Tarusan
2026-07-01 14:47:06 [INFO]       23 kelurahan di Koto XI Tarusan
2026-07-01 14:47:06 [INFO]     KEC [130108] Sutera
2026-07-01 14:47:07 [INFO]       12 kelurahan di Sutera
2026-07-01 14:47:07 [INFO]     KEC [130109] Linggo Sari Baganti
2026-07-01 14:47:07 [INFO]       16 kelurahan di Linggo Sari Baganti
2026-07-01 14:47:07 [INFO]     KEC [130110] Lunang
2026-07-01 14:47:08 [INFO]       10 kelurahan di Lunang
2026-07-01 14:47:08 [INFO]     KEC [130111] Basa Ampek Balai Tapan
2026-07-01 14:47:09 [INFO]       10 kelurahan di Basa Ampek Balai Tapan
2026-07-01 14:47:09 [INFO]     KEC [130112] IV Nagari Bayang Utara
2026-07-01 14:47:09 [INFO]       6 kelurahan di IV Nagari Bayang Utara
2026-07-01 14:47:09 [INFO]     KEC [130113] Airpura
2026-07-01 14:47:10 [INFO]       10 kelurahan di Airpura
2026-07-01 14:47:10 [INFO]     KEC [130114] Ranah Ampek Hulu Tapan
2026-07-01 14:47:10 [INFO]       10 kelurahan di Ranah Ampek Hulu Tapan
2026-07-01 14:47:10 [INFO]     KEC [130115] Silaut
2026-07-01 14:47:11 [INFO]       10 kelurahan di Silaut
2026-07-01 14:47:11 [INFO]   KAB [1302] Kabupaten Solok
2026-07-01 14:47:11 [INFO]     KEC [130203] Pantai Cermin
2026-07-01 14:47:12 [INFO]       2 kelurahan di Pantai Cermin
2026-07-01 14:47:12 [INFO]     KEC [130204] Lembah Gumanti
2026-07-01 14:47:13 [INFO]       4 kelurahan di Lembah Gumanti
2026-07-01 14:47:13 [INFO]     KEC [130205] Payung Sekaki
2026-07-01 14:47:13 [INFO]       3 kelurahan di Payung Sekaki
2026-07-01 14:47:13 [INFO]     KEC [130206] Lembang Jaya
2026-07-01 14:47:14 [INFO]       6 kelurahan di Lembang Jaya
2026-07-01 14:47:14 [INFO]     KEC [130207] Gunung Talang
2026-07-01 14:47:14 [INFO]       8 kelurahan di Gunung Talang
2026-07-01 14:47:14 [INFO]     KEC [130208] Bukit Sundi
2026-07-01 14:47:15 [INFO]       5 kelurahan di Bukit Sundi
2026-07-01 14:47:15 [INFO]     KEC [130209] IX Koto Sungai Lasi
2026-07-01 14:47:15 [INFO]       9 kelurahan di IX Koto Sungai Lasi
2026-07-01 14:47:15 [INFO]     KEC [130210] Kubung
2026-07-01 14:47:16 [INFO]       8 kelurahan di Kubung
2026-07-01 14:47:16 [INFO]     KEC [130211] X Koto Singkarak
2026-07-01 14:47:17 [INFO]       8 kelurahan di X Koto Singkarak
2026-07-01 14:47:17 [INFO]     KEC [130212] X Koto Diatas
2026-07-01 14:47:17 [INFO]       9 kelurahan di X Koto Diatas
2026-07-01 14:47:17 [INFO]     KEC [130213] Junjung Sirih
2026-07-01 14:47:18 [INFO]       2 kelurahan di Junjung Sirih
2026-07-01 14:47:18 [INFO]     KEC [130217] Hiliran Gumanti
2026-07-01 14:47:18 [INFO]       3 kelurahan di Hiliran Gumanti
2026-07-01 14:47:18 [INFO]     KEC [130218] Tigo Lurah
2026-07-01 14:47:19 [INFO]       5 kelurahan di Tigo Lurah
2026-07-01 14:47:19 [INFO]     KEC [130219] Danau Kembar
2026-07-01 14:47:19 [INFO]       2 kelurahan di Danau Kembar
2026-07-01 14:47:19 [INFO]   KAB [1303] Kabupaten Sijunjung
2026-07-01 14:47:20 [INFO]     KEC [130303] Tanjung Gadang
2026-07-01 14:47:21 [INFO]       9 kelurahan di Tanjung Gadang
2026-07-01 14:47:21 [INFO]     KEC [130304] Sijunjung
2026-07-01 14:47:21 [INFO]       9 kelurahan di Sijunjung
2026-07-01 14:47:21 [INFO]     KEC [130305] IV Nagari
2026-07-01 14:47:22 [INFO]       5 kelurahan di IV Nagari
2026-07-01 14:47:22 [INFO]     KEC [130306] Kamang Baru
2026-07-01 14:47:22 [INFO]       11 kelurahan di Kamang Baru
2026-07-01 14:47:22 [INFO]     KEC [130307] Lubuk Tarok
2026-07-01 14:47:23 [INFO]       6 kelurahan di Lubuk Tarok
2026-07-01 14:47:23 [INFO]     KEC [130308] Koto VII
2026-07-01 14:47:23 [INFO]       7 kelurahan di Koto VII
2026-07-01 14:47:23 [INFO]     KEC [130309] Sumpur Kudus
2026-07-01 14:47:24 [INFO]       11 kelurahan di Sumpur Kudus
2026-07-01 14:47:24 [INFO]     KEC [130310] Kupitan
2026-07-01 14:47:24 [INFO]       4 kelurahan di Kupitan
2026-07-01 14:47:24 [INFO]   KAB [1304] Kabupaten Tanah Datar
2026-07-01 14:47:25 [INFO]     KEC [130401] X Koto
2026-07-01 14:47:26 [INFO]       9 kelurahan di X Koto
2026-07-01 14:47:26 [INFO]     KEC [130402] Batipuh
2026-07-01 14:47:26 [INFO]       8 kelurahan di Batipuh
2026-07-01 14:47:26 [INFO]     KEC [130403] Rambatan
2026-07-01 14:47:27 [INFO]       5 kelurahan di Rambatan
2026-07-01 14:47:27 [INFO]     KEC [130404] Lima Kaum
2026-07-01 14:47:27 [INFO]       5 kelurahan di Lima Kaum
2026-07-01 14:47:27 [INFO]     KEC [130405] Tanjung Emas
2026-07-01 14:47:28 [INFO]       4 kelurahan di Tanjung Emas
2026-07-01 14:47:28 [INFO]     KEC [130406] Lintau Buo
2026-07-01 14:47:29 [INFO]       4 kelurahan di Lintau Buo
2026-07-01 14:47:29 [INFO]     KEC [130407] Sungayang
2026-07-01 14:47:29 [INFO]       5 kelurahan di Sungayang
2026-07-01 14:47:29 [INFO]     KEC [130408] Sungai Tarab
2026-07-01 14:47:30 [INFO]       10 kelurahan di Sungai Tarab
2026-07-01 14:47:30 [INFO]     KEC [130409] Pariangan
2026-07-01 14:47:30 [INFO]       6 kelurahan di Pariangan
2026-07-01 14:47:30 [INFO]     KEC [130410] Salimpaung
2026-07-01 14:47:31 [INFO]       6 kelurahan di Salimpaung
2026-07-01 14:47:31 [INFO]     KEC [130411] Padang Ganting
2026-07-01 14:47:31 [INFO]       2 kelurahan di Padang Ganting
2026-07-01 14:47:31 [INFO]     KEC [130412] Tanjuang Baru
2026-07-01 14:47:32 [INFO]       2 kelurahan di Tanjuang Baru
2026-07-01 14:47:32 [INFO]     KEC [130413] Lintau Buo Utara
2026-07-01 14:47:33 [INFO]       5 kelurahan di Lintau Buo Utara
2026-07-01 14:47:33 [INFO]     KEC [130414] Batipuah Selatan
2026-07-01 14:47:33 [INFO]       4 kelurahan di Batipuah Selatan
2026-07-01 14:47:33 [INFO]   KAB [1305] Kabupaten Padang Pariaman
2026-07-01 14:47:34 [INFO]     KEC [130501] Lubuak Aluang
2026-07-01 14:47:34 [INFO]       9 kelurahan di Lubuak Aluang
2026-07-01 14:47:34 [INFO]     KEC [130502] Batang Anai
2026-07-01 14:47:35 [INFO]       8 kelurahan di Batang Anai
2026-07-01 14:47:35 [INFO]     KEC [130503] Nan Sabaris
2026-07-01 14:47:35 [INFO]       9 kelurahan di Nan Sabaris
2026-07-01 14:47:35 [INFO]     KEC [130504]  x  Anam Lingkuang
2026-07-01 14:47:36 [INFO]       3 kelurahan di  x  Anam Lingkuang
2026-07-01 14:47:36 [INFO]     KEC [130505] VII Koto
2026-07-01 14:47:36 [INFO]       12 kelurahan di VII Koto
2026-07-01 14:47:36 [INFO]     KEC [130506] V Koto
2026-07-01 14:47:37 [INFO]       8 kelurahan di V Koto
2026-07-01 14:47:37 [INFO]     KEC [130507] Sungai Garinggiang
2026-07-01 14:47:38 [INFO]       4 kelurahan di Sungai Garinggiang
2026-07-01 14:47:38 [INFO]     KEC [130508] Sungai Limau
2026-07-01 14:47:38 [INFO]       4 kelurahan di Sungai Limau
2026-07-01 14:47:38 [INFO]     KEC [130509] IV Koto Aua Malintang
2026-07-01 14:47:39 [INFO]       5 kelurahan di IV Koto Aua Malintang
2026-07-01 14:47:39 [INFO]     KEC [130510] Ulakan Tapakih
2026-07-01 14:47:39 [INFO]       8 kelurahan di Ulakan Tapakih
2026-07-01 14:47:39 [INFO]     KEC [130511] Sintuak Toboh Gadang
2026-07-01 14:47:40 [INFO]       5 kelurahan di Sintuak Toboh Gadang
2026-07-01 14:47:40 [INFO]     KEC [130512] VII Koto Padang Sago
2026-07-01 14:47:40 [INFO]       6 kelurahan di VII Koto Padang Sago
2026-07-01 14:47:40 [INFO]     KEC [130513] Batang Gasan
2026-07-01 14:47:41 [INFO]       3 kelurahan di Batang Gasan
2026-07-01 14:47:41 [INFO]     KEC [130514] V Koto Timur
2026-07-01 14:47:42 [INFO]       4 kelurahan di V Koto Timur
2026-07-01 14:47:42 [INFO]     KEC [130515]  x  Kayu Tanam
2026-07-01 14:47:42 [INFO]       4 kelurahan di  x  Kayu Tanam
2026-07-01 14:47:42 [INFO]     KEC [130516] Koto Patamuan
2026-07-01 14:47:43 [INFO]       6 kelurahan di Koto Patamuan
2026-07-01 14:47:43 [INFO]     KEC [130517] Anam Lingkuang
2026-07-01 14:47:43 [INFO]       5 kelurahan di Anam Lingkuang
2026-07-01 14:47:43 [INFO]   KAB [1306] Kabupaten Agam
2026-07-01 14:47:44 [INFO]     KEC [130601] Tanjung Mutiara
2026-07-01 14:47:44 [INFO]       4 kelurahan di Tanjung Mutiara
2026-07-01 14:47:44 [INFO]     KEC [130602] Lubuk Basung
2026-07-01 14:47:45 [INFO]       5 kelurahan di Lubuk Basung
2026-07-01 14:47:45 [INFO]     KEC [130603] Tanjung Raya
2026-07-01 14:47:46 [INFO]       10 kelurahan di Tanjung Raya
2026-07-01 14:47:46 [INFO]     KEC [130604] Matur
2026-07-01 14:47:46 [INFO]       6 kelurahan di Matur
2026-07-01 14:47:46 [INFO]     KEC [130605] IV Koto
2026-07-01 14:47:47 [INFO]       7 kelurahan di IV Koto
2026-07-01 14:47:47 [INFO]     KEC [130606] Banuhampu
2026-07-01 14:47:47 [INFO]       7 kelurahan di Banuhampu
2026-07-01 14:47:47 [INFO]     KEC [130607] Ampek Angkek
2026-07-01 14:47:48 [INFO]       7 kelurahan di Ampek Angkek
2026-07-01 14:47:48 [INFO]     KEC [130608] Baso
2026-07-01 14:47:48 [INFO]       8 kelurahan di Baso
2026-07-01 14:47:48 [INFO]     KEC [130609] Tilatang Kamang
2026-07-01 14:47:49 [INFO]       3 kelurahan di Tilatang Kamang
2026-07-01 14:47:49 [INFO]     KEC [130610] Palupuh
2026-07-01 14:47:50 [INFO]       5 kelurahan di Palupuh
2026-07-01 14:47:50 [INFO]     KEC [130611] Palembayan
2026-07-01 14:47:50 [INFO]       9 kelurahan di Palembayan
2026-07-01 14:47:50 [INFO]     KEC [130612] Sungai Pua
2026-07-01 14:47:51 [INFO]       5 kelurahan di Sungai Pua
2026-07-01 14:47:51 [INFO]     KEC [130613] Ampek Nagari
2026-07-01 14:47:51 [INFO]       4 kelurahan di Ampek Nagari
2026-07-01 14:47:51 [INFO]     KEC [130614] Candung
2026-07-01 14:47:52 [INFO]       3 kelurahan di Candung
2026-07-01 14:47:52 [INFO]     KEC [130615] Kamang Magek
2026-07-01 14:47:52 [INFO]       5 kelurahan di Kamang Magek
2026-07-01 14:47:52 [INFO]     KEC [130616] Malalak
2026-07-01 14:47:53 [INFO]       4 kelurahan di Malalak
2026-07-01 14:47:53 [INFO]   KAB [1307] Kabupaten Lima Puluh Kota
2026-07-01 14:47:53 [INFO]     KEC [130701] Suliki
2026-07-01 14:47:54 [INFO]       6 kelurahan di Suliki
2026-07-01 14:47:54 [INFO]     KEC [130702] Guguak
2026-07-01 14:47:55 [INFO]       5 kelurahan di Guguak
2026-07-01 14:47:55 [INFO]     KEC [130703] Payakumbuh
2026-07-01 14:47:55 [INFO]       7 kelurahan di Payakumbuh
2026-07-01 14:47:55 [INFO]     KEC [130704] Luak
2026-07-01 14:47:56 [INFO]       4 kelurahan di Luak
2026-07-01 14:47:56 [INFO]     KEC [130705] Harau
2026-07-01 14:47:56 [INFO]       11 kelurahan di Harau
2026-07-01 14:47:56 [INFO]     KEC [130706] Pangkalan Koto Baru
2026-07-01 14:47:57 [INFO]       6 kelurahan di Pangkalan Koto Baru
2026-07-01 14:47:57 [INFO]     KEC [130707] Kapur IX
2026-07-01 14:47:57 [INFO]       7 kelurahan di Kapur IX
2026-07-01 14:47:57 [INFO]     KEC [130708] Gunuang Omeh
2026-07-01 14:47:58 [INFO]       3 kelurahan di Gunuang Omeh
2026-07-01 14:47:58 [INFO]     KEC [130709] Lareh Sago Halaban
2026-07-01 14:47:59 [INFO]       8 kelurahan di Lareh Sago Halaban
2026-07-01 14:47:59 [INFO]     KEC [130710] Situjuah Limo Nagari
2026-07-01 14:47:59 [INFO]       5 kelurahan di Situjuah Limo Nagari
2026-07-01 14:47:59 [INFO]     KEC [130711] Mungka
2026-07-01 14:48:00 [INFO]       5 kelurahan di Mungka
2026-07-01 14:48:00 [INFO]     KEC [130712] Bukik Barisan
2026-07-01 14:48:00 [INFO]       5 kelurahan di Bukik Barisan
2026-07-01 14:48:00 [INFO]     KEC [130713] Akabiluru
2026-07-01 14:48:01 [INFO]       7 kelurahan di Akabiluru
2026-07-01 14:48:01 [INFO]   KAB [1308] Kabupaten Pasaman
2026-07-01 14:48:01 [INFO]     KEC [130804] Bonjol
2026-07-01 14:48:02 [INFO]       5 kelurahan di Bonjol
2026-07-01 14:48:02 [INFO]     KEC [130805] Lubuk Sikaping
2026-07-01 14:48:02 [INFO]       13 kelurahan di Lubuk Sikaping
2026-07-01 14:48:02 [INFO]     KEC [130807] Panti
2026-07-01 14:48:03 [INFO]       4 kelurahan di Panti
2026-07-01 14:48:03 [INFO]     KEC [130808] Mapat Tunggul
2026-07-01 14:48:04 [INFO]       4 kelurahan di Mapat Tunggul
2026-07-01 14:48:04 [INFO]     KEC [130812] Duo Koto
2026-07-01 14:48:04 [INFO]       7 kelurahan di Duo Koto
2026-07-01 14:48:04 [INFO]     KEC [130813] Tigo Nagari
2026-07-01 14:48:05 [INFO]       5 kelurahan di Tigo Nagari
2026-07-01 14:48:05 [INFO]     KEC [130814] Rao
2026-07-01 14:48:05 [INFO]       5 kelurahan di Rao
2026-07-01 14:48:05 [INFO]     KEC [130815] Mapat Tunggul Selatan
2026-07-01 14:48:06 [INFO]       2 kelurahan di Mapat Tunggul Selatan
2026-07-01 14:48:06 [INFO]     KEC [130816] Simpang Alahan Mati
2026-07-01 14:48:06 [INFO]       4 kelurahan di Simpang Alahan Mati
2026-07-01 14:48:06 [INFO]     KEC [130817] Padang Gelugur
2026-07-01 14:48:07 [INFO]       4 kelurahan di Padang Gelugur
2026-07-01 14:48:07 [INFO]     KEC [130818] Rao Utara
2026-07-01 14:48:08 [INFO]       3 kelurahan di Rao Utara
2026-07-01 14:48:08 [INFO]     KEC [130819] Rao Selatan
2026-07-01 14:48:08 [INFO]       6 kelurahan di Rao Selatan
2026-07-01 14:48:08 [INFO]   KAB [1309] Kabupaten Kepulauan Mentawai
2026-07-01 14:48:09 [INFO]     KEC [130901] Pagai Utara
2026-07-01 14:48:09 [INFO]       3 kelurahan di Pagai Utara
2026-07-01 14:48:09 [INFO]     KEC [130902] Sipora Selatan
2026-07-01 14:48:10 [INFO]       7 kelurahan di Sipora Selatan
2026-07-01 14:48:10 [INFO]     KEC [130903] Siberut Selatan
2026-07-01 14:48:10 [INFO]       5 kelurahan di Siberut Selatan
2026-07-01 14:48:10 [INFO]     KEC [130904] Siberut Utara
2026-07-01 14:48:11 [INFO]       6 kelurahan di Siberut Utara
2026-07-01 14:48:11 [INFO]     KEC [130905] Siberut Barat
2026-07-01 14:48:12 [INFO]       3 kelurahan di Siberut Barat
2026-07-01 14:48:12 [INFO]     KEC [130906] Siberut Barat Daya
2026-07-01 14:48:12 [INFO]       3 kelurahan di Siberut Barat Daya
2026-07-01 14:48:12 [INFO]     KEC [130907] Siberut Tengah
2026-07-01 14:48:13 [INFO]       3 kelurahan di Siberut Tengah
2026-07-01 14:48:13 [INFO]     KEC [130908] Sipora Utara
2026-07-01 14:48:13 [INFO]       6 kelurahan di Sipora Utara
2026-07-01 14:48:13 [INFO]     KEC [130909] Sikakap
2026-07-01 14:48:14 [INFO]       3 kelurahan di Sikakap
2026-07-01 14:48:14 [INFO]     KEC [130910] Pagai Selatan
2026-07-01 14:48:14 [INFO]       4 kelurahan di Pagai Selatan
2026-07-01 14:48:14 [INFO]   KAB [1310] Kabupaten Dharmasraya
2026-07-01 14:48:15 [INFO]     KEC [131001] Koto Baru
2026-07-01 14:48:15 [INFO]       4 kelurahan di Koto Baru
2026-07-01 14:48:15 [INFO]     KEC [131002] Pulau Punjung
2026-07-01 14:48:16 [INFO]       6 kelurahan di Pulau Punjung
2026-07-01 14:48:16 [INFO]     KEC [131003] Sungai Rumbai
2026-07-01 14:48:17 [INFO]       4 kelurahan di Sungai Rumbai
2026-07-01 14:48:17 [INFO]     KEC [131004] Sitiung
2026-07-01 14:48:17 [INFO]       4 kelurahan di Sitiung
2026-07-01 14:48:17 [INFO]     KEC [131005] Sembilan Koto
2026-07-01 14:48:18 [INFO]       4 kelurahan di Sembilan Koto
2026-07-01 14:48:18 [INFO]     KEC [131006] Timpeh
2026-07-01 14:48:18 [INFO]       5 kelurahan di Timpeh
2026-07-01 14:48:18 [INFO]     KEC [131007] Koto Salak
2026-07-01 14:48:19 [INFO]       5 kelurahan di Koto Salak
2026-07-01 14:48:19 [INFO]     KEC [131008] Tiumang
2026-07-01 14:48:19 [INFO]       4 kelurahan di Tiumang
2026-07-01 14:48:19 [INFO]     KEC [131009] Padang Laweh
2026-07-01 14:48:20 [INFO]       4 kelurahan di Padang Laweh
2026-07-01 14:48:20 [INFO]     KEC [131010] Asam Jujuhan
2026-07-01 14:48:21 [INFO]       5 kelurahan di Asam Jujuhan
2026-07-01 14:48:21 [INFO]     KEC [131011] Koto Besar
2026-07-01 14:48:21 [INFO]   KAB [1311] Kabupaten Solok Selatan
2026-07-01 14:48:25 [INFO]   KAB [1312] Kabupaten Pasaman Barat
2026-07-01 14:48:32 [INFO]   KAB [1371] Kota Padang
2026-07-01 14:48:38 [INFO]   KAB [1372] Kota Solok
2026-07-01 14:48:44 [INFO]     KEC [137201] Lubuk Sikarah
2026-07-01 14:48:45 [INFO]       7 kelurahan di Lubuk Sikarah
2026-07-01 14:48:45 [INFO]     KEC [137202] Tanjung Harapan
2026-07-01 14:48:45 [INFO]       6 kelurahan di Tanjung Harapan
2026-07-01 14:48:45 [INFO]   KAB [1373] Kota Sawahlunto
2026-07-01 14:48:46 [INFO]     KEC [137301] Lembah Segar
2026-07-01 14:48:47 [INFO]       11 kelurahan di Lembah Segar
2026-07-01 14:48:47 [INFO]     KEC [137302] Barangin
2026-07-01 14:48:47 [INFO]       10 kelurahan di Barangin
2026-07-01 14:48:47 [INFO]     KEC [137303] Silungkang
2026-07-01 14:48:48 [INFO]       5 kelurahan di Silungkang
2026-07-01 14:48:48 [INFO]     KEC [137304] Talawi
2026-07-01 14:48:49 [INFO]       11 kelurahan di Talawi
2026-07-01 14:48:49 [INFO]   KAB [1374] Kota Padang Panjang
2026-07-01 14:48:49 [INFO]     KEC [137401] Padang Panjang Timur
2026-07-01 14:48:50 [INFO]       8 kelurahan di Padang Panjang Timur
2026-07-01 14:48:50 [INFO]     KEC [137402] Padang Panjang Barat
2026-07-01 14:48:50 [INFO]       8 kelurahan di Padang Panjang Barat
2026-07-01 14:48:50 [INFO]   KAB [1375] Kota Bukittinggi
2026-07-01 14:48:51 [INFO]     KEC [137501] Guguak Panjang
2026-07-01 14:48:52 [INFO]       7 kelurahan di Guguak Panjang
2026-07-01 14:48:52 [INFO]     KEC [137502] Mandiangin Koto Selayan
2026-07-01 14:48:52 [INFO]       9 kelurahan di Mandiangin Koto Selayan
2026-07-01 14:48:52 [INFO]     KEC [137503] Aur Birugo Tigo Baleh
2026-07-01 14:48:53 [INFO]       8 kelurahan di Aur Birugo Tigo Baleh
2026-07-01 14:48:53 [INFO]   KAB [1376] Kota Payakumbuh
2026-07-01 14:48:53 [INFO]     KEC [137601] Payakumbuh Barat
2026-07-01 14:48:54 [INFO]       17 kelurahan di Payakumbuh Barat
2026-07-01 14:48:54 [INFO]     KEC [137602] Payakumbuh Utara
2026-07-01 14:48:55 [INFO]       9 kelurahan di Payakumbuh Utara
2026-07-01 14:48:55 [INFO]     KEC [137603] Payakumbuh Timur
2026-07-01 14:48:55 [INFO]       9 kelurahan di Payakumbuh Timur
2026-07-01 14:48:55 [INFO]     KEC [137604] Lamposi Tigo Nagori
2026-07-01 14:48:56 [INFO]       6 kelurahan di Lamposi Tigo Nagori
2026-07-01 14:48:56 [INFO]     KEC [137605] Payakumbuh Selatan
2026-07-01 14:48:56 [INFO]       6 kelurahan di Payakumbuh Selatan
2026-07-01 14:48:56 [INFO]   KAB [1377] Kota Pariaman
2026-07-01 14:48:57 [INFO]     KEC [137701] Pariaman Tengah
2026-07-01 14:48:57 [INFO]       22 kelurahan di Pariaman Tengah
2026-07-01 14:48:57 [INFO]     KEC [137702] Pariaman Utara
2026-07-01 14:48:58 [INFO]       17 kelurahan di Pariaman Utara
2026-07-01 14:48:58 [INFO]     KEC [137703] Pariaman Selatan
2026-07-01 14:48:59 [INFO]       16 kelurahan di Pariaman Selatan
2026-07-01 14:48:59 [INFO]     KEC [137704] Pariaman Timur
2026-07-01 14:48:59 [INFO]       16 kelurahan di Pariaman Timur
2026-07-01 14:48:59 [INFO] PROVINSI SELESAI [13] Sumatera Barat
2026-07-01 14:48:59 [INFO] PROVINSI [14] Riau
2026-07-01 14:49:00 [INFO]   KAB [1401] Kabupaten Kampar
2026-07-01 14:49:01 [INFO]     KEC [140101] Bangkinang Kota
2026-07-01 14:49:01 [INFO]       4 kelurahan di Bangkinang Kota
2026-07-01 14:49:01 [INFO]     KEC [140102] Kampar
2026-07-01 14:49:02 [INFO]       18 kelurahan di Kampar
2026-07-01 14:49:02 [INFO]     KEC [140103] Tambang
2026-07-01 14:49:02 [INFO]       17 kelurahan di Tambang
2026-07-01 14:49:02 [INFO]     KEC [140104] XIII Koto Kampar
2026-07-01 14:49:03 [INFO]       13 kelurahan di XIII Koto Kampar
2026-07-01 14:49:03 [INFO]     KEC [140105] Kuok
2026-07-01 14:49:03 [INFO]       9 kelurahan di Kuok
2026-07-01 14:49:03 [INFO]     KEC [140106] Siak Hulu
2026-07-01 14:49:04 [INFO]       12 kelurahan di Siak Hulu
2026-07-01 14:49:04 [INFO]     KEC [140107] Kampar Kiri
2026-07-01 14:49:05 [INFO]       20 kelurahan di Kampar Kiri
2026-07-01 14:49:05 [INFO]     KEC [140108] Kampar Kiri Hilir
2026-07-01 14:49:05 [INFO]       8 kelurahan di Kampar Kiri Hilir
2026-07-01 14:49:05 [INFO]     KEC [140109] Kampar Kiri Hulu
2026-07-01 14:49:06 [INFO]       24 kelurahan di Kampar Kiri Hulu
2026-07-01 14:49:06 [INFO]     KEC [140110] Tapung
2026-07-01 14:49:06 [INFO]       25 kelurahan di Tapung
2026-07-01 14:49:06 [INFO]     KEC [140111] Tapung Hilir
2026-07-01 14:49:07 [INFO]       16 kelurahan di Tapung Hilir
2026-07-01 14:49:07 [INFO]     KEC [140112] Tapung Hulu
2026-07-01 14:49:07 [INFO]       14 kelurahan di Tapung Hulu
2026-07-01 14:49:07 [INFO]     KEC [140113] Salo
2026-07-01 14:49:08 [INFO]       6 kelurahan di Salo
2026-07-01 14:49:08 [INFO]     KEC [140114] Rumbio Jaya
2026-07-01 14:49:09 [INFO]       7 kelurahan di Rumbio Jaya
2026-07-01 14:49:09 [INFO]     KEC [140115] Bangkinang
2026-07-01 14:49:09 [INFO]       9 kelurahan di Bangkinang
2026-07-01 14:49:09 [INFO]     KEC [140116] Perhentian Raja
2026-07-01 14:49:10 [INFO]       5 kelurahan di Perhentian Raja
2026-07-01 14:49:10 [INFO]     KEC [140117] Kampa
2026-07-01 14:49:10 [INFO]       9 kelurahan di Kampa
2026-07-01 14:49:10 [INFO]     KEC [140118] Kampar Utara
2026-07-01 14:49:11 [INFO]       8 kelurahan di Kampar Utara
2026-07-01 14:49:11 [INFO]     KEC [140119] Kampar Kiri Tengah
2026-07-01 14:49:11 [INFO]       11 kelurahan di Kampar Kiri Tengah
2026-07-01 14:49:11 [INFO]     KEC [140120] Gunung Sahilan
2026-07-01 14:49:12 [INFO]       9 kelurahan di Gunung Sahilan
2026-07-01 14:49:12 [INFO]     KEC [140121] Koto Kampar Hulu
2026-07-01 14:49:12 [INFO]       6 kelurahan di Koto Kampar Hulu
2026-07-01 14:49:12 [INFO]   KAB [1402] Kabupaten Indragiri Hulu
2026-07-01 14:49:13 [INFO]     KEC [140201] Rengat
2026-07-01 14:49:14 [INFO]       16 kelurahan di Rengat
2026-07-01 14:49:14 [INFO]     KEC [140202] Rengat Barat
2026-07-01 14:49:14 [INFO]       18 kelurahan di Rengat Barat
2026-07-01 14:49:14 [INFO]     KEC [140203] Kelayang
2026-07-01 14:49:15 [INFO]       17 kelurahan di Kelayang
2026-07-01 14:49:15 [INFO]     KEC [140204] Pasir Penyu
2026-07-01 14:49:15 [INFO]       13 kelurahan di Pasir Penyu
2026-07-01 14:49:15 [INFO]     KEC [140205] Peranap
2026-07-01 14:49:16 [INFO]       12 kelurahan di Peranap
2026-07-01 14:49:16 [INFO]     KEC [140206] Seberida
2026-07-01 14:49:17 [INFO]       11 kelurahan di Seberida
2026-07-01 14:49:17 [INFO]     KEC [140207] Batang Cenaku
2026-07-01 14:49:17 [INFO]       20 kelurahan di Batang Cenaku
2026-07-01 14:49:17 [INFO]     KEC [140208] Batang Gansal
2026-07-01 14:49:18 [INFO]       10 kelurahan di Batang Gansal
2026-07-01 14:49:18 [INFO]     KEC [140209] Lirik
2026-07-01 14:49:18 [INFO]       17 kelurahan di Lirik
2026-07-01 14:49:18 [INFO]     KEC [140210] Kuala Cenaku
2026-07-01 14:49:19 [INFO]       10 kelurahan di Kuala Cenaku
2026-07-01 14:49:19 [INFO]     KEC [140211] Sungai Lala
2026-07-01 14:49:19 [INFO]       12 kelurahan di Sungai Lala
2026-07-01 14:49:19 [INFO]     KEC [140212] Lubuk Batu Jaya
2026-07-01 14:49:20 [INFO]       9 kelurahan di Lubuk Batu Jaya
2026-07-01 14:49:20 [INFO]     KEC [140213] Rakit Kulim
2026-07-01 14:49:21 [INFO]       19 kelurahan di Rakit Kulim
2026-07-01 14:49:21 [INFO]     KEC [140214] Batang Peranap
2026-07-01 14:49:21 [INFO]       10 kelurahan di Batang Peranap
2026-07-01 14:49:21 [INFO]   KAB [1403] Kabupaten Bengkalis
2026-07-01 14:49:22 [INFO]     KEC [140301] Bengkalis
2026-07-01 14:49:22 [INFO]       31 kelurahan di Bengkalis
2026-07-01 14:49:22 [INFO]     KEC [140302] Bantan
2026-07-01 14:49:23 [INFO]       23 kelurahan di Bantan
2026-07-01 14:49:23 [INFO]     KEC [140303] Bukit Batu
2026-07-01 14:49:23 [INFO]       10 kelurahan di Bukit Batu
2026-07-01 14:49:23 [INFO]     KEC [140309] Mandau
2026-07-01 14:49:24 [INFO]       11 kelurahan di Mandau
2026-07-01 14:49:24 [INFO]     KEC [140310] Rupat
2026-07-01 14:49:25 [INFO]       16 kelurahan di Rupat
2026-07-01 14:49:25 [INFO]     KEC [140311] Rupat Utara
2026-07-01 14:49:25 [INFO]       8 kelurahan di Rupat Utara
2026-07-01 14:49:25 [INFO]     KEC [140312] Siak Kecil
2026-07-01 14:49:26 [INFO]       17 kelurahan di Siak Kecil
2026-07-01 14:49:26 [INFO]     KEC [140313] Pinggir
2026-07-01 14:49:26 [INFO]       10 kelurahan di Pinggir
2026-07-01 14:49:26 [INFO]     KEC [140314] Bandar Laksamana
2026-07-01 14:49:27 [INFO]       7 kelurahan di Bandar Laksamana
2026-07-01 14:49:27 [INFO]     KEC [140315] Talang Muandau
2026-07-01 14:49:27 [INFO]       9 kelurahan di Talang Muandau
2026-07-01 14:49:27 [INFO]     KEC [140316] Bathin Solapan
2026-07-01 14:49:28 [INFO]       13 kelurahan di Bathin Solapan
2026-07-01 14:49:28 [INFO]   KAB [1404] Kabupaten Indragiri Hilir
2026-07-01 14:49:29 [INFO]     KEC [140401] Reteh
2026-07-01 14:49:29 [INFO]       14 kelurahan di Reteh
2026-07-01 14:49:29 [INFO]     KEC [140402] Enok
2026-07-01 14:49:30 [INFO]       14 kelurahan di Enok
2026-07-01 14:49:30 [INFO]     KEC [140403] Kuala Indragiri
2026-07-01 14:49:30 [INFO]       8 kelurahan di Kuala Indragiri
2026-07-01 14:49:30 [INFO]     KEC [140404] Tembilahan
2026-07-01 14:49:31 [INFO]       8 kelurahan di Tembilahan
2026-07-01 14:49:31 [INFO]     KEC [140405] Tempuling
2026-07-01 14:49:31 [INFO]       9 kelurahan di Tempuling
2026-07-01 14:49:32 [INFO]     KEC [140406] Gaung Anak Serka
2026-07-01 14:49:32 [INFO]       12 kelurahan di Gaung Anak Serka
2026-07-01 14:49:32 [INFO]     KEC [140407] Mandah
2026-07-01 14:49:33 [INFO]       17 kelurahan di Mandah
2026-07-01 14:49:33 [INFO]     KEC [140408] Kateman
2026-07-01 14:49:33 [INFO]       11 kelurahan di Kateman
2026-07-01 14:49:33 [INFO]     KEC [140409] Keritang
2026-07-01 14:49:34 [INFO]       17 kelurahan di Keritang
2026-07-01 14:49:34 [INFO]     KEC [140410] Tanah Merah
2026-07-01 14:49:34 [INFO]       10 kelurahan di Tanah Merah
2026-07-01 14:49:34 [INFO]     KEC [140411] Batang Tuaka
2026-07-01 14:49:35 [INFO]       13 kelurahan di Batang Tuaka
2026-07-01 14:49:35 [INFO]     KEC [140412] Gaung
2026-07-01 14:49:35 [INFO]       16 kelurahan di Gaung
2026-07-01 14:49:35 [INFO]     KEC [140413] Tembilahan Hulu
2026-07-01 14:49:36 [INFO]       6 kelurahan di Tembilahan Hulu
2026-07-01 14:49:36 [INFO]     KEC [140414] Kemuning
2026-07-01 14:49:37 [INFO]       12 kelurahan di Kemuning
2026-07-01 14:49:37 [INFO]     KEC [140415] Pelangiran
2026-07-01 14:49:37 [INFO]       16 kelurahan di Pelangiran
2026-07-01 14:49:37 [INFO]     KEC [140416] Teluk Belengkong
2026-07-01 14:49:38 [INFO]       13 kelurahan di Teluk Belengkong
2026-07-01 14:49:38 [INFO]     KEC [140417] Pulau Burung
2026-07-01 14:49:38 [INFO]       14 kelurahan di Pulau Burung
2026-07-01 14:49:38 [INFO]     KEC [140418] Concong
2026-07-01 14:49:39 [INFO]       6 kelurahan di Concong
2026-07-01 14:49:39 [INFO]     KEC [140419] Kempas
2026-07-01 14:49:39 [INFO]       12 kelurahan di Kempas
2026-07-01 14:49:39 [INFO]     KEC [140420] Sungai Batang
2026-07-01 14:49:40 [INFO]       8 kelurahan di Sungai Batang
2026-07-01 14:49:40 [INFO]   KAB [1405] Kabupaten  Pelalawan
2026-07-01 14:49:41 [INFO]     KEC [140501] Ukui
2026-07-01 14:49:41 [INFO]       12 kelurahan di Ukui
2026-07-01 14:49:41 [INFO]     KEC [140502] Pangkalan Kerinci
2026-07-01 14:49:42 [INFO]       7 kelurahan di Pangkalan Kerinci
2026-07-01 14:49:42 [INFO]     KEC [140503] Pangkalan Kuras
2026-07-01 14:49:42 [INFO]       17 kelurahan di Pangkalan Kuras
2026-07-01 14:49:42 [INFO]     KEC [140504] Pangkalan Lesung
2026-07-01 14:49:43 [INFO]       10 kelurahan di Pangkalan Lesung
2026-07-01 14:49:43 [INFO]     KEC [140505] Langgam
2026-07-01 14:49:43 [INFO]       8 kelurahan di Langgam
2026-07-01 14:49:43 [INFO]     KEC [140506] Pelalawan
2026-07-01 14:49:44 [INFO]       9 kelurahan di Pelalawan
2026-07-01 14:49:44 [INFO]     KEC [140507] Kerumutan
2026-07-01 14:49:45 [INFO]       10 kelurahan di Kerumutan
2026-07-01 14:49:45 [INFO]     KEC [140508] Bunut
2026-07-01 14:49:45 [INFO]       10 kelurahan di Bunut
2026-07-01 14:49:45 [INFO]     KEC [140509] Teluk Meranti
2026-07-01 14:49:46 [INFO]       9 kelurahan di Teluk Meranti
2026-07-01 14:49:46 [INFO]     KEC [140510] Kuala Kampar
2026-07-01 14:49:46 [INFO]       10 kelurahan di Kuala Kampar
2026-07-01 14:49:46 [INFO]     KEC [140511] Bandar Sei Kijang
2026-07-01 14:49:47 [INFO]       5 kelurahan di Bandar Sei Kijang
2026-07-01 14:49:47 [INFO]     KEC [140512] Bandar Petalangan
2026-07-01 14:49:47 [INFO]       11 kelurahan di Bandar Petalangan
2026-07-01 14:49:47 [INFO]   KAB [1406] Kabupaten  Rokan Hulu
2026-07-01 14:49:48 [INFO]     KEC [140601] Ujung Batu
2026-07-01 14:49:49 [INFO]       5 kelurahan di Ujung Batu
2026-07-01 14:49:49 [INFO]     KEC [140602] Rokan IV Koto
2026-07-01 14:49:49 [INFO]       14 kelurahan di Rokan IV Koto
2026-07-01 14:49:49 [INFO]     KEC [140603] Rambah
2026-07-01 14:49:50 [INFO]       14 kelurahan di Rambah
2026-07-01 14:49:50 [INFO]     KEC [140604] Tambusai
2026-07-01 14:49:51 [INFO]       12 kelurahan di Tambusai
2026-07-01 14:49:51 [INFO]     KEC [140605] Kepenuhan
2026-07-01 14:49:52 [INFO]       10 kelurahan di Kepenuhan
2026-07-01 14:49:52 [INFO]     KEC [140606] Kunto Darussalam
2026-07-01 14:49:52 [INFO]       10 kelurahan di Kunto Darussalam
2026-07-01 14:49:52 [INFO]     KEC [140607] Rambah Samo
2026-07-01 14:49:53 [INFO]       14 kelurahan di Rambah Samo
2026-07-01 14:49:53 [INFO]     KEC [140608] Rambah Hilir
2026-07-01 14:49:53 [INFO]       13 kelurahan di Rambah Hilir
2026-07-01 14:49:53 [INFO]     KEC [140609] Tambusai Utara
2026-07-01 14:49:54 [INFO]       11 kelurahan di Tambusai Utara
2026-07-01 14:49:54 [INFO]     KEC [140610] Bangun Purba
2026-07-01 14:49:55 [INFO]       7 kelurahan di Bangun Purba
2026-07-01 14:49:55 [INFO]     KEC [140611] Tandun
2026-07-01 14:49:55 [INFO]       9 kelurahan di Tandun
2026-07-01 14:49:55 [INFO]     KEC [140612] Kabun
2026-07-01 14:49:56 [INFO]       6 kelurahan di Kabun
2026-07-01 14:49:56 [INFO]     KEC [140613] Bonai Darussalam
2026-07-01 14:49:56 [INFO]       7 kelurahan di Bonai Darussalam
2026-07-01 14:49:56 [INFO]     KEC [140614] Pagaran Tapah Darussalam
2026-07-01 14:49:57 [INFO]       3 kelurahan di Pagaran Tapah Darussalam
2026-07-01 14:49:57 [INFO]     KEC [140615] Kepenuhan Hulu
2026-07-01 14:49:58 [INFO]       5 kelurahan di Kepenuhan Hulu
2026-07-01 14:49:58 [INFO]     KEC [140616] Pendalian IV Koto
2026-07-01 14:49:58 [INFO]       5 kelurahan di Pendalian IV Koto
2026-07-01 14:49:58 [INFO]   KAB [1407] Kabupaten  Rokan Hilir
2026-07-01 14:49:59 [INFO]     KEC [140701] Kubu
2026-07-01 14:49:59 [INFO]       10 kelurahan di Kubu
2026-07-01 14:49:59 [INFO]     KEC [140702] Bangko
2026-07-01 14:50:00 [INFO]       15 kelurahan di Bangko
2026-07-01 14:50:00 [INFO]     KEC [140703] Tanah Putih
2026-07-01 14:50:00 [INFO]       17 kelurahan di Tanah Putih
2026-07-01 14:50:00 [INFO]     KEC [140704] Rimba Melintang
2026-07-01 14:50:01 [INFO]       12 kelurahan di Rimba Melintang
2026-07-01 14:50:01 [INFO]     KEC [140705] Bagansinembah
2026-07-01 14:50:01 [INFO]       13 kelurahan di Bagansinembah
2026-07-01 14:50:01 [INFO]     KEC [140706] Pasir Limau Kapas
2026-07-01 14:50:02 [INFO]       8 kelurahan di Pasir Limau Kapas
2026-07-01 14:50:02 [INFO]     KEC [140707] Sinaboi
2026-07-01 14:50:03 [INFO]       6 kelurahan di Sinaboi
2026-07-01 14:50:03 [INFO]     KEC [140708] Pujud
2026-07-01 14:50:03 [INFO]       11 kelurahan di Pujud
2026-07-01 14:50:03 [INFO]     KEC [140709] Tanah Putih Tanjung Melawan
2026-07-01 14:50:04 [INFO]       6 kelurahan di Tanah Putih Tanjung Melawan
2026-07-01 14:50:04 [INFO]     KEC [140710] Bangko Pusako
2026-07-01 14:50:04 [INFO]       16 kelurahan di Bangko Pusako
2026-07-01 14:50:04 [INFO]     KEC [140711] Simpang Kanan
2026-07-01 14:50:05 [INFO]       6 kelurahan di Simpang Kanan
2026-07-01 14:50:05 [INFO]     KEC [140712] Batu Hampar
2026-07-01 14:50:05 [INFO]       5 kelurahan di Batu Hampar
2026-07-01 14:50:05 [INFO]     KEC [140713] Rantau Kopar
2026-07-01 14:50:06 [INFO]       4 kelurahan di Rantau Kopar
2026-07-01 14:50:06 [INFO]     KEC [140714] Pekaitan
2026-07-01 14:50:07 [INFO]       10 kelurahan di Pekaitan
2026-07-01 14:50:07 [INFO]     KEC [140715] Kubu Babussalam
2026-07-01 14:50:07 [INFO]       12 kelurahan di Kubu Babussalam
2026-07-01 14:50:07 [INFO]     KEC [140716] Tanjung Medan
2026-07-01 14:50:08 [INFO]       12 kelurahan di Tanjung Medan
2026-07-01 14:50:08 [INFO]     KEC [140717] Bagan Sinembah Raya
2026-07-01 14:50:08 [INFO]       10 kelurahan di Bagan Sinembah Raya
2026-07-01 14:50:08 [INFO]     KEC [140718] Balai Jaya
2026-07-01 14:50:09 [INFO]       11 kelurahan di Balai Jaya
2026-07-01 14:50:09 [INFO]   KAB [1408] Kabupaten Siak
2026-07-01 14:50:10 [INFO]     KEC [140801] Siak
2026-07-01 14:50:10 [INFO]       8 kelurahan di Siak
2026-07-01 14:50:10 [INFO]     KEC [140802] Sungai Apit
2026-07-01 14:50:11 [INFO]       15 kelurahan di Sungai Apit
2026-07-01 14:50:11 [INFO]     KEC [140803] Minas
2026-07-01 14:50:11 [INFO]       5 kelurahan di Minas
2026-07-01 14:50:11 [INFO]     KEC [140804] Tualang
2026-07-01 14:50:12 [INFO]       9 kelurahan di Tualang
2026-07-01 14:50:12 [INFO]     KEC [140805] Sungai Mandau
2026-07-01 14:50:12 [INFO]       9 kelurahan di Sungai Mandau
2026-07-01 14:50:12 [INFO]     KEC [140806] Dayun
2026-07-01 14:50:13 [INFO]       11 kelurahan di Dayun
2026-07-01 14:50:13 [INFO]     KEC [140807] Kerinci Kanan
2026-07-01 14:50:14 [INFO]       12 kelurahan di Kerinci Kanan
2026-07-01 14:50:14 [INFO]     KEC [140808] Bunga Raya
2026-07-01 14:50:14 [INFO]       10 kelurahan di Bunga Raya
2026-07-01 14:50:14 [INFO]     KEC [140809] Koto Gasib
2026-07-01 14:50:15 [INFO]       11 kelurahan di Koto Gasib
2026-07-01 14:50:15 [INFO]     KEC [140810] Kandis
2026-07-01 14:50:16 [INFO]       11 kelurahan di Kandis
2026-07-01 14:50:16 [INFO]     KEC [140811] Lubuk Dalam
2026-07-01 14:50:16 [INFO]       7 kelurahan di Lubuk Dalam
2026-07-01 14:50:16 [INFO]     KEC [140812] Sabak Auh
2026-07-01 14:50:17 [INFO]       8 kelurahan di Sabak Auh
2026-07-01 14:50:17 [INFO]     KEC [140813] Mempura
2026-07-01 14:50:17 [INFO]       8 kelurahan di Mempura
2026-07-01 14:50:17 [INFO]     KEC [140814] Pusako
2026-07-01 14:50:18 [INFO]       7 kelurahan di Pusako
2026-07-01 14:50:18 [INFO]   KAB [1409] Kabupaten Kuantan Singingi
2026-07-01 14:50:18 [INFO]     KEC [140901] Kuantan Mudik
2026-07-01 14:50:19 [INFO]       24 kelurahan di Kuantan Mudik
2026-07-01 14:50:19 [INFO]     KEC [140902] Kuantan Tengah
2026-07-01 14:50:20 [INFO]       23 kelurahan di Kuantan Tengah
2026-07-01 14:50:20 [INFO]     KEC [140903] Singingi
2026-07-01 14:50:20 [INFO]       14 kelurahan di Singingi
2026-07-01 14:50:20 [INFO]     KEC [140904] Kuantan Hilir
2026-07-01 14:50:21 [INFO]       16 kelurahan di Kuantan Hilir
2026-07-01 14:50:21 [INFO]     KEC [140905] Cerenti
2026-07-01 14:50:21 [INFO]       13 kelurahan di Cerenti
2026-07-01 14:50:21 [INFO]     KEC [140906] Benai
2026-07-01 14:50:22 [INFO]       16 kelurahan di Benai
2026-07-01 14:50:22 [INFO]     KEC [140907] Gunungtoar
2026-07-01 14:50:22 [INFO]       14 kelurahan di Gunungtoar
2026-07-01 14:50:22 [INFO]     KEC [140908] Singingi Hilir
2026-07-01 14:50:23 [INFO]       12 kelurahan di Singingi Hilir
2026-07-01 14:50:23 [INFO]     KEC [140909] Pangean
2026-07-01 14:50:23 [INFO]       17 kelurahan di Pangean
2026-07-01 14:50:24 [INFO]     KEC [140910] Logas Tanah Darat
2026-07-01 14:50:24 [INFO]       15 kelurahan di Logas Tanah Darat
2026-07-01 14:50:24 [INFO]     KEC [140911] Inuman
2026-07-01 14:50:25 [INFO]       14 kelurahan di Inuman
2026-07-01 14:50:25 [INFO]     KEC [140912] Hulu Kuantan
2026-07-01 14:50:26 [INFO]       12 kelurahan di Hulu Kuantan
2026-07-01 14:50:26 [INFO]     KEC [140913] Kuantan Hilir Seberang
2026-07-01 14:50:26 [INFO]       14 kelurahan di Kuantan Hilir Seberang
2026-07-01 14:50:26 [INFO]     KEC [140914] Sentajo Raya
2026-07-01 14:50:27 [INFO]       15 kelurahan di Sentajo Raya
2026-07-01 14:50:27 [INFO]     KEC [140915] Pucuk Rantau
2026-07-01 14:50:27 [INFO]       10 kelurahan di Pucuk Rantau
2026-07-01 14:50:27 [INFO]   KAB [1410] Kabupaten Kepulauan Meranti
2026-07-01 14:50:28 [INFO]     KEC [141001] Tebing Tinggi
2026-07-01 14:50:28 [INFO]       9 kelurahan di Tebing Tinggi
2026-07-01 14:50:28 [INFO]     KEC [141002] Rangsang Barat
2026-07-01 14:50:29 [INFO]       12 kelurahan di Rangsang Barat
2026-07-01 14:50:29 [INFO]     KEC [141003] Rangsang
2026-07-01 14:50:30 [INFO]       14 kelurahan di Rangsang
2026-07-01 14:50:30 [INFO]     KEC [141004] Tebing Tinggi Barat
2026-07-01 14:50:30 [INFO]       14 kelurahan di Tebing Tinggi Barat
2026-07-01 14:50:30 [INFO]     KEC [141005] Merbau
2026-07-01 14:50:31 [INFO]       10 kelurahan di Merbau
2026-07-01 14:50:31 [INFO]     KEC [141006] Pulaumerbau
2026-07-01 14:50:31 [INFO]       11 kelurahan di Pulaumerbau
2026-07-01 14:50:31 [INFO]     KEC [141007] Tebing Tinggi Timur
2026-07-01 14:50:32 [INFO]       10 kelurahan di Tebing Tinggi Timur
2026-07-01 14:50:32 [INFO]     KEC [141008] Tasik Putri Puyu
2026-07-01 14:50:32 [INFO]       10 kelurahan di Tasik Putri Puyu
2026-07-01 14:50:32 [INFO]     KEC [141009] Rangsang Pesisir
2026-07-01 14:50:33 [INFO]       11 kelurahan di Rangsang Pesisir
2026-07-01 14:50:33 [INFO]   KAB [1471] Kota Pekanbaru
2026-07-01 14:50:34 [INFO]     KEC [147101] Sukajadi
2026-07-01 14:50:34 [INFO]       7 kelurahan di Sukajadi
2026-07-01 14:50:34 [INFO]     KEC [147102] Pekanbaru Kota
2026-07-01 14:50:35 [INFO]       6 kelurahan di Pekanbaru Kota
2026-07-01 14:50:35 [INFO]     KEC [147103] Sail
2026-07-01 14:50:35 [INFO]       3 kelurahan di Sail
2026-07-01 14:50:35 [INFO]     KEC [147104] Limapuluh
2026-07-01 14:50:36 [INFO]       4 kelurahan di Limapuluh
2026-07-01 14:50:36 [INFO]     KEC [147105] Senapelan
2026-07-01 14:50:36 [INFO]       6 kelurahan di Senapelan
2026-07-01 14:50:36 [INFO]     KEC [147106] Rumbai Barat
2026-07-01 14:50:37 [INFO]       6 kelurahan di Rumbai Barat
2026-07-01 14:50:37 [INFO]     KEC [147107] Bukit Raya
2026-07-01 14:50:38 [INFO]       5 kelurahan di Bukit Raya
2026-07-01 14:50:38 [INFO]     KEC [147108] Binawidya
2026-07-01 14:50:38 [INFO]       5 kelurahan di Binawidya
2026-07-01 14:50:38 [INFO]     KEC [147109] Marpoyan Damai
2026-07-01 14:50:39 [INFO]       6 kelurahan di Marpoyan Damai
2026-07-01 14:50:39 [INFO]     KEC [147110] Tenayan Raya
2026-07-01 14:50:40 [INFO]       8 kelurahan di Tenayan Raya
2026-07-01 14:50:40 [INFO]     KEC [147111] Payung Sekaki
2026-07-01 14:50:40 [INFO]       6 kelurahan di Payung Sekaki
2026-07-01 14:50:40 [INFO]     KEC [147112] Rumbai
2026-07-01 14:50:41 [INFO]       6 kelurahan di Rumbai
2026-07-01 14:50:41 [INFO]     KEC [147113] Tuahmadani
2026-07-01 14:50:41 [INFO]       5 kelurahan di Tuahmadani
2026-07-01 14:50:41 [INFO]     KEC [147114] Kulim
2026-07-01 14:50:42 [INFO]       5 kelurahan di Kulim
2026-07-01 14:50:42 [INFO]     KEC [147115] Rumbai Timur
2026-07-01 14:50:42 [INFO]       5 kelurahan di Rumbai Timur
2026-07-01 14:50:42 [INFO]   KAB [1472] Kota Dumai
2026-07-01 14:50:43 [INFO]     KEC [147201] Dumai Barat
2026-07-01 14:50:43 [INFO]       4 kelurahan di Dumai Barat
2026-07-01 14:50:43 [INFO]     KEC [147202] Dumai Timur
2026-07-01 14:50:44 [INFO]       5 kelurahan di Dumai Timur
2026-07-01 14:50:44 [INFO]     KEC [147203] Bukit Kapur
2026-07-01 14:50:45 [INFO]       7 kelurahan di Bukit Kapur
2026-07-01 14:50:45 [INFO]     KEC [147204] Sungai Sembilan
2026-07-01 14:50:45 [INFO]       6 kelurahan di Sungai Sembilan
2026-07-01 14:50:45 [INFO]     KEC [147205] Medang Kampai
2026-07-01 14:50:46 [INFO]       4 kelurahan di Medang Kampai
2026-07-01 14:50:46 [INFO]     KEC [147206] Dumai Kota
2026-07-01 14:50:47 [INFO]       5 kelurahan di Dumai Kota
2026-07-01 14:50:47 [INFO]     KEC [147207] Dumai Selatan
2026-07-01 14:50:47 [INFO]       5 kelurahan di Dumai Selatan
2026-07-01 14:50:47 [INFO] PROVINSI SELESAI [14] Riau
2026-07-01 14:50:47 [INFO] PROVINSI [15] Jambi
2026-07-01 14:50:48 [INFO]   KAB [1501] Kabupaten  Kerinci
2026-07-01 14:50:48 [INFO]     KEC [150101] Gunung Raya
2026-07-01 14:50:49 [INFO]       12 kelurahan di Gunung Raya
2026-07-01 14:50:49 [INFO]     KEC [150102] Danau Kerinci
2026-07-01 14:50:49 [INFO]       13 kelurahan di Danau Kerinci
2026-07-01 14:50:49 [INFO]     KEC [150104] Sitinjau Laut
2026-07-01 14:50:50 [INFO]       14 kelurahan di Sitinjau Laut
2026-07-01 14:50:50 [INFO]     KEC [150105] Air Hangat
2026-07-01 14:50:50 [INFO]       16 kelurahan di Air Hangat
2026-07-01 14:50:50 [INFO]     KEC [150106] Gunung Kerinci
2026-07-01 14:50:51 [INFO]       16 kelurahan di Gunung Kerinci
2026-07-01 14:50:51 [INFO]     KEC [150107] Batang Merangin
2026-07-01 14:50:52 [INFO]       9 kelurahan di Batang Merangin
2026-07-01 14:50:52 [INFO]     KEC [150108] Keliling Danau
2026-07-01 14:50:52 [INFO]       18 kelurahan di Keliling Danau
2026-07-01 14:50:52 [INFO]     KEC [150109] Kayu Aro
2026-07-01 14:50:53 [INFO]       21 kelurahan di Kayu Aro
2026-07-01 14:50:53 [INFO]     KEC [150111] Air Hangat Timur
2026-07-01 14:50:53 [INFO]       25 kelurahan di Air Hangat Timur
2026-07-01 14:50:53 [INFO]     KEC [150115] Gunung Tujuh
2026-07-01 14:50:54 [INFO]       13 kelurahan di Gunung Tujuh
2026-07-01 14:50:54 [INFO]     KEC [150116] Siulak
2026-07-01 14:50:54 [INFO]       26 kelurahan di Siulak
2026-07-01 14:50:54 [INFO]     KEC [150117] Depati Tujuh
2026-07-01 14:50:55 [INFO]       20 kelurahan di Depati Tujuh
2026-07-01 14:50:55 [INFO]     KEC [150118] Siulak Mukai
2026-07-01 14:50:55 [INFO]       14 kelurahan di Siulak Mukai
2026-07-01 14:50:55 [INFO]     KEC [150119] Kayu Aro Barat
2026-07-01 14:50:56 [INFO]       17 kelurahan di Kayu Aro Barat
2026-07-01 14:50:56 [INFO]     KEC [150120] Bukit Kerman
2026-07-01 14:50:56 [INFO]       15 kelurahan di Bukit Kerman
2026-07-01 14:50:57 [INFO]     KEC [150121] Air Hangat Barat
2026-07-01 14:50:57 [INFO]       12 kelurahan di Air Hangat Barat
2026-07-01 14:50:57 [INFO]     KEC [150122] Tanah Cogok
2026-07-01 14:50:58 [INFO]       12 kelurahan di Tanah Cogok
2026-07-01 14:50:58 [INFO]     KEC [150123] Danau Kerinci Barat
2026-07-01 14:50:58 [INFO]       14 kelurahan di Danau Kerinci Barat
2026-07-01 14:50:58 [INFO]   KAB [1502] Kabupaten  Merangin
2026-07-01 14:50:59 [INFO]     KEC [150201] Jangkat
2026-07-01 14:50:59 [INFO]       11 kelurahan di Jangkat
2026-07-01 14:50:59 [INFO]     KEC [150202] Bangko
2026-07-01 14:51:00 [INFO]       8 kelurahan di Bangko
2026-07-01 14:51:00 [INFO]     KEC [150203] Muara Siau
2026-07-01 14:51:00 [INFO]       17 kelurahan di Muara Siau
2026-07-01 14:51:00 [INFO]     KEC [150204] Sungai Manau
2026-07-01 14:51:01 [INFO]       10 kelurahan di Sungai Manau
2026-07-01 14:51:01 [INFO]     KEC [150205] Tabir
2026-07-01 14:51:01 [INFO]       11 kelurahan di Tabir
2026-07-01 14:51:01 [INFO]     KEC [150206] Pamenang
2026-07-01 14:51:02 [INFO]       14 kelurahan di Pamenang
2026-07-01 14:51:02 [INFO]     KEC [150207] Tabir Ulu
2026-07-01 14:51:03 [INFO]       6 kelurahan di Tabir Ulu
2026-07-01 14:51:03 [INFO]     KEC [150208] Tabir Selatan
2026-07-01 14:51:03 [INFO]       8 kelurahan di Tabir Selatan
2026-07-01 14:51:03 [INFO]     KEC [150209] Lembah Masurai
2026-07-01 14:51:04 [INFO]       15 kelurahan di Lembah Masurai
2026-07-01 14:51:04 [INFO]     KEC [150210] Bangko  Barat
2026-07-01 14:51:04 [INFO]       6 kelurahan di Bangko  Barat
2026-07-01 14:51:04 [INFO]     KEC [150211] Nalo Tantan
2026-07-01 14:51:05 [INFO]       7 kelurahan di Nalo Tantan
2026-07-01 14:51:05 [INFO]     KEC [150212] Batang Masumai
2026-07-01 14:51:05 [INFO]       10 kelurahan di Batang Masumai
2026-07-01 14:51:05 [INFO]     KEC [150213] Pamenang Barat
2026-07-01 14:51:06 [INFO]       8 kelurahan di Pamenang Barat
2026-07-01 14:51:06 [INFO]     KEC [150214] Tabir Ilir
2026-07-01 14:51:06 [INFO]       7 kelurahan di Tabir Ilir
2026-07-01 14:51:06 [INFO]     KEC [150215] Tabir Timur
2026-07-01 14:51:07 [INFO]       4 kelurahan di Tabir Timur
2026-07-01 14:51:07 [INFO]     KEC [150216] Renah Pembarap
2026-07-01 14:51:08 [INFO]       12 kelurahan di Renah Pembarap
2026-07-01 14:51:08 [INFO]     KEC [150217] Pangkalan Jambu
2026-07-01 14:51:08 [INFO]       8 kelurahan di Pangkalan Jambu
2026-07-01 14:51:08 [INFO]     KEC [150218] Jangkat Timur
2026-07-01 14:51:09 [INFO]       14 kelurahan di Jangkat Timur
2026-07-01 14:51:09 [INFO]     KEC [150219] Renah Pamenang
2026-07-01 14:51:09 [INFO]       4 kelurahan di Renah Pamenang
2026-07-01 14:51:09 [INFO]     KEC [150220] Pamenang Selatan
2026-07-01 14:51:10 [INFO]       4 kelurahan di Pamenang Selatan
2026-07-01 14:51:10 [INFO]     KEC [150221] Margo Tabir
2026-07-01 14:51:10 [INFO]       6 kelurahan di Margo Tabir
2026-07-01 14:51:10 [INFO]     KEC [150222] Tabir Lintas
2026-07-01 14:51:11 [INFO]       5 kelurahan di Tabir Lintas
2026-07-01 14:51:11 [INFO]     KEC [150223] Tabir Barat
2026-07-01 14:51:11 [INFO]       14 kelurahan di Tabir Barat
2026-07-01 14:51:11 [INFO]     KEC [150224] Tiang Pumpung
2026-07-01 14:51:12 [INFO]       6 kelurahan di Tiang Pumpung
2026-07-01 14:51:12 [INFO]   KAB [1503] Kabupaten Sarolangun
2026-07-01 14:51:12 [INFO]     KEC [150301] Batang Asai
2026-07-01 14:51:13 [INFO]       23 kelurahan di Batang Asai
2026-07-01 14:51:13 [INFO]     KEC [150302] Limun
2026-07-01 14:51:14 [INFO]       16 kelurahan di Limun
2026-07-01 14:51:14 [INFO]     KEC [150303] Sarolangun
2026-07-01 14:51:14 [INFO]       16 kelurahan di Sarolangun
2026-07-01 14:51:14 [INFO]     KEC [150304] Pauh
2026-07-01 14:51:15 [INFO]       14 kelurahan di Pauh
2026-07-01 14:51:15 [INFO]     KEC [150305] Pelawan
2026-07-01 14:51:15 [INFO]       14 kelurahan di Pelawan
2026-07-01 14:51:15 [INFO]     KEC [150306] Mandiangin
2026-07-01 14:51:16 [INFO]       18 kelurahan di Mandiangin
2026-07-01 14:51:16 [INFO]     KEC [150307] Air Hitam
2026-07-01 14:51:16 [INFO]       9 kelurahan di Air Hitam
2026-07-01 14:51:16 [INFO]     KEC [150308] Bathin VIII
2026-07-01 14:51:17 [INFO]       15 kelurahan di Bathin VIII
2026-07-01 14:51:17 [INFO]     KEC [150309] Singkut
2026-07-01 14:51:18 [INFO]       13 kelurahan di Singkut
2026-07-01 14:51:18 [INFO]     KEC [150310] Cermin Nan Gedang
2026-07-01 14:51:18 [INFO]       10 kelurahan di Cermin Nan Gedang
2026-07-01 14:51:18 [INFO]     KEC [150311] Mandiangin Timur
2026-07-01 14:51:19 [INFO]       10 kelurahan di Mandiangin Timur
2026-07-01 14:51:19 [INFO]   KAB [1504] Kabupaten Batanghari
2026-07-01 14:51:19 [INFO]     KEC [150401] Mersam
2026-07-01 14:51:20 [INFO]       18 kelurahan di Mersam
2026-07-01 14:51:20 [INFO]     KEC [150402] Muara Tembesi
2026-07-01 14:51:20 [INFO]       14 kelurahan di Muara Tembesi
2026-07-01 14:51:20 [INFO]     KEC [150403] Muara Bulian
2026-07-01 14:51:21 [INFO]       21 kelurahan di Muara Bulian
2026-07-01 14:51:21 [INFO]     KEC [150404] Batin XXIV
2026-07-01 14:51:22 [INFO]       17 kelurahan di Batin XXIV
2026-07-01 14:51:22 [INFO]     KEC [150405] Pemayung
2026-07-01 14:51:22 [INFO]       19 kelurahan di Pemayung
2026-07-01 14:51:22 [INFO]     KEC [150406] Maro Sebo Ulu
2026-07-01 14:51:23 [INFO]       17 kelurahan di Maro Sebo Ulu
2026-07-01 14:51:23 [INFO]     KEC [150407] Bajubang
2026-07-01 14:51:23 [INFO]       10 kelurahan di Bajubang
2026-07-01 14:51:23 [INFO]     KEC [150408] Maro Sebo Ilir
2026-07-01 14:51:24 [INFO]       8 kelurahan di Maro Sebo Ilir
2026-07-01 14:51:24 [INFO]   KAB [1505] Kabupaten  Muaro Jambi
2026-07-01 14:51:24 [INFO]     KEC [150501] Jambi Luar Kota
2026-07-01 14:51:25 [INFO]       20 kelurahan di Jambi Luar Kota
2026-07-01 14:51:25 [INFO]     KEC [150502] Sekernan
2026-07-01 14:51:25 [INFO]       16 kelurahan di Sekernan
2026-07-01 14:51:26 [INFO]     KEC [150503] Kumpeh
2026-07-01 14:51:26 [INFO]       17 kelurahan di Kumpeh
2026-07-01 14:51:26 [INFO]     KEC [150504] Maro Sebo
2026-07-01 14:51:27 [INFO]       12 kelurahan di Maro Sebo
2026-07-01 14:51:27 [INFO]     KEC [150505] Mestong
2026-07-01 14:51:27 [INFO]       15 kelurahan di Mestong
2026-07-01 14:51:27 [INFO]     KEC [150506] Kumpeh Ulu
2026-07-01 14:51:28 [INFO]       18 kelurahan di Kumpeh Ulu
2026-07-01 14:51:28 [INFO]     KEC [150507] Sungai Bahar
2026-07-01 14:51:28 [INFO]       11 kelurahan di Sungai Bahar
2026-07-01 14:51:28 [INFO]     KEC [150508] Sungai Gelam
2026-07-01 14:51:29 [INFO]       15 kelurahan di Sungai Gelam
2026-07-01 14:51:29 [INFO]     KEC [150509] Bahar Utara
2026-07-01 14:51:29 [INFO]       11 kelurahan di Bahar Utara
2026-07-01 14:51:29 [INFO]     KEC [150510] Bahar Selatan
2026-07-01 14:51:30 [INFO]       10 kelurahan di Bahar Selatan
2026-07-01 14:51:30 [INFO]     KEC [150511] Taman Rajo
2026-07-01 14:51:31 [INFO]       10 kelurahan di Taman Rajo
2026-07-01 14:51:31 [INFO]   KAB [1506] Kabupaten Tanjung Jabung Barat
2026-07-01 14:51:31 [INFO]     KEC [150601] Tungkal Ulu
2026-07-01 14:51:32 [INFO]       10 kelurahan di Tungkal Ulu
2026-07-01 14:51:32 [INFO]     KEC [150602] Tungkal Ilir
2026-07-01 14:51:32 [INFO]       10 kelurahan di Tungkal Ilir
2026-07-01 14:51:32 [INFO]     KEC [150603] Pengabuan
2026-07-01 14:51:33 [INFO]       13 kelurahan di Pengabuan
2026-07-01 14:51:33 [INFO]     KEC [150604] Betara
2026-07-01 14:51:34 [INFO]       12 kelurahan di Betara
2026-07-01 14:51:34 [INFO]     KEC [150605] Merlung
2026-07-01 14:51:34 [INFO]       10 kelurahan di Merlung
2026-07-01 14:51:34 [INFO]     KEC [150606] Tebing Tinggi
2026-07-01 14:51:35 [INFO]       10 kelurahan di Tebing Tinggi
2026-07-01 14:51:35 [INFO]     KEC [150607] Batang Asam
2026-07-01 14:51:35 [INFO]       11 kelurahan di Batang Asam
2026-07-01 14:51:35 [INFO]     KEC [150608] Renah Mendaluh
2026-07-01 14:51:36 [INFO]       10 kelurahan di Renah Mendaluh
2026-07-01 14:51:36 [INFO]     KEC [150609] Muara Papalik
2026-07-01 14:51:37 [INFO]       10 kelurahan di Muara Papalik
2026-07-01 14:51:37 [INFO]     KEC [150610] Seberang Kota
2026-07-01 14:51:37 [INFO]       8 kelurahan di Seberang Kota
2026-07-01 14:51:37 [INFO]     KEC [150611] Bram Itam
2026-07-01 14:51:38 [INFO]       10 kelurahan di Bram Itam
2026-07-01 14:51:38 [INFO]     KEC [150612] Kuala Betara
2026-07-01 14:51:38 [INFO]       10 kelurahan di Kuala Betara
2026-07-01 14:51:38 [INFO]     KEC [150613] Senyerang
2026-07-01 14:51:39 [INFO]       10 kelurahan di Senyerang
2026-07-01 14:51:39 [INFO]   KAB [1507] Kabupaten Tanjung Jabung Timur
2026-07-01 14:51:39 [INFO]     KEC [150701] Muara Sabak Timur
2026-07-01 14:51:40 [INFO]       12 kelurahan di Muara Sabak Timur
2026-07-01 14:51:40 [INFO]     KEC [150702] Nipah Panjang
2026-07-01 14:51:40 [INFO]       10 kelurahan di Nipah Panjang
2026-07-01 14:51:40 [INFO]     KEC [150703] Mendahara
2026-07-01 14:51:41 [INFO]       9 kelurahan di Mendahara
2026-07-01 14:51:41 [INFO]     KEC [150704] Rantau Rasau
2026-07-01 14:51:42 [INFO]       11 kelurahan di Rantau Rasau
2026-07-01 14:51:42 [INFO]     KEC [150705] S a d u
2026-07-01 14:51:42 [INFO]       9 kelurahan di S a d u
2026-07-01 14:51:42 [INFO]     KEC [150706] Dendang
2026-07-01 14:51:43 [INFO]       7 kelurahan di Dendang
2026-07-01 14:51:43 [INFO]     KEC [150707] Muara Sabak Barat
2026-07-01 14:51:43 [INFO]       7 kelurahan di Muara Sabak Barat
2026-07-01 14:51:43 [INFO]     KEC [150708] Kuala Jambi
2026-07-01 14:51:44 [INFO]       6 kelurahan di Kuala Jambi
2026-07-01 14:51:44 [INFO]     KEC [150709] Mendahara Ulu
2026-07-01 14:51:44 [INFO]       7 kelurahan di Mendahara Ulu
2026-07-01 14:51:44 [INFO]     KEC [150710] Geragai
2026-07-01 14:51:45 [INFO]       9 kelurahan di Geragai
2026-07-01 14:51:45 [INFO]     KEC [150711] Berbak
2026-07-01 14:51:46 [INFO]       6 kelurahan di Berbak
2026-07-01 14:51:46 [INFO]   KAB [1508] Kabupaten Bungo
2026-07-01 14:51:46 [INFO]     KEC [150801] Tanah Tumbuh
2026-07-01 14:51:47 [INFO]       11 kelurahan di Tanah Tumbuh
2026-07-01 14:51:47 [INFO]     KEC [150802] Rantau Pandan
2026-07-01 14:51:47 [INFO]       6 kelurahan di Rantau Pandan
2026-07-01 14:51:47 [INFO]     KEC [150803] Pasar Muaro Bungo
2026-07-01 14:51:48 [INFO]       5 kelurahan di Pasar Muaro Bungo
2026-07-01 14:51:48 [INFO]     KEC [150804] Jujuhan
2026-07-01 14:51:48 [INFO]       10 kelurahan di Jujuhan
2026-07-01 14:51:48 [INFO]     KEC [150805] Tanah Sepenggal
2026-07-01 14:51:49 [INFO]       10 kelurahan di Tanah Sepenggal
2026-07-01 14:51:49 [INFO]     KEC [150806] Pelepat
2026-07-01 14:51:49 [INFO]       15 kelurahan di Pelepat
2026-07-01 14:51:49 [INFO]     KEC [150807] Limbur Lubuk Mengkuang
2026-07-01 14:51:50 [INFO]       14 kelurahan di Limbur Lubuk Mengkuang
2026-07-01 14:51:50 [INFO]     KEC [150808] Muko-muko Bathin VII
2026-07-01 14:51:51 [INFO]       9 kelurahan di Muko-muko Bathin VII
2026-07-01 14:51:51 [INFO]     KEC [150809] Pelepat Ilir
2026-07-01 14:51:51 [INFO]       17 kelurahan di Pelepat Ilir
2026-07-01 14:51:51 [INFO]     KEC [150810] Batin II Babeko
2026-07-01 14:51:52 [INFO]       6 kelurahan di Batin II Babeko
2026-07-01 14:51:52 [INFO]     KEC [150811] Bathin III
2026-07-01 14:51:53 [INFO]       8 kelurahan di Bathin III
2026-07-01 14:51:53 [INFO]     KEC [150812] Bungo Dani
2026-07-01 14:51:53 [INFO]       5 kelurahan di Bungo Dani
2026-07-01 14:51:53 [INFO]     KEC [150813] Rimbo Tengah
2026-07-01 14:51:54 [INFO]       4 kelurahan di Rimbo Tengah
2026-07-01 14:51:54 [INFO]     KEC [150814] Bathin III Ulu
2026-07-01 14:51:54 [INFO]       9 kelurahan di Bathin III Ulu
2026-07-01 14:51:54 [INFO]     KEC [150815] Bathin II Pelayang
2026-07-01 14:51:55 [INFO]       5 kelurahan di Bathin II Pelayang
2026-07-01 14:51:55 [INFO]     KEC [150816] Jujuhan Ilir
2026-07-01 14:51:55 [INFO]       7 kelurahan di Jujuhan Ilir
2026-07-01 14:51:55 [INFO]     KEC [150817] Tanah Sepenggal Lintas
2026-07-01 14:51:56 [INFO]       12 kelurahan di Tanah Sepenggal Lintas
2026-07-01 14:51:56 [INFO]   KAB [1509] Kabupaten Tebo
2026-07-01 14:51:56 [INFO]     KEC [150901] Tebo Tengah
2026-07-01 14:51:57 [INFO]       12 kelurahan di Tebo Tengah
2026-07-01 14:51:57 [INFO]     KEC [150902] Tebo Ilir
2026-07-01 14:51:57 [INFO]       12 kelurahan di Tebo Ilir
2026-07-01 14:51:57 [INFO]     KEC [150903] Tebo Ulu
2026-07-01 14:51:58 [INFO]       17 kelurahan di Tebo Ulu
2026-07-01 14:51:58 [INFO]     KEC [150904] Rimbo Bujang
2026-07-01 14:51:59 [INFO]       16 kelurahan di Rimbo Bujang
2026-07-01 14:51:59 [INFO]     KEC [150905] Sumay
2026-07-01 14:51:59 [INFO]       12 kelurahan di Sumay
2026-07-01 14:51:59 [INFO]     KEC [150906] VII Koto
2026-07-01 14:52:00 [INFO]       10 kelurahan di VII Koto
2026-07-01 14:52:00 [INFO]     KEC [150907] Rimbo Ulu
2026-07-01 14:52:00 [INFO]       12 kelurahan di Rimbo Ulu
2026-07-01 14:52:00 [INFO]     KEC [150908] Rimbo Ilir
2026-07-01 14:52:01 [INFO]       10 kelurahan di Rimbo Ilir
2026-07-01 14:52:01 [INFO]     KEC [150909] Tengah Ilir
2026-07-01 14:52:01 [INFO]       6 kelurahan di Tengah Ilir
2026-07-01 14:52:01 [INFO]     KEC [150910] Serai Serumpun
2026-07-01 14:52:02 [INFO]       8 kelurahan di Serai Serumpun
2026-07-01 14:52:02 [INFO]     KEC [150911] VII Koto Ilir
2026-07-01 14:52:02 [INFO]       6 kelurahan di VII Koto Ilir
2026-07-01 14:52:02 [INFO]     KEC [150912] Muara Tabir
2026-07-01 14:52:03 [INFO]       8 kelurahan di Muara Tabir
2026-07-01 14:52:03 [INFO]   KAB [1571] Kota Jambi
2026-07-01 14:52:04 [INFO]     KEC [157101] Telanaipura
2026-07-01 14:52:04 [INFO]       7 kelurahan di Telanaipura
2026-07-01 14:52:04 [INFO]     KEC [157102] Jambi Selatan
2026-07-01 14:52:05 [INFO]       5 kelurahan di Jambi Selatan
2026-07-01 14:52:05 [INFO]     KEC [157103] Jambi Timur
2026-07-01 14:52:05 [INFO]       9 kelurahan di Jambi Timur
2026-07-01 14:52:05 [INFO]     KEC [157104] Pasar Jambi
2026-07-01 14:52:06 [INFO]       4 kelurahan di Pasar Jambi
2026-07-01 14:52:06 [INFO]     KEC [157105] Pelayangan
2026-07-01 14:52:06 [INFO]       6 kelurahan di Pelayangan
2026-07-01 14:52:06 [INFO]     KEC [157106] Danau Teluk
2026-07-01 14:52:07 [INFO]       5 kelurahan di Danau Teluk
2026-07-01 14:52:07 [INFO]     KEC [157107] Kota Baru
2026-07-01 14:52:07 [INFO]       7 kelurahan di Kota Baru
2026-07-01 14:52:07 [INFO]     KEC [157108] Jelutung
2026-07-01 14:52:08 [INFO]       7 kelurahan di Jelutung
2026-07-01 14:52:08 [INFO]     KEC [157109] Alam Barajo
2026-07-01 14:52:09 [INFO]       7 kelurahan di Alam Barajo
2026-07-01 14:52:09 [INFO]     KEC [157110] Danau Sipin
2026-07-01 14:52:09 [INFO]       5 kelurahan di Danau Sipin
2026-07-01 14:52:09 [INFO]     KEC [157111] Paal Merah
2026-07-01 14:52:10 [INFO]       6 kelurahan di Paal Merah
2026-07-01 14:52:10 [INFO]   KAB [1572] Kota Sungai Penuh
2026-07-01 14:52:10 [INFO]     KEC [157201] Sungai Penuh
2026-07-01 14:52:11 [INFO]       5 kelurahan di Sungai Penuh
2026-07-01 14:52:11 [INFO]     KEC [157202] Pesisir Bukit
2026-07-01 14:52:11 [INFO]       9 kelurahan di Pesisir Bukit
2026-07-01 14:52:11 [INFO]     KEC [157203] Hamparan Rawang
2026-07-01 14:52:12 [INFO]       13 kelurahan di Hamparan Rawang
2026-07-01 14:52:12 [INFO]     KEC [157204] Tanah Kampung
2026-07-01 14:52:12 [INFO]       13 kelurahan di Tanah Kampung
2026-07-01 14:52:12 [INFO]     KEC [157205] Kumun Debai
2026-07-01 14:52:13 [INFO]       9 kelurahan di Kumun Debai
2026-07-01 14:52:13 [INFO]     KEC [157206] Pondok Tinggi
2026-07-01 14:52:13 [INFO]       8 kelurahan di Pondok Tinggi
2026-07-01 14:52:13 [INFO]     KEC [157207] Koto Baru
2026-07-01 14:52:14 [INFO]       6 kelurahan di Koto Baru
2026-07-01 14:52:14 [INFO]     KEC [157208] Sungai Bungkal
2026-07-01 14:52:15 [INFO]       6 kelurahan di Sungai Bungkal
2026-07-01 14:52:15 [INFO] PROVINSI SELESAI [15] Jambi
2026-07-01 14:52:15 [INFO] PROVINSI [16] Sumatera Selatan
2026-07-01 14:52:15 [INFO]   KAB [1601] Kabupaten Ogan Komering Ulu
2026-07-01 14:52:16 [INFO]     KEC [160107] Sosoh Buay Rayap
2026-07-01 14:52:16 [INFO]       11 kelurahan di Sosoh Buay Rayap
2026-07-01 14:52:16 [INFO]     KEC [160108] Pengandonan
2026-07-01 14:52:17 [INFO]       12 kelurahan di Pengandonan
2026-07-01 14:52:17 [INFO]     KEC [160109] Peninjauan
2026-07-01 14:52:17 [INFO]       16 kelurahan di Peninjauan
2026-07-01 14:52:17 [INFO]     KEC [160113] Baturaja Barat
2026-07-01 14:52:18 [INFO]       12 kelurahan di Baturaja Barat
2026-07-01 14:52:18 [INFO]     KEC [160114] Baturaja Timur
2026-07-01 14:52:19 [INFO]       13 kelurahan di Baturaja Timur
2026-07-01 14:52:19 [INFO]     KEC [160120] Ulu Ogan
2026-07-01 14:52:19 [INFO]       7 kelurahan di Ulu Ogan
2026-07-01 14:52:19 [INFO]     KEC [160121] Semidang Aji
2026-07-01 14:52:20 [INFO]       21 kelurahan di Semidang Aji
2026-07-01 14:52:20 [INFO]     KEC [160122] Lubuk Batang
2026-07-01 14:52:21 [INFO]       15 kelurahan di Lubuk Batang
2026-07-01 14:52:21 [INFO]     KEC [160128] Lengkiti
2026-07-01 14:52:21 [INFO]       22 kelurahan di Lengkiti
2026-07-01 14:52:21 [INFO]     KEC [160129] Sinar Peninjauan
2026-07-01 14:52:22 [INFO]       6 kelurahan di Sinar Peninjauan
2026-07-01 14:52:22 [INFO]     KEC [160130] Lubuk Raja
2026-07-01 14:52:22 [INFO]       7 kelurahan di Lubuk Raja
2026-07-01 14:52:22 [INFO]     KEC [160131] Muara Jaya
2026-07-01 14:52:23 [INFO]       7 kelurahan di Muara Jaya
2026-07-01 14:52:23 [INFO]     KEC [160132] Kedaton Peninjauan Raya
2026-07-01 14:52:23 [INFO]       8 kelurahan di Kedaton Peninjauan Raya
2026-07-01 14:52:23 [INFO]   KAB [1602] Kabupaten Ogan Komering Ilir
2026-07-01 14:52:24 [INFO]     KEC [160202] Tanjung Lubuk
2026-07-01 14:52:24 [INFO]       22 kelurahan di Tanjung Lubuk
2026-07-01 14:52:24 [INFO]     KEC [160203] Pedamaran
2026-07-01 14:52:25 [INFO]       14 kelurahan di Pedamaran
2026-07-01 14:52:25 [INFO]     KEC [160204] Mesuji
2026-07-01 14:52:26 [INFO]       17 kelurahan di Mesuji
2026-07-01 14:52:26 [INFO]     KEC [160205] Kayu Agung
2026-07-01 14:52:26 [INFO]       25 kelurahan di Kayu Agung
2026-07-01 14:52:26 [INFO]     KEC [160208] Sirah Pulau Padang
2026-07-01 14:52:27 [INFO]       20 kelurahan di Sirah Pulau Padang
2026-07-01 14:52:27 [INFO]     KEC [160211] Tulung Selapan
2026-07-01 14:52:27 [INFO]       23 kelurahan di Tulung Selapan
2026-07-01 14:52:27 [INFO]     KEC [160212] Pampangan
2026-07-01 14:52:28 [INFO]       22 kelurahan di Pampangan
2026-07-01 14:52:28 [INFO]     KEC [160213] Lempuing
2026-07-01 14:52:28 [INFO]       19 kelurahan di Lempuing
2026-07-01 14:52:28 [INFO]     KEC [160214] Air Sugihan
2026-07-01 14:52:29 [INFO]       19 kelurahan di Air Sugihan
2026-07-01 14:52:29 [INFO]     KEC [160215] Sungai Menang
2026-07-01 14:52:29 [INFO]       18 kelurahan di Sungai Menang
2026-07-01 14:52:30 [INFO]     KEC [160217] Jejawi
2026-07-01 14:52:30 [INFO]       19 kelurahan di Jejawi
2026-07-01 14:52:30 [INFO]     KEC [160218] Cengal
2026-07-01 14:52:31 [INFO]       17 kelurahan di Cengal
2026-07-01 14:52:31 [INFO]     KEC [160219] Pangkalan Lampam
2026-07-01 14:52:31 [INFO]       19 kelurahan di Pangkalan Lampam
2026-07-01 14:52:31 [INFO]     KEC [160220] Mesuji Makmur
2026-07-01 14:52:32 [INFO]       19 kelurahan di Mesuji Makmur
2026-07-01 14:52:32 [INFO]     KEC [160221] Mesuji Raya
2026-07-01 14:52:32 [INFO]       17 kelurahan di Mesuji Raya
2026-07-01 14:52:32 [INFO]     KEC [160222] Lempuing Jaya
2026-07-01 14:52:33 [INFO]       16 kelurahan di Lempuing Jaya
2026-07-01 14:52:33 [INFO]     KEC [160223] Teluk Gelam
2026-07-01 14:52:33 [INFO]       14 kelurahan di Teluk Gelam
2026-07-01 14:52:33 [INFO]     KEC [160224] Pedamaran Timur
2026-07-01 14:52:34 [INFO]       7 kelurahan di Pedamaran Timur
2026-07-01 14:52:34 [INFO]   KAB [1603] Kabupaten Muara Enim
2026-07-01 14:52:35 [INFO]     KEC [160301] Tanjung Agung
2026-07-01 14:52:35 [INFO]       14 kelurahan di Tanjung Agung
2026-07-01 14:52:35 [INFO]     KEC [160302] Muara Enim
2026-07-01 14:52:36 [INFO]       16 kelurahan di Muara Enim
2026-07-01 14:52:36 [INFO]     KEC [160303] Rambang Niru
2026-07-01 14:52:36 [INFO]       16 kelurahan di Rambang Niru
2026-07-01 14:52:36 [INFO]     KEC [160304] Gunung Megang
2026-07-01 14:52:37 [INFO]       13 kelurahan di Gunung Megang
2026-07-01 14:52:37 [INFO]     KEC [160306] Gelumbang
2026-07-01 14:52:38 [INFO]       23 kelurahan di Gelumbang
2026-07-01 14:52:38 [INFO]     KEC [160307] Lawang Kidul
2026-07-01 14:52:38 [INFO]       7 kelurahan di Lawang Kidul
2026-07-01 14:52:38 [INFO]     KEC [160308] Semende Darat Laut
2026-07-01 14:52:39 [INFO]       10 kelurahan di Semende Darat Laut
2026-07-01 14:52:39 [INFO]     KEC [160309] Semende Darat Tengah
2026-07-01 14:52:39 [INFO]       12 kelurahan di Semende Darat Tengah
2026-07-01 14:52:39 [INFO]     KEC [160310] Semende Darat Ulu
2026-07-01 14:52:40 [INFO]       10 kelurahan di Semende Darat Ulu
2026-07-01 14:52:40 [INFO]     KEC [160311] Ujan Mas
2026-07-01 14:52:41 [INFO]       9 kelurahan di Ujan Mas
2026-07-01 14:52:41 [INFO]     KEC [160314] Lubai
2026-07-01 14:52:41 [INFO]       10 kelurahan di Lubai
2026-07-01 14:52:41 [INFO]     KEC [160315] Rambang
2026-07-01 14:52:42 [INFO]       13 kelurahan di Rambang
2026-07-01 14:52:42 [INFO]     KEC [160316] Sungai Rotan
2026-07-01 14:52:42 [INFO]       19 kelurahan di Sungai Rotan
2026-07-01 14:52:43 [INFO]     KEC [160317] Lembak
2026-07-01 14:52:43 [INFO]       10 kelurahan di Lembak
2026-07-01 14:52:43 [INFO]     KEC [160319] Benakat
2026-07-01 14:52:44 [INFO]       6 kelurahan di Benakat
2026-07-01 14:52:44 [INFO]     KEC [160321] Kelekar
2026-07-01 14:52:44 [INFO]       7 kelurahan di Kelekar
2026-07-01 14:52:44 [INFO]     KEC [160322] Muara Belida
2026-07-01 14:52:45 [INFO]       8 kelurahan di Muara Belida
2026-07-01 14:52:45 [INFO]     KEC [160323] Belimbing
2026-07-01 14:52:45 [INFO]       10 kelurahan di Belimbing
2026-07-01 14:52:45 [INFO]     KEC [160324] Belida Darat
2026-07-01 14:52:46 [INFO]       10 kelurahan di Belida Darat
2026-07-01 14:52:46 [INFO]     KEC [160325] Lubai Ulu
2026-07-01 14:52:46 [INFO]       11 kelurahan di Lubai Ulu
2026-07-01 14:52:46 [INFO]     KEC [160326] Empat Petulai Dangku
2026-07-01 14:52:47 [INFO]       10 kelurahan di Empat Petulai Dangku
2026-07-01 14:52:47 [INFO]     KEC [160327] Panang Enim
2026-07-01 14:52:48 [INFO]       12 kelurahan di Panang Enim
2026-07-01 14:52:48 [INFO]   KAB [1604] Kabupaten Lahat
2026-07-01 14:52:48 [INFO]     KEC [160401] Tanjungsakti Pumu
2026-07-01 14:52:49 [INFO]       14 kelurahan di Tanjungsakti Pumu
2026-07-01 14:52:49 [INFO]     KEC [160406] Jarai
2026-07-01 14:52:50 [INFO]       21 kelurahan di Jarai
2026-07-01 14:52:50 [INFO]     KEC [160407] Kota Agung
2026-07-01 14:52:50 [INFO]       22 kelurahan di Kota Agung
2026-07-01 14:52:50 [INFO]     KEC [160408] Pulau Pinang
2026-07-01 14:52:51 [INFO]       10 kelurahan di Pulau Pinang
2026-07-01 14:52:51 [INFO]     KEC [160409] Merapi Barat
2026-07-01 14:52:51 [INFO]       19 kelurahan di Merapi Barat
2026-07-01 14:52:51 [INFO]     KEC [160410] Lahat
2026-07-01 14:52:52 [INFO]       30 kelurahan di Lahat
2026-07-01 14:52:52 [INFO]     KEC [160412] Pajar Bulan
2026-07-01 14:52:53 [INFO]       20 kelurahan di Pajar Bulan
2026-07-01 14:52:53 [INFO]     KEC [160415] Mulak Ulu
2026-07-01 14:52:53 [INFO]       16 kelurahan di Mulak Ulu
2026-07-01 14:52:53 [INFO]     KEC [160416] Kikim Selatan
2026-07-01 14:52:54 [INFO]       18 kelurahan di Kikim Selatan
2026-07-01 14:52:54 [INFO]     KEC [160417] Kikim Timur
2026-07-01 14:52:54 [INFO]       32 kelurahan di Kikim Timur
2026-07-01 14:52:54 [INFO]     KEC [160418] Kikim Tengah
2026-07-01 14:52:55 [INFO]       9 kelurahan di Kikim Tengah
2026-07-01 14:52:55 [INFO]     KEC [160419] Kikim Barat
2026-07-01 14:52:55 [INFO]       19 kelurahan di Kikim Barat
2026-07-01 14:52:55 [INFO]     KEC [160420] Pseksu
2026-07-01 14:52:56 [INFO]       11 kelurahan di Pseksu
2026-07-01 14:52:56 [INFO]     KEC [160421] Gumay Talang
2026-07-01 14:52:57 [INFO]       15 kelurahan di Gumay Talang
2026-07-01 14:52:57 [INFO]     KEC [160422] Pagar Gunung
2026-07-01 14:52:57 [INFO]       20 kelurahan di Pagar Gunung
2026-07-01 14:52:57 [INFO]     KEC [160423] Merapi Timur
2026-07-01 14:52:58 [INFO]       14 kelurahan di Merapi Timur
2026-07-01 14:52:58 [INFO]     KEC [160424] Tanjung Sakti Pumi
2026-07-01 14:52:58 [INFO]       18 kelurahan di Tanjung Sakti Pumi
2026-07-01 14:52:58 [INFO]     KEC [160425] Gumay Ulu
2026-07-01 14:52:59 [INFO]       10 kelurahan di Gumay Ulu
2026-07-01 14:52:59 [INFO]     KEC [160426] Merapi Selatan
2026-07-01 14:52:59 [INFO]       9 kelurahan di Merapi Selatan
2026-07-01 14:52:59 [INFO]     KEC [160427] Tanjungtebat
2026-07-01 14:53:00 [INFO]       14 kelurahan di Tanjungtebat
2026-07-01 14:53:00 [INFO]     KEC [160428] Muarapayang
2026-07-01 14:53:00 [INFO]       7 kelurahan di Muarapayang
2026-07-01 14:53:00 [INFO]     KEC [160429] Sukamerindu
2026-07-01 14:53:01 [INFO]       10 kelurahan di Sukamerindu
2026-07-01 14:53:01 [INFO]     KEC [160430] Mulak Sebingkai
2026-07-01 14:53:02 [INFO]       10 kelurahan di Mulak Sebingkai
2026-07-01 14:53:02 [INFO]     KEC [160431] Lahat Selatan
2026-07-01 14:53:02 [INFO]       10 kelurahan di Lahat Selatan
2026-07-01 14:53:02 [INFO]   KAB [1605] Kabupaten Musi Rawas
2026-07-01 14:53:03 [INFO]     KEC [160501] Tugumulyo
2026-07-01 14:53:03 [INFO]       18 kelurahan di Tugumulyo
2026-07-01 14:53:03 [INFO]     KEC [160502] Muara Lakitan
2026-07-01 14:53:04 [INFO]       20 kelurahan di Muara Lakitan
2026-07-01 14:53:04 [INFO]     KEC [160503] Muara Kelingi
2026-07-01 14:53:04 [INFO]       21 kelurahan di Muara Kelingi
2026-07-01 14:53:04 [INFO]     KEC [160508] Jayaloka
2026-07-01 14:53:05 [INFO]       13 kelurahan di Jayaloka
2026-07-01 14:53:05 [INFO]     KEC [160509] Muara Beliti
2026-07-01 14:53:06 [INFO]       12 kelurahan di Muara Beliti
2026-07-01 14:53:06 [INFO]     KEC [160510] STL Ulu Terawas
2026-07-01 14:53:06 [INFO]       13 kelurahan di STL Ulu Terawas
2026-07-01 14:53:06 [INFO]     KEC [160511] Selangit
2026-07-01 14:53:07 [INFO]       12 kelurahan di Selangit
2026-07-01 14:53:07 [INFO]     KEC [160512] Megang Sakti
2026-07-01 14:53:07 [INFO]       21 kelurahan di Megang Sakti
2026-07-01 14:53:07 [INFO]     KEC [160513] Purwodadi
2026-07-01 14:53:08 [INFO]       11 kelurahan di Purwodadi
2026-07-01 14:53:08 [INFO]     KEC [160514] BTS. Ulu
2026-07-01 14:53:08 [INFO]       19 kelurahan di BTS. Ulu
2026-07-01 14:53:08 [INFO]     KEC [160518] Tiang Pumpung Kepungut
2026-07-01 14:53:09 [INFO]       10 kelurahan di Tiang Pumpung Kepungut
2026-07-01 14:53:09 [INFO]     KEC [160519] Sumber Harta
2026-07-01 14:53:10 [INFO]       10 kelurahan di Sumber Harta
2026-07-01 14:53:10 [INFO]     KEC [160520] Tuah Negeri
2026-07-01 14:53:10 [INFO]       11 kelurahan di Tuah Negeri
2026-07-01 14:53:10 [INFO]     KEC [160521] Suka Karya
2026-07-01 14:53:11 [INFO]       8 kelurahan di Suka Karya
2026-07-01 14:53:11 [INFO]   KAB [1606] Kabupaten Musi Banyuasin
2026-07-01 14:53:11 [INFO]     KEC [160601] Sekayu
2026-07-01 14:53:12 [INFO]       14 kelurahan di Sekayu
2026-07-01 14:53:12 [INFO]     KEC [160602] Lais
2026-07-01 14:53:12 [INFO]       16 kelurahan di Lais
2026-07-01 14:53:12 [INFO]     KEC [160603] Sungai Keruh
2026-07-01 14:53:13 [INFO]       10 kelurahan di Sungai Keruh
2026-07-01 14:53:13 [INFO]     KEC [160604] Batang Hari Leko
2026-07-01 14:53:13 [INFO]       16 kelurahan di Batang Hari Leko
2026-07-01 14:53:13 [INFO]     KEC [160605] Sanga Desa
2026-07-01 14:53:14 [INFO]       19 kelurahan di Sanga Desa
2026-07-01 14:53:14 [INFO]     KEC [160606] Babat Toman
2026-07-01 14:53:15 [INFO]       14 kelurahan di Babat Toman
2026-07-01 14:53:15 [INFO]     KEC [160607] Sungai Lilin
2026-07-01 14:53:15 [INFO]       15 kelurahan di Sungai Lilin
2026-07-01 14:53:15 [INFO]     KEC [160608] Keluang
2026-07-01 14:53:16 [INFO]       14 kelurahan di Keluang
2026-07-01 14:53:16 [INFO]     KEC [160609] Bayung Lencir
2026-07-01 14:53:16 [INFO]       23 kelurahan di Bayung Lencir
2026-07-01 14:53:16 [INFO]     KEC [160610] Plakat Tinggi
2026-07-01 14:53:17 [INFO]       15 kelurahan di Plakat Tinggi
2026-07-01 14:53:17 [INFO]     KEC [160611] Lalan
2026-07-01 14:53:18 [INFO]       27 kelurahan di Lalan
2026-07-01 14:53:18 [INFO]     KEC [160612] Tungkal Jaya
2026-07-01 14:53:18 [INFO]       16 kelurahan di Tungkal Jaya
2026-07-01 14:53:18 [INFO]     KEC [160613] Lawan Wetan
2026-07-01 14:53:19 [INFO]       15 kelurahan di Lawan Wetan
2026-07-01 14:53:19 [INFO]     KEC [160614] Babat Supat
2026-07-01 14:53:19 [INFO]       16 kelurahan di Babat Supat
2026-07-01 14:53:19 [INFO]     KEC [160615] Jirak Jaya
2026-07-01 14:53:20 [INFO]       12 kelurahan di Jirak Jaya
2026-07-01 14:53:20 [INFO]   KAB [1607] Kabupaten Banyuasin
2026-07-01 14:53:20 [INFO]     KEC [160701] Banyuasin I
2026-07-01 14:53:21 [INFO]       13 kelurahan di Banyuasin I
2026-07-01 14:53:21 [INFO]     KEC [160702] Banyuasin II
2026-07-01 14:53:21 [INFO]       10 kelurahan di Banyuasin II
2026-07-01 14:53:21 [INFO]     KEC [160703] Banyuasin III
2026-07-01 14:53:22 [INFO]       26 kelurahan di Banyuasin III
2026-07-01 14:53:22 [INFO]     KEC [160704] Pulau Rimau
2026-07-01 14:53:23 [INFO]       17 kelurahan di Pulau Rimau
2026-07-01 14:53:23 [INFO]     KEC [160705] Betung
2026-07-01 14:53:23 [INFO]       12 kelurahan di Betung
2026-07-01 14:53:23 [INFO]     KEC [160706] Rambutan
2026-07-01 14:53:24 [INFO]       20 kelurahan di Rambutan
2026-07-01 14:53:24 [INFO]     KEC [160707] Muara Padang
2026-07-01 14:53:24 [INFO]       15 kelurahan di Muara Padang
2026-07-01 14:53:24 [INFO]     KEC [160708] Muara Telang
2026-07-01 14:53:25 [INFO]       16 kelurahan di Muara Telang
2026-07-01 14:53:25 [INFO]     KEC [160709] Makarti Jaya
2026-07-01 14:53:25 [INFO]       12 kelurahan di Makarti Jaya
2026-07-01 14:53:25 [INFO]     KEC [160710] Talang Kelapa
2026-07-01 14:53:26 [INFO]       19 kelurahan di Talang Kelapa
2026-07-01 14:53:26 [INFO]     KEC [160711] Rantau Bayur
2026-07-01 14:53:27 [INFO]       21 kelurahan di Rantau Bayur
2026-07-01 14:53:27 [INFO]     KEC [160712] Tanjung Lago
2026-07-01 14:53:27 [INFO]       15 kelurahan di Tanjung Lago
2026-07-01 14:53:27 [INFO]     KEC [160713] Muara Sugihan
2026-07-01 14:53:28 [INFO]       22 kelurahan di Muara Sugihan
2026-07-01 14:53:28 [INFO]     KEC [160714] Air Salek
2026-07-01 14:53:28 [INFO]       14 kelurahan di Air Salek
2026-07-01 14:53:28 [INFO]     KEC [160715] Tungkal Ilir
2026-07-01 14:53:29 [INFO]       14 kelurahan di Tungkal Ilir
2026-07-01 14:53:29 [INFO]     KEC [160716] Suak Tapeh
2026-07-01 14:53:29 [INFO]       11 kelurahan di Suak Tapeh
2026-07-01 14:53:29 [INFO]     KEC [160717] Sembawa
2026-07-01 14:53:30 [INFO]       11 kelurahan di Sembawa
2026-07-01 14:53:30 [INFO]     KEC [160718] Sumber Marga Telang
2026-07-01 14:53:31 [INFO]       10 kelurahan di Sumber Marga Telang
2026-07-01 14:53:31 [INFO]     KEC [160719] Air Kumbang
2026-07-01 14:53:31 [INFO]       16 kelurahan di Air Kumbang
2026-07-01 14:53:31 [INFO]     KEC [160720] Karang Agung Ilir
2026-07-01 14:53:32 [INFO]       7 kelurahan di Karang Agung Ilir
2026-07-01 14:53:32 [INFO]     KEC [160721] Selat Penuguan
2026-07-01 14:53:32 [INFO]       12 kelurahan di Selat Penuguan
2026-07-01 14:53:32 [INFO]   KAB [1608] Kabupaten Ogan Komering Ulu Timur
2026-07-01 14:53:33 [INFO]     KEC [160801] Martapura
2026-07-01 14:53:33 [INFO]       16 kelurahan di Martapura
2026-07-01 14:53:33 [INFO]     KEC [160802] Buay Madang
2026-07-01 14:53:34 [INFO]       17 kelurahan di Buay Madang
2026-07-01 14:53:34 [INFO]     KEC [160803] Belitang
2026-07-01 14:53:35 [INFO]       23 kelurahan di Belitang
2026-07-01 14:53:35 [INFO]     KEC [160804] Cempaka
2026-07-01 14:53:35 [INFO]       13 kelurahan di Cempaka
2026-07-01 14:53:35 [INFO]     KEC [160805] Buay Pemuka Peliung
2026-07-01 14:53:36 [INFO]       13 kelurahan di Buay Pemuka Peliung
2026-07-01 14:53:36 [INFO]     KEC [160806] Madang Suku II
2026-07-01 14:53:36 [INFO]       19 kelurahan di Madang Suku II
2026-07-01 14:53:36 [INFO]     KEC [160807] Madang Suku I
2026-07-01 14:53:37 [INFO]       13 kelurahan di Madang Suku I
2026-07-01 14:53:37 [INFO]     KEC [160808] Semendawai Suku III
2026-07-01 14:53:38 [INFO]       19 kelurahan di Semendawai Suku III
2026-07-01 14:53:38 [INFO]     KEC [160809] Belitang II
2026-07-01 14:53:38 [INFO]       24 kelurahan di Belitang II
2026-07-01 14:53:38 [INFO]     KEC [160810] Belitang III
2026-07-01 14:53:39 [INFO]       20 kelurahan di Belitang III
2026-07-01 14:53:39 [INFO]     KEC [160811] Bunga Mayang
2026-07-01 14:53:39 [INFO]       8 kelurahan di Bunga Mayang
2026-07-01 14:53:39 [INFO]     KEC [160812] Buay Madang Timur
2026-07-01 14:53:40 [INFO]       30 kelurahan di Buay Madang Timur
2026-07-01 14:53:40 [INFO]     KEC [160813] Madang Suku III
2026-07-01 14:53:40 [INFO]       10 kelurahan di Madang Suku III
2026-07-01 14:53:40 [INFO]     KEC [160814] Semendawai Barat
2026-07-01 14:53:41 [INFO]       12 kelurahan di Semendawai Barat
2026-07-01 14:53:41 [INFO]     KEC [160815] Semendawai Timur
2026-07-01 14:53:42 [INFO]       19 kelurahan di Semendawai Timur
2026-07-01 14:53:42 [INFO]     KEC [160816] Jayapura
2026-07-01 14:53:42 [INFO]       8 kelurahan di Jayapura
2026-07-01 14:53:42 [INFO]     KEC [160817] Belitang Jaya
2026-07-01 14:53:43 [INFO]       13 kelurahan di Belitang Jaya
2026-07-01 14:53:43 [INFO]     KEC [160818] Belitang Madang Raya
2026-07-01 14:53:43 [INFO]       16 kelurahan di Belitang Madang Raya
2026-07-01 14:53:43 [INFO]     KEC [160819] Belitang Mulya
2026-07-01 14:53:44 [INFO]       12 kelurahan di Belitang Mulya
2026-07-01 14:53:44 [INFO]     KEC [160820] Buay Pemuka Bangsa Raja
2026-07-01 14:53:44 [INFO]       7 kelurahan di Buay Pemuka Bangsa Raja
2026-07-01 14:53:44 [INFO]   KAB [1609] Kabupaten Ogan Komering Ulu Selatan
2026-07-01 14:53:45 [INFO]     KEC [160901] Muara Dua
2026-07-01 14:53:46 [INFO]       14 kelurahan di Muara Dua
2026-07-01 14:53:46 [INFO]     KEC [160902] Pulau Beringin
2026-07-01 14:53:46 [INFO]       13 kelurahan di Pulau Beringin
2026-07-01 14:53:46 [INFO]     KEC [160903] Banding Agung
2026-07-01 14:53:47 [INFO]       22 kelurahan di Banding Agung
2026-07-01 14:53:47 [INFO]     KEC [160904] Muara Dua Kisam
2026-07-01 14:53:47 [INFO]       18 kelurahan di Muara Dua Kisam
2026-07-01 14:53:47 [INFO]     KEC [160905] Simpang
2026-07-01 14:53:48 [INFO]       7 kelurahan di Simpang
2026-07-01 14:53:48 [INFO]     KEC [160906] Buay Sandang Aji
2026-07-01 14:53:48 [INFO]       16 kelurahan di Buay Sandang Aji
2026-07-01 14:53:48 [INFO]     KEC [160907] Buay Runjung
2026-07-01 14:53:49 [INFO]       14 kelurahan di Buay Runjung
2026-07-01 14:53:49 [INFO]     KEC [160908] Mekakau Ilir
2026-07-01 14:53:49 [INFO]       15 kelurahan di Mekakau Ilir
2026-07-01 14:53:49 [INFO]     KEC [160909] Buay Pemaca
2026-07-01 14:53:50 [INFO]       22 kelurahan di Buay Pemaca
2026-07-01 14:53:50 [INFO]     KEC [160910] Kisam Tinggi
2026-07-01 14:53:51 [INFO]       19 kelurahan di Kisam Tinggi
2026-07-01 14:53:51 [INFO]     KEC [160911] Kisam Ilir
2026-07-01 14:53:52 [INFO]       9 kelurahan di Kisam Ilir
2026-07-01 14:53:52 [INFO]     KEC [160912] Buay Pematang Ribu Ranau Tengah
2026-07-01 14:53:52 [INFO]       22 kelurahan di Buay Pematang Ribu Ranau Tengah
2026-07-01 14:53:52 [INFO]     KEC [160913] Warkuk Ranau Selatan
2026-07-01 14:53:53 [INFO]       16 kelurahan di Warkuk Ranau Selatan
2026-07-01 14:53:53 [INFO]     KEC [160914] Runjung Agung
2026-07-01 14:53:53 [INFO]       9 kelurahan di Runjung Agung
2026-07-01 14:53:53 [INFO]     KEC [160915] Sungai Are
2026-07-01 14:53:54 [INFO]       9 kelurahan di Sungai Are
2026-07-01 14:53:54 [INFO]     KEC [160916] Sindang Danau
2026-07-01 14:53:55 [INFO]       7 kelurahan di Sindang Danau
2026-07-01 14:53:55 [INFO]     KEC [160917] Buana Pemaca
2026-07-01 14:53:55 [INFO]       8 kelurahan di Buana Pemaca
2026-07-01 14:53:55 [INFO]     KEC [160918] Tiga Dihaji
2026-07-01 14:53:56 [INFO]       8 kelurahan di Tiga Dihaji
2026-07-01 14:53:56 [INFO]     KEC [160919] Buay Rawan
2026-07-01 14:53:56 [INFO]       11 kelurahan di Buay Rawan
2026-07-01 14:53:56 [INFO]   KAB [1610] Kabupaten Ogan Ilir
2026-07-01 14:53:57 [INFO]     KEC [161001] Muara Kuang
2026-07-01 14:53:57 [INFO]       14 kelurahan di Muara Kuang
2026-07-01 14:53:57 [INFO]     KEC [161002] Tanjung Batu
2026-07-01 14:53:58 [INFO]       21 kelurahan di Tanjung Batu
2026-07-01 14:53:58 [INFO]     KEC [161003] Tanjung Raja
2026-07-01 14:53:58 [INFO]       19 kelurahan di Tanjung Raja
2026-07-01 14:53:58 [INFO]     KEC [161004] Indralaya
2026-07-01 14:53:59 [INFO]       20 kelurahan di Indralaya
2026-07-01 14:53:59 [INFO]     KEC [161005] Pemulutan
2026-07-01 14:54:00 [INFO]       25 kelurahan di Pemulutan
2026-07-01 14:54:00 [INFO]     KEC [161006] Rantau Alai
2026-07-01 14:54:00 [INFO]       13 kelurahan di Rantau Alai
2026-07-01 14:54:00 [INFO]     KEC [161007] Indralaya Utara
2026-07-01 14:54:01 [INFO]       16 kelurahan di Indralaya Utara
2026-07-01 14:54:01 [INFO]     KEC [161008] Indralaya Selatan
2026-07-01 14:54:01 [INFO]       14 kelurahan di Indralaya Selatan
2026-07-01 14:54:01 [INFO]     KEC [161009] Pemulutan Selatan
2026-07-01 14:54:02 [INFO]       15 kelurahan di Pemulutan Selatan
2026-07-01 14:54:02 [INFO]     KEC [161010] Pemulutan Barat
2026-07-01 14:54:02 [INFO]       11 kelurahan di Pemulutan Barat
2026-07-01 14:54:02 [INFO]     KEC [161011] Rantau Panjang
2026-07-01 14:54:03 [INFO]       12 kelurahan di Rantau Panjang
2026-07-01 14:54:03 [INFO]     KEC [161012] Sungai Pinang
2026-07-01 14:54:03 [INFO]       13 kelurahan di Sungai Pinang
2026-07-01 14:54:03 [INFO]     KEC [161013] Kandis
2026-07-01 14:54:04 [INFO]       12 kelurahan di Kandis
2026-07-01 14:54:04 [INFO]     KEC [161014] Rambang Kuang
2026-07-01 14:54:05 [INFO]       13 kelurahan di Rambang Kuang
2026-07-01 14:54:05 [INFO]     KEC [161015] Lubuk Keliat
2026-07-01 14:54:05 [INFO]       10 kelurahan di Lubuk Keliat
2026-07-01 14:54:05 [INFO]     KEC [161016] Payaraman
2026-07-01 14:54:06 [INFO]       13 kelurahan di Payaraman
2026-07-01 14:54:06 [INFO]   KAB [1611] Kabupaten Empat Lawang
2026-07-01 14:54:06 [INFO]     KEC [161101] Muara Pinang
2026-07-01 14:54:07 [INFO]       22 kelurahan di Muara Pinang
2026-07-01 14:54:07 [INFO]     KEC [161102] Pendopo
2026-07-01 14:54:07 [INFO]       19 kelurahan di Pendopo
2026-07-01 14:54:07 [INFO]     KEC [161103] Ulu Musi
2026-07-01 14:54:08 [INFO]       14 kelurahan di Ulu Musi
2026-07-01 14:54:08 [INFO]     KEC [161104] Tebing Tinggi
2026-07-01 14:54:09 [INFO]       26 kelurahan di Tebing Tinggi
2026-07-01 14:54:09 [INFO]     KEC [161105] Lintang Kanan
2026-07-01 14:54:09 [INFO]       16 kelurahan di Lintang Kanan
2026-07-01 14:54:09 [INFO]     KEC [161106] Talang Padang
2026-07-01 14:54:10 [INFO]       13 kelurahan di Talang Padang
2026-07-01 14:54:10 [INFO]     KEC [161107] Pasemah Air Keruh
2026-07-01 14:54:10 [INFO]       15 kelurahan di Pasemah Air Keruh
2026-07-01 14:54:10 [INFO]     KEC [161108] Sikap Dalam
2026-07-01 14:54:11 [INFO]       11 kelurahan di Sikap Dalam
2026-07-01 14:54:11 [INFO]     KEC [161109] Saling
2026-07-01 14:54:12 [INFO]       10 kelurahan di Saling
2026-07-01 14:54:12 [INFO]     KEC [161110] Pendopo Barat
2026-07-01 14:54:12 [INFO]       10 kelurahan di Pendopo Barat
2026-07-01 14:54:12 [INFO]   KAB [1612] Kabupaten Penukal Abab Lematang Ilir
2026-07-01 14:54:13 [INFO]     KEC [161201] Talang Ubi
2026-07-01 14:54:13 [INFO]       20 kelurahan di Talang Ubi
2026-07-01 14:54:13 [INFO]     KEC [161202] Penukal Utara
2026-07-01 14:54:14 [INFO]       13 kelurahan di Penukal Utara
2026-07-01 14:54:14 [INFO]     KEC [161203] Penukal
2026-07-01 14:54:14 [INFO]       13 kelurahan di Penukal
2026-07-01 14:54:14 [INFO]     KEC [161204] Abab
2026-07-01 14:54:15 [INFO]       8 kelurahan di Abab
2026-07-01 14:54:15 [INFO]     KEC [161205] Tanah Abang
2026-07-01 14:54:16 [INFO]       17 kelurahan di Tanah Abang
2026-07-01 14:54:16 [INFO]   KAB [1613] Kabupaten Musi Rawas Utara
2026-07-01 14:54:16 [INFO]     KEC [161301] Rupit
2026-07-01 14:54:17 [INFO]       17 kelurahan di Rupit
2026-07-01 14:54:17 [INFO]     KEC [161302] Rawas Ulu
2026-07-01 14:54:17 [INFO]       17 kelurahan di Rawas Ulu
2026-07-01 14:54:17 [INFO]     KEC [161303] Nibung
2026-07-01 14:54:18 [INFO]       11 kelurahan di Nibung
2026-07-01 14:54:18 [INFO]     KEC [161304] Rawas Ilir
2026-07-01 14:54:19 [INFO]       13 kelurahan di Rawas Ilir
2026-07-01 14:54:19 [INFO]     KEC [161305] Karang Dapo
2026-07-01 14:54:19 [INFO]       9 kelurahan di Karang Dapo
2026-07-01 14:54:19 [INFO]     KEC [161306] Karang Jaya
2026-07-01 14:54:20 [INFO]       15 kelurahan di Karang Jaya
2026-07-01 14:54:20 [INFO]     KEC [161307] Ulu Rawas
2026-07-01 14:54:20 [INFO]       7 kelurahan di Ulu Rawas
2026-07-01 14:54:20 [INFO]   KAB [1671] Kota Palembang
2026-07-01 14:54:21 [INFO]     KEC [167101] Ilir Barat Dua
2026-07-01 14:54:21 [INFO]       7 kelurahan di Ilir Barat Dua
2026-07-01 14:54:21 [INFO]     KEC [167102] Seberang Ulu Satu
2026-07-01 14:54:22 [INFO]       5 kelurahan di Seberang Ulu Satu
2026-07-01 14:54:22 [INFO]     KEC [167103] Seberang Ulu Dua
2026-07-01 14:54:23 [INFO]       7 kelurahan di Seberang Ulu Dua
2026-07-01 14:54:23 [INFO]     KEC [167104] Ilir Barat Satu
2026-07-01 14:54:23 [INFO]       6 kelurahan di Ilir Barat Satu
2026-07-01 14:54:23 [INFO]     KEC [167105] Ilir Timur Satu
2026-07-01 14:54:24 [INFO]       11 kelurahan di Ilir Timur Satu
2026-07-01 14:54:24 [INFO]     KEC [167106] Ilir Timur Dua
2026-07-01 14:54:24 [INFO]       6 kelurahan di Ilir Timur Dua
2026-07-01 14:54:24 [INFO]     KEC [167107] Sukarami
2026-07-01 14:54:25 [INFO]       7 kelurahan di Sukarami
2026-07-01 14:54:25 [INFO]     KEC [167108] Sako
2026-07-01 14:54:25 [INFO]       4 kelurahan di Sako
2026-07-01 14:54:25 [INFO]     KEC [167109] Kemuning
2026-07-01 14:54:26 [INFO]       6 kelurahan di Kemuning
2026-07-01 14:54:26 [INFO]     KEC [167110] Kalidoni
2026-07-01 14:54:27 [INFO]       5 kelurahan di Kalidoni
2026-07-01 14:54:27 [INFO]     KEC [167111] Bukitkecil
2026-07-01 14:54:27 [INFO]       6 kelurahan di Bukitkecil
2026-07-01 14:54:27 [INFO]     KEC [167112] Gandus
2026-07-01 14:54:28 [INFO]       5 kelurahan di Gandus
2026-07-01 14:54:28 [INFO]     KEC [167113] Kertapati
2026-07-01 14:54:28 [INFO]       6 kelurahan di Kertapati
2026-07-01 14:54:28 [INFO]     KEC [167114] Plaju
2026-07-01 14:54:29 [INFO]       7 kelurahan di Plaju
2026-07-01 14:54:29 [INFO]     KEC [167115] Alang-alang Lebar
2026-07-01 14:54:29 [INFO]       4 kelurahan di Alang-alang Lebar
2026-07-01 14:54:29 [INFO]     KEC [167116] Sematangborang
2026-07-01 14:54:30 [INFO]       4 kelurahan di Sematangborang
2026-07-01 14:54:30 [INFO]     KEC [167117] Jakabaring
2026-07-01 14:54:30 [INFO]       5 kelurahan di Jakabaring
2026-07-01 14:54:31 [INFO]     KEC [167118] Ilir Timur Tiga
2026-07-01 14:54:31 [INFO]       6 kelurahan di Ilir Timur Tiga
2026-07-01 14:54:31 [INFO]   KAB [1672] Kota Pagar Alam
2026-07-01 14:54:32 [INFO]     KEC [167201] Pagar Alam Utara
2026-07-01 14:54:32 [INFO]       10 kelurahan di Pagar Alam Utara
2026-07-01 14:54:32 [INFO]     KEC [167202] Pagar Alam Selatan
2026-07-01 14:54:33 [INFO]       8 kelurahan di Pagar Alam Selatan
2026-07-01 14:54:33 [INFO]     KEC [167203] Dempo Utara
2026-07-01 14:54:33 [INFO]       7 kelurahan di Dempo Utara
2026-07-01 14:54:33 [INFO]     KEC [167204] Dempo Selatan
2026-07-01 14:54:34 [INFO]       5 kelurahan di Dempo Selatan
2026-07-01 14:54:34 [INFO]     KEC [167205] Dempo Tengah
2026-07-01 14:54:34 [INFO]       5 kelurahan di Dempo Tengah
2026-07-01 14:54:34 [INFO]   KAB [1673] Kota Lubuk Linggau
2026-07-01 14:54:35 [INFO]     KEC [167301] Lubuk Linggau Timur I
2026-07-01 14:54:36 [INFO]       8 kelurahan di Lubuk Linggau Timur I
2026-07-01 14:54:36 [INFO]     KEC [167302] Lubuk Linggau Barat I
2026-07-01 14:54:36 [INFO]       11 kelurahan di Lubuk Linggau Barat I
2026-07-01 14:54:36 [INFO]     KEC [167303] Lubuk Linggau Selatan I
2026-07-01 14:54:37 [INFO]       7 kelurahan di Lubuk Linggau Selatan I
2026-07-01 14:54:37 [INFO]     KEC [167304] Lubuk Linggau Utara I
2026-07-01 14:54:37 [INFO]       10 kelurahan di Lubuk Linggau Utara I
2026-07-01 14:54:37 [INFO]     KEC [167305] Lubuk Linggau Timur II
2026-07-01 14:54:38 [INFO]       9 kelurahan di Lubuk Linggau Timur II
2026-07-01 14:54:38 [INFO]     KEC [167306] Lubuk Linggau Barat II
2026-07-01 14:54:38 [INFO]       8 kelurahan di Lubuk Linggau Barat II
2026-07-01 14:54:38 [INFO]     KEC [167307] Lubuk Linggau Selatan II
2026-07-01 14:54:39 [INFO]       9 kelurahan di Lubuk Linggau Selatan II
2026-07-01 14:54:39 [INFO]     KEC [167308] Lubuk Linggau Utara II
2026-07-01 14:54:39 [INFO]       10 kelurahan di Lubuk Linggau Utara II
2026-07-01 14:54:39 [INFO]   KAB [1674] Kota Prabumulih
2026-07-01 14:54:40 [INFO]     KEC [167401] Prabumulih Barat
2026-07-01 14:54:41 [INFO]       7 kelurahan di Prabumulih Barat
2026-07-01 14:54:41 [INFO]     KEC [167402] Prabumulih Timur
2026-07-01 14:54:41 [INFO]       13 kelurahan di Prabumulih Timur
2026-07-01 14:54:41 [INFO]     KEC [167403] Cambai
2026-07-01 14:54:42 [INFO]       5 kelurahan di Cambai
2026-07-01 14:54:42 [INFO]     KEC [167404] Rambang Kapak Tengah
2026-07-01 14:54:42 [INFO]       9 kelurahan di Rambang Kapak Tengah
2026-07-01 14:54:42 [INFO]     KEC [167405] Prabumulih Utara
2026-07-01 14:54:43 [INFO]       7 kelurahan di Prabumulih Utara
2026-07-01 14:54:43 [INFO]     KEC [167406] Prabumulih Selatan
2026-07-01 14:54:44 [INFO]       4 kelurahan di Prabumulih Selatan
2026-07-01 14:54:44 [INFO] PROVINSI SELESAI [16] Sumatera Selatan
2026-07-01 14:54:44 [INFO] PROVINSI [17] Bengkulu
2026-07-01 14:54:44 [INFO]   KAB [1701] Kabupaten Bengkulu Selatan
2026-07-01 14:54:45 [INFO]     KEC [170101] Kedurang
2026-07-01 14:54:45 [INFO]       19 kelurahan di Kedurang
2026-07-01 14:54:45 [INFO]     KEC [170102] Seginim
2026-07-01 14:54:46 [INFO]       22 kelurahan di Seginim
2026-07-01 14:54:46 [INFO]     KEC [170103] Pino
2026-07-01 14:54:46 [INFO]       16 kelurahan di Pino
2026-07-01 14:54:46 [INFO]     KEC [170104] Manna
2026-07-01 14:54:47 [INFO]       18 kelurahan di Manna
2026-07-01 14:54:47 [INFO]     KEC [170105] Kota Manna
2026-07-01 14:54:48 [INFO]       11 kelurahan di Kota Manna
2026-07-01 14:54:48 [INFO]     KEC [170106] Pino Raya
2026-07-01 14:54:48 [INFO]       21 kelurahan di Pino Raya
2026-07-01 14:54:48 [INFO]     KEC [170107] Kedurang Ilir
2026-07-01 14:54:49 [INFO]       12 kelurahan di Kedurang Ilir
2026-07-01 14:54:49 [INFO]     KEC [170108] Air Nipis
2026-07-01 14:54:49 [INFO]       10 kelurahan di Air Nipis
2026-07-01 14:54:49 [INFO]     KEC [170109] Ulu Manna
2026-07-01 14:54:50 [INFO]       10 kelurahan di Ulu Manna
2026-07-01 14:54:50 [INFO]     KEC [170110] Bunga Mas
2026-07-01 14:54:51 [INFO]       10 kelurahan di Bunga Mas
2026-07-01 14:54:51 [INFO]     KEC [170111] Pasar Manna
2026-07-01 14:54:51 [INFO]       9 kelurahan di Pasar Manna
2026-07-01 14:54:51 [INFO]   KAB [1702] Kabupaten Rejang Lebong
2026-07-01 14:54:52 [INFO]     KEC [170206] Kota Padang
2026-07-01 14:54:53 [INFO]       10 kelurahan di Kota Padang
2026-07-01 14:54:53 [INFO]     KEC [170207] Padang Ulak Tanding
2026-07-01 14:54:53 [INFO]       15 kelurahan di Padang Ulak Tanding
2026-07-01 14:54:53 [INFO]     KEC [170208] Sindang Kelingi
2026-07-01 14:54:54 [INFO]       10 kelurahan di Sindang Kelingi
2026-07-01 14:54:54 [INFO]     KEC [170209] Curup
2026-07-01 14:54:54 [INFO]       9 kelurahan di Curup
2026-07-01 14:54:54 [INFO]     KEC [170210] Bermani Ulu
2026-07-01 14:54:55 [INFO]       12 kelurahan di Bermani Ulu
2026-07-01 14:54:55 [INFO]     KEC [170211] Selupu Rejang
2026-07-01 14:54:55 [INFO]       16 kelurahan di Selupu Rejang
2026-07-01 14:54:55 [INFO]     KEC [170216] Curup Utara
2026-07-01 14:54:56 [INFO]       14 kelurahan di Curup Utara
2026-07-01 14:54:56 [INFO]     KEC [170217] Curup Timur
2026-07-01 14:54:56 [INFO]       9 kelurahan di Curup Timur
2026-07-01 14:54:56 [INFO]     KEC [170218] Curup Selatan
2026-07-01 14:54:57 [INFO]       11 kelurahan di Curup Selatan
2026-07-01 14:54:57 [INFO]     KEC [170219] Curup Tengah
2026-07-01 14:54:58 [INFO]       10 kelurahan di Curup Tengah
2026-07-01 14:54:58 [INFO]     KEC [170220] Binduriang
2026-07-01 14:54:58 [INFO]       5 kelurahan di Binduriang
2026-07-01 14:54:58 [INFO]     KEC [170221] Sindang Beliti Ulu
2026-07-01 14:54:59 [INFO]       9 kelurahan di Sindang Beliti Ulu
2026-07-01 14:54:59 [INFO]     KEC [170222] Sindang Dataran
2026-07-01 14:55:00 [INFO]       6 kelurahan di Sindang Dataran
2026-07-01 14:55:00 [INFO]     KEC [170223] Sindang Beliti Ilir
2026-07-01 14:55:00 [INFO]       10 kelurahan di Sindang Beliti Ilir
2026-07-01 14:55:00 [INFO]     KEC [170224] Bermani Ulu Raya
2026-07-01 14:55:01 [INFO]       10 kelurahan di Bermani Ulu Raya
2026-07-01 14:55:01 [INFO]   KAB [1703] Kabupaten Bengkulu Utara
2026-07-01 14:55:01 [INFO]     KEC [170301] Enggano
2026-07-01 14:55:02 [INFO]       6 kelurahan di Enggano
2026-07-01 14:55:02 [INFO]     KEC [170306] Kerkap
2026-07-01 14:55:02 [INFO]       18 kelurahan di Kerkap
2026-07-01 14:55:02 [INFO]     KEC [170307] Kota Arga Makmur
2026-07-01 14:55:03 [INFO]       16 kelurahan di Kota Arga Makmur
2026-07-01 14:55:03 [INFO]     KEC [170308] Giri Mulya
2026-07-01 14:55:03 [INFO]       6 kelurahan di Giri Mulya
2026-07-01 14:55:03 [INFO]     KEC [170309] Padang Jaya
2026-07-01 14:55:04 [INFO]       12 kelurahan di Padang Jaya
2026-07-01 14:55:04 [INFO]     KEC [170310] Lais
2026-07-01 14:55:05 [INFO]       13 kelurahan di Lais
2026-07-01 14:55:05 [INFO]     KEC [170311] Batik Nau
2026-07-01 14:55:05 [INFO]       15 kelurahan di Batik Nau
2026-07-01 14:55:05 [INFO]     KEC [170312] Ketahun
2026-07-01 14:55:06 [INFO]       11 kelurahan di Ketahun
2026-07-01 14:55:06 [INFO]     KEC [170313] Napal Putih
2026-07-01 14:55:07 [INFO]       10 kelurahan di Napal Putih
2026-07-01 14:55:07 [INFO]     KEC [170314] Putri Hijau
2026-07-01 14:55:07 [INFO]       9 kelurahan di Putri Hijau
2026-07-01 14:55:07 [INFO]     KEC [170315] Air Besi
2026-07-01 14:55:08 [INFO]       15 kelurahan di Air Besi
2026-07-01 14:55:08 [INFO]     KEC [170316] Air Napal
2026-07-01 14:55:08 [INFO]       12 kelurahan di Air Napal
2026-07-01 14:55:08 [INFO]     KEC [170319] Hulu Palik
2026-07-01 14:55:09 [INFO]       15 kelurahan di Hulu Palik
2026-07-01 14:55:09 [INFO]     KEC [170320] Air Padang
2026-07-01 14:55:09 [INFO]       10 kelurahan di Air Padang
2026-07-01 14:55:09 [INFO]     KEC [170321] Arma Jaya
2026-07-01 14:55:10 [INFO]       12 kelurahan di Arma Jaya
2026-07-01 14:55:10 [INFO]     KEC [170322] Tanjung Agung Palik
2026-07-01 14:55:11 [INFO]       10 kelurahan di Tanjung Agung Palik
2026-07-01 14:55:11 [INFO]     KEC [170323] Ulok Kupai
2026-07-01 14:55:11 [INFO]       10 kelurahan di Ulok Kupai
2026-07-01 14:55:11 [INFO]     KEC [170324] Pinang Raya
2026-07-01 14:55:12 [INFO]       10 kelurahan di Pinang Raya
2026-07-01 14:55:12 [INFO]     KEC [170325] Marga Sakti Sebelat
2026-07-01 14:55:12 [INFO]       10 kelurahan di Marga Sakti Sebelat
2026-07-01 14:55:12 [INFO]   KAB [1704] Kabupaten Kaur
2026-07-01 14:55:13 [INFO]     KEC [170401] Kinal
2026-07-01 14:55:13 [INFO]       14 kelurahan di Kinal
2026-07-01 14:55:13 [INFO]     KEC [170402] Tanjung Kemuning
2026-07-01 14:55:14 [INFO]       20 kelurahan di Tanjung Kemuning
2026-07-01 14:55:14 [INFO]     KEC [170403] Kaur Utara
2026-07-01 14:55:15 [INFO]       11 kelurahan di Kaur Utara
2026-07-01 14:55:15 [INFO]     KEC [170404] Kaur Tengah
2026-07-01 14:55:15 [INFO]       9 kelurahan di Kaur Tengah
2026-07-01 14:55:15 [INFO]     KEC [170405] Kaur Selatan
2026-07-01 14:55:16 [INFO]       19 kelurahan di Kaur Selatan
2026-07-01 14:55:16 [INFO]     KEC [170406] Maje
2026-07-01 14:55:16 [INFO]       19 kelurahan di Maje
2026-07-01 14:55:16 [INFO]     KEC [170407] Nasal
2026-07-01 14:55:17 [INFO]       17 kelurahan di Nasal
2026-07-01 14:55:17 [INFO]     KEC [170408] Semidang Gumay
2026-07-01 14:55:17 [INFO]       13 kelurahan di Semidang Gumay
2026-07-01 14:55:17 [INFO]     KEC [170409] Kelam Tengah
2026-07-01 14:55:18 [INFO]       13 kelurahan di Kelam Tengah
2026-07-01 14:55:18 [INFO]     KEC [170410] Luas
2026-07-01 14:55:19 [INFO]       12 kelurahan di Luas
2026-07-01 14:55:19 [INFO]     KEC [170411] Muara Sahung
2026-07-01 14:55:19 [INFO]       7 kelurahan di Muara Sahung
2026-07-01 14:55:19 [INFO]     KEC [170412] Tetap
2026-07-01 14:55:20 [INFO]       12 kelurahan di Tetap
2026-07-01 14:55:20 [INFO]     KEC [170413] Lungkang Kule
2026-07-01 14:55:20 [INFO]       9 kelurahan di Lungkang Kule
2026-07-01 14:55:20 [INFO]     KEC [170414] Padang Guci Hilir
2026-07-01 14:55:21 [INFO]       9 kelurahan di Padang Guci Hilir
2026-07-01 14:55:21 [INFO]     KEC [170415] Padang Guci Hulu
2026-07-01 14:55:21 [INFO]       11 kelurahan di Padang Guci Hulu
2026-07-01 14:55:21 [INFO]   KAB [1705] Kabupaten Seluma
2026-07-01 14:55:22 [INFO]     KEC [170501] Sukaraja
2026-07-01 14:55:22 [INFO]       21 kelurahan di Sukaraja
2026-07-01 14:55:22 [INFO]     KEC [170502] Seluma
2026-07-01 14:55:23 [INFO]       7 kelurahan di Seluma
2026-07-01 14:55:23 [INFO]     KEC [170503] Talo
2026-07-01 14:55:24 [INFO]       16 kelurahan di Talo
2026-07-01 14:55:24 [INFO]     KEC [170504] Semidang Alas
2026-07-01 14:55:24 [INFO]       24 kelurahan di Semidang Alas
2026-07-01 14:55:24 [INFO]     KEC [170505] Semidang Alas Maras
2026-07-01 14:55:25 [INFO]       26 kelurahan di Semidang Alas Maras
2026-07-01 14:55:25 [INFO]     KEC [170506] Air Periukan
2026-07-01 14:55:26 [INFO]       16 kelurahan di Air Periukan
2026-07-01 14:55:26 [INFO]     KEC [170507] Lubuk Sandi
2026-07-01 14:55:26 [INFO]       14 kelurahan di Lubuk Sandi
2026-07-01 14:55:26 [INFO]     KEC [170508] Seluma Barat
2026-07-01 14:55:27 [INFO]       9 kelurahan di Seluma Barat
2026-07-01 14:55:27 [INFO]     KEC [170509] Seluma Timur
2026-07-01 14:55:27 [INFO]       8 kelurahan di Seluma Timur
2026-07-01 14:55:27 [INFO]     KEC [170510] Seluma Utara
2026-07-01 14:55:28 [INFO]       10 kelurahan di Seluma Utara
2026-07-01 14:55:28 [INFO]     KEC [170511] Seluma Selatan
2026-07-01 14:55:28 [INFO]       12 kelurahan di Seluma Selatan
2026-07-01 14:55:28 [INFO]     KEC [170512] Talo Kecil
2026-07-01 14:55:29 [INFO]       11 kelurahan di Talo Kecil
2026-07-01 14:55:29 [INFO]     KEC [170513] Ulu Talo
2026-07-01 14:55:30 [INFO]       13 kelurahan di Ulu Talo
2026-07-01 14:55:30 [INFO]     KEC [170514] Ilir Talo
2026-07-01 14:55:30 [INFO]       15 kelurahan di Ilir Talo
2026-07-01 14:55:30 [INFO]   KAB [1706] Kabupaten Mukomuko
2026-07-01 14:55:31 [INFO]     KEC [170601] Lubuk Pinang
2026-07-01 14:55:31 [INFO]       7 kelurahan di Lubuk Pinang
2026-07-01 14:55:31 [INFO]     KEC [170602] Kota Mukomuko
2026-07-01 14:55:32 [INFO]       9 kelurahan di Kota Mukomuko
2026-07-01 14:55:32 [INFO]     KEC [170603] Teras Terunjam
2026-07-01 14:55:33 [INFO]       8 kelurahan di Teras Terunjam
2026-07-01 14:55:33 [INFO]     KEC [170604] Pondok Suguh
2026-07-01 14:55:33 [INFO]       11 kelurahan di Pondok Suguh
2026-07-01 14:55:33 [INFO]     KEC [170605] Ipuh
2026-07-01 14:55:34 [INFO]       16 kelurahan di Ipuh
2026-07-01 14:55:34 [INFO]     KEC [170606] Malin Deman
2026-07-01 14:55:34 [INFO]       7 kelurahan di Malin Deman
2026-07-01 14:55:34 [INFO]     KEC [170607] Air Rami
2026-07-01 14:55:35 [INFO]       12 kelurahan di Air Rami
2026-07-01 14:55:35 [INFO]     KEC [170608] Teramang Jaya
2026-07-01 14:55:36 [INFO]       13 kelurahan di Teramang Jaya
2026-07-01 14:55:36 [INFO]     KEC [170609] Selagan Raya
2026-07-01 14:55:36 [INFO]       12 kelurahan di Selagan Raya
2026-07-01 14:55:36 [INFO]     KEC [170610] Penarik
2026-07-01 14:55:37 [INFO]       14 kelurahan di Penarik
2026-07-01 14:55:37 [INFO]     KEC [170611] XIV Koto
2026-07-01 14:55:37 [INFO]       8 kelurahan di XIV Koto
2026-07-01 14:55:37 [INFO]     KEC [170612] V Koto
2026-07-01 14:55:38 [INFO]       10 kelurahan di V Koto
2026-07-01 14:55:38 [INFO]     KEC [170613] Air Manjunto
2026-07-01 14:55:38 [INFO]       8 kelurahan di Air Manjunto
2026-07-01 14:55:38 [INFO]     KEC [170614] Air Dikit
2026-07-01 14:55:39 [INFO]       7 kelurahan di Air Dikit
2026-07-01 14:55:39 [INFO]     KEC [170615] Sungai Rumbai
2026-07-01 14:55:40 [INFO]       9 kelurahan di Sungai Rumbai
2026-07-01 14:55:40 [INFO]   KAB [1707] Kabupaten Lebong
2026-07-01 14:55:40 [INFO]     KEC [170701] Lebong Utara
2026-07-01 14:55:41 [INFO]       12 kelurahan di Lebong Utara
2026-07-01 14:55:41 [INFO]     KEC [170702] Lebong Atas
2026-07-01 14:55:41 [INFO]       6 kelurahan di Lebong Atas
2026-07-01 14:55:41 [INFO]     KEC [170703] Lebong Tengah
2026-07-01 14:55:42 [INFO]       11 kelurahan di Lebong Tengah
2026-07-01 14:55:42 [INFO]     KEC [170704] Lebong Selatan
2026-07-01 14:55:42 [INFO]       10 kelurahan di Lebong Selatan
2026-07-01 14:55:42 [INFO]     KEC [170705] Rimbo Pengadang
2026-07-01 14:55:43 [INFO]       6 kelurahan di Rimbo Pengadang
2026-07-01 14:55:43 [INFO]     KEC [170706] Topos
2026-07-01 14:55:43 [INFO]       8 kelurahan di Topos
2026-07-01 14:55:43 [INFO]     KEC [170707] Bingin Kuning
2026-07-01 14:55:44 [INFO]       9 kelurahan di Bingin Kuning
2026-07-01 14:55:44 [INFO]     KEC [170708] Lebong Sakti
2026-07-01 14:55:45 [INFO]       9 kelurahan di Lebong Sakti
2026-07-01 14:55:45 [INFO]     KEC [170709] Tubei
2026-07-01 14:55:45 [INFO]       8 kelurahan di Tubei
2026-07-01 14:55:45 [INFO]     KEC [170710] Amen
2026-07-01 14:55:46 [INFO]       10 kelurahan di Amen
2026-07-01 14:55:46 [INFO]     KEC [170711] Uram Jaya
2026-07-01 14:55:46 [INFO]       7 kelurahan di Uram Jaya
2026-07-01 14:55:46 [INFO]     KEC [170712] Pinang Belapis
2026-07-01 14:55:47 [INFO]       8 kelurahan di Pinang Belapis
2026-07-01 14:55:47 [INFO]   KAB [1708] Kabupaten Kepahiang
2026-07-01 14:55:48 [INFO]     KEC [170801] Bermani Ilir
2026-07-01 14:55:48 [INFO]       19 kelurahan di Bermani Ilir
2026-07-01 14:55:48 [INFO]     KEC [170802] Ujan Mas
2026-07-01 14:55:49 [INFO]       17 kelurahan di Ujan Mas
2026-07-01 14:55:49 [INFO]     KEC [170803] Tebat Karai
2026-07-01 14:55:49 [INFO]       14 kelurahan di Tebat Karai
2026-07-01 14:55:49 [INFO]     KEC [170804] Kepahiang
2026-07-01 14:55:50 [INFO]       23 kelurahan di Kepahiang
2026-07-01 14:55:50 [INFO]     KEC [170805] Merigi
2026-07-01 14:55:50 [INFO]       8 kelurahan di Merigi
2026-07-01 14:55:50 [INFO]     KEC [170806] Kebawetan
2026-07-01 14:55:51 [INFO]       15 kelurahan di Kebawetan
2026-07-01 14:55:51 [INFO]     KEC [170807] Seberang Musi
2026-07-01 14:55:52 [INFO]       13 kelurahan di Seberang Musi
2026-07-01 14:55:52 [INFO]     KEC [170808] Muara Kemumu
2026-07-01 14:55:52 [INFO]       8 kelurahan di Muara Kemumu
2026-07-01 14:55:52 [INFO]   KAB [1709] Kabupaten Bengkulu Tengah
2026-07-01 14:55:53 [INFO]     KEC [170901] Karang Tinggi
2026-07-01 14:55:53 [INFO]       13 kelurahan di Karang Tinggi
2026-07-01 14:55:53 [INFO]     KEC [170902] Talang Empat
2026-07-01 14:55:54 [INFO]       10 kelurahan di Talang Empat
2026-07-01 14:55:54 [INFO]     KEC [170903] Pondok Kelapa
2026-07-01 14:55:54 [INFO]       17 kelurahan di Pondok Kelapa
2026-07-01 14:55:54 [INFO]     KEC [170904] Pematang Tiga
2026-07-01 14:55:55 [INFO]       13 kelurahan di Pematang Tiga
2026-07-01 14:55:55 [INFO]     KEC [170905] Pagar Jati
2026-07-01 14:55:55 [INFO]       14 kelurahan di Pagar Jati
2026-07-01 14:55:55 [INFO]     KEC [170906] Taba Penanjung
2026-07-01 14:55:56 [INFO]       13 kelurahan di Taba Penanjung
2026-07-01 14:55:56 [INFO]     KEC [170907] Merigi Kelindang
2026-07-01 14:55:57 [INFO]       13 kelurahan di Merigi Kelindang
2026-07-01 14:55:57 [INFO]     KEC [170908] Merigi Sakti
2026-07-01 14:55:57 [INFO]       15 kelurahan di Merigi Sakti
2026-07-01 14:55:57 [INFO]     KEC [170909] Pondok Kubang
2026-07-01 14:55:58 [INFO]       12 kelurahan di Pondok Kubang
2026-07-01 14:55:58 [INFO]     KEC [170910] Bang Haji
2026-07-01 14:55:58 [INFO]       12 kelurahan di Bang Haji
2026-07-01 14:55:58 [INFO]     KEC [170911] Semidang Lagan
2026-07-01 14:55:59 [INFO]       11 kelurahan di Semidang Lagan
2026-07-01 14:55:59 [INFO]   KAB [1771] Kota Bengkulu
2026-07-01 14:55:59 [INFO]     KEC [177101] Selebar
2026-07-01 14:56:00 [INFO]       6 kelurahan di Selebar
2026-07-01 14:56:00 [INFO]     KEC [177102] Gading Cempaka
2026-07-01 14:56:00 [INFO]       5 kelurahan di Gading Cempaka
2026-07-01 14:56:00 [INFO]     KEC [177103] Teluk Segara
2026-07-01 14:56:01 [INFO]       13 kelurahan di Teluk Segara
2026-07-01 14:56:01 [INFO]     KEC [177104] Muara Bangka Hulu
2026-07-01 14:56:02 [INFO]       7 kelurahan di Muara Bangka Hulu
2026-07-01 14:56:02 [INFO]     KEC [177105] Kampung Melayu
2026-07-01 14:56:02 [INFO]       6 kelurahan di Kampung Melayu
2026-07-01 14:56:02 [INFO]     KEC [177106] Ratu Agung
2026-07-01 14:56:03 [INFO]       8 kelurahan di Ratu Agung
2026-07-01 14:56:03 [INFO]     KEC [177107] Ratu Samban
2026-07-01 14:56:04 [INFO]       9 kelurahan di Ratu Samban
2026-07-01 14:56:04 [INFO]     KEC [177108] Sungai Serut
2026-07-01 14:56:04 [INFO]       7 kelurahan di Sungai Serut
2026-07-01 14:56:04 [INFO]     KEC [177109] Singaran Pati
2026-07-01 14:56:05 [INFO]       6 kelurahan di Singaran Pati
2026-07-01 14:56:05 [INFO] PROVINSI SELESAI [17] Bengkulu
2026-07-01 14:56:05 [INFO] PROVINSI [18] Lampung
2026-07-01 14:56:05 [INFO]   KAB [1801] Kabupaten Lampung Selatan
2026-07-01 14:56:06 [INFO]     KEC [180104] Natar
2026-07-01 14:56:07 [INFO]       26 kelurahan di Natar
2026-07-01 14:56:07 [INFO]     KEC [180105] Tanjung Bintang
2026-07-01 14:56:07 [INFO]       16 kelurahan di Tanjung Bintang
2026-07-01 14:56:07 [INFO]     KEC [180106] Kalianda
2026-07-01 14:56:08 [INFO]       29 kelurahan di Kalianda
2026-07-01 14:56:08 [INFO]     KEC [180107] Sidomulyo
2026-07-01 14:56:08 [INFO]       16 kelurahan di Sidomulyo
2026-07-01 14:56:08 [INFO]     KEC [180108] Katibung
2026-07-01 14:56:09 [INFO]       12 kelurahan di Katibung
2026-07-01 14:56:09 [INFO]     KEC [180109] Penengahan
2026-07-01 14:56:09 [INFO]       22 kelurahan di Penengahan
2026-07-01 14:56:09 [INFO]     KEC [180110] Palas
2026-07-01 14:56:10 [INFO]       21 kelurahan di Palas
2026-07-01 14:56:10 [INFO]     KEC [180113] Jati Agung
2026-07-01 14:56:10 [INFO]       21 kelurahan di Jati Agung
2026-07-01 14:56:10 [INFO]     KEC [180114] Ketapang
2026-07-01 14:56:11 [INFO]       17 kelurahan di Ketapang
2026-07-01 14:56:11 [INFO]     KEC [180115] Sragi
2026-07-01 14:56:12 [INFO]       10 kelurahan di Sragi
2026-07-01 14:56:12 [INFO]     KEC [180116] Raja Basa
2026-07-01 14:56:12 [INFO]       16 kelurahan di Raja Basa
2026-07-01 14:56:12 [INFO]     KEC [180117] Candipuro
2026-07-01 14:56:13 [INFO]       14 kelurahan di Candipuro
2026-07-01 14:56:13 [INFO]     KEC [180118] Merbau Mataram
2026-07-01 14:56:13 [INFO]       15 kelurahan di Merbau Mataram
2026-07-01 14:56:13 [INFO]     KEC [180121] Bakauheni
2026-07-01 14:56:14 [INFO]       5 kelurahan di Bakauheni
2026-07-01 14:56:14 [INFO]     KEC [180122] Tanjung Sari
2026-07-01 14:56:14 [INFO]       8 kelurahan di Tanjung Sari
2026-07-01 14:56:14 [INFO]     KEC [180123] Way Sulan
2026-07-01 14:56:15 [INFO]       8 kelurahan di Way Sulan
2026-07-01 14:56:15 [INFO]     KEC [180124] Way Panji
2026-07-01 14:56:15 [INFO]       4 kelurahan di Way Panji
2026-07-01 14:56:16 [INFO]   KAB [1802] Kabupaten Lampung Tengah
2026-07-01 14:56:16 [INFO]     KEC [180201] Kalirejo
2026-07-01 14:56:17 [INFO]       17 kelurahan di Kalirejo
2026-07-01 14:56:17 [INFO]     KEC [180202] Bangun Rejo
2026-07-01 14:56:17 [INFO]       17 kelurahan di Bangun Rejo
2026-07-01 14:56:17 [INFO]     KEC [180203] Padang Ratu
2026-07-01 14:56:18 [INFO]       15 kelurahan di Padang Ratu
2026-07-01 14:56:18 [INFO]     KEC [180204] Gunung Sugih
2026-07-01 14:56:18 [INFO]       15 kelurahan di Gunung Sugih
2026-07-01 14:56:18 [INFO]     KEC [180205] Trimurjo
2026-07-01 14:56:19 [INFO]       14 kelurahan di Trimurjo
2026-07-01 14:56:19 [INFO]     KEC [180206] Punggur
2026-07-01 14:56:20 [INFO]       9 kelurahan di Punggur
2026-07-01 14:56:20 [INFO]     KEC [180207] Terbanggi Besar
2026-07-01 14:56:20 [INFO]       10 kelurahan di Terbanggi Besar
2026-07-01 14:56:20 [INFO]     KEC [180208] Seputih Raman
2026-07-01 14:56:21 [INFO]       14 kelurahan di Seputih Raman
2026-07-01 14:56:21 [INFO]     KEC [180209] Rumbia
2026-07-01 14:56:21 [INFO]       9 kelurahan di Rumbia
2026-07-01 14:56:21 [INFO]     KEC [180210] Seputih Banyak
2026-07-01 14:56:22 [INFO]       13 kelurahan di Seputih Banyak
2026-07-01 14:56:22 [INFO]     KEC [180211] Seputih Mataram
2026-07-01 14:56:22 [INFO]       12 kelurahan di Seputih Mataram
2026-07-01 14:56:22 [INFO]     KEC [180212] Seputih Surabaya
2026-07-01 14:56:23 [INFO]       13 kelurahan di Seputih Surabaya
2026-07-01 14:56:23 [INFO]     KEC [180213] Terusan Nunyai
2026-07-01 14:56:23 [INFO]       7 kelurahan di Terusan Nunyai
2026-07-01 14:56:23 [INFO]     KEC [180214] Bumi Ratu Nuban
2026-07-01 14:56:24 [INFO]       10 kelurahan di Bumi Ratu Nuban
2026-07-01 14:56:24 [INFO]     KEC [180215] Bekri
2026-07-01 14:56:25 [INFO]       8 kelurahan di Bekri
2026-07-01 14:56:25 [INFO]     KEC [180216] Seputih Agung
2026-07-01 14:56:25 [INFO]       10 kelurahan di Seputih Agung
2026-07-01 14:56:25 [INFO]     KEC [180217] Way Pengubuan
2026-07-01 14:56:26 [INFO]       8 kelurahan di Way Pengubuan
2026-07-01 14:56:26 [INFO]     KEC [180218] Bandar Mataram
2026-07-01 14:56:26 [INFO]       9 kelurahan di Bandar Mataram
2026-07-01 14:56:26 [INFO]     KEC [180219] Pubian
2026-07-01 14:56:27 [INFO]       20 kelurahan di Pubian
2026-07-01 14:56:27 [INFO]     KEC [180220] Selagai Lingga
2026-07-01 14:56:27 [INFO]       14 kelurahan di Selagai Lingga
2026-07-01 14:56:27 [INFO]     KEC [180221] Anak Tuha
2026-07-01 14:56:28 [INFO]       12 kelurahan di Anak Tuha
2026-07-01 14:56:28 [INFO]     KEC [180222] Sendang Agung
2026-07-01 14:56:29 [INFO]       9 kelurahan di Sendang Agung
2026-07-01 14:56:29 [INFO]     KEC [180223] Kota Gajah
2026-07-01 14:56:29 [INFO]       7 kelurahan di Kota Gajah
2026-07-01 14:56:29 [INFO]     KEC [180224] Bumi Nabung
2026-07-01 14:56:30 [INFO]       7 kelurahan di Bumi Nabung
2026-07-01 14:56:30 [INFO]     KEC [180225] Way Seputih
2026-07-01 14:56:30 [INFO]       6 kelurahan di Way Seputih
2026-07-01 14:56:30 [INFO]     KEC [180226] Bandar Surabaya
2026-07-01 14:56:31 [INFO]       10 kelurahan di Bandar Surabaya
2026-07-01 14:56:31 [INFO]     KEC [180227] Anak Ratu Aji
2026-07-01 14:56:31 [INFO]       6 kelurahan di Anak Ratu Aji
2026-07-01 14:56:31 [INFO]     KEC [180228] Putra Rumbia
2026-07-01 14:56:32 [INFO]       10 kelurahan di Putra Rumbia
2026-07-01 14:56:32 [INFO]   KAB [1803] Kabupaten Lampung Utara
2026-07-01 14:56:33 [INFO]     KEC [180301] Bukit Kemuning
2026-07-01 14:56:33 [INFO]       8 kelurahan di Bukit Kemuning
2026-07-01 14:56:33 [INFO]     KEC [180302] Kotabumi
2026-07-01 14:56:34 [INFO]       13 kelurahan di Kotabumi
2026-07-01 14:56:34 [INFO]     KEC [180303] Sungkai Selatan
2026-07-01 14:56:34 [INFO]       11 kelurahan di Sungkai Selatan
2026-07-01 14:56:34 [INFO]     KEC [180304] Tanjung Raja
2026-07-01 14:56:35 [INFO]       19 kelurahan di Tanjung Raja
2026-07-01 14:56:35 [INFO]     KEC [180305] Abung Timur
2026-07-01 14:56:35 [INFO]       12 kelurahan di Abung Timur
2026-07-01 14:56:35 [INFO]     KEC [180306] Abung Barat
2026-07-01 14:56:36 [INFO]       14 kelurahan di Abung Barat
2026-07-01 14:56:36 [INFO]     KEC [180307] Abung Selatan
2026-07-01 14:56:36 [INFO]       16 kelurahan di Abung Selatan
2026-07-01 14:56:36 [INFO]     KEC [180308] Sungkai Utara
2026-07-01 14:56:37 [INFO]       15 kelurahan di Sungkai Utara
2026-07-01 14:56:37 [INFO]     KEC [180309] Kotabumi Utara
2026-07-01 14:56:38 [INFO]       8 kelurahan di Kotabumi Utara
2026-07-01 14:56:38 [INFO]     KEC [180310] Kotabumi Selatan
2026-07-01 14:56:38 [INFO]       14 kelurahan di Kotabumi Selatan
2026-07-01 14:56:38 [INFO]     KEC [180311] Abung Tengah
2026-07-01 14:56:39 [INFO]       11 kelurahan di Abung Tengah
2026-07-01 14:56:39 [INFO]     KEC [180312] Abung Tinggi
2026-07-01 14:56:39 [INFO]       8 kelurahan di Abung Tinggi
2026-07-01 14:56:39 [INFO]     KEC [180313] Abung Semuli
2026-07-01 14:56:40 [INFO]       7 kelurahan di Abung Semuli
2026-07-01 14:56:40 [INFO]     KEC [180314] Abung Surakarta
2026-07-01 14:56:40 [INFO]       9 kelurahan di Abung Surakarta
2026-07-01 14:56:40 [INFO]     KEC [180315] Muara Sungkai
2026-07-01 14:56:41 [INFO]       11 kelurahan di Muara Sungkai
2026-07-01 14:56:41 [INFO]     KEC [180316] Bunga Mayang
2026-07-01 14:56:42 [INFO]       11 kelurahan di Bunga Mayang
2026-07-01 14:56:42 [INFO]     KEC [180317] Hulu Sungkai
2026-07-01 14:56:42 [INFO]       10 kelurahan di Hulu Sungkai
2026-07-01 14:56:42 [INFO]     KEC [180318] Sungkai Tengah
2026-07-01 14:56:43 [INFO]       8 kelurahan di Sungkai Tengah
2026-07-01 14:56:43 [INFO]     KEC [180319] Abung Pekurun
2026-07-01 14:56:43 [INFO]       9 kelurahan di Abung Pekurun
2026-07-01 14:56:43 [INFO]     KEC [180320] Sungkai Jaya
2026-07-01 14:56:44 [INFO]       9 kelurahan di Sungkai Jaya
2026-07-01 14:56:44 [INFO]     KEC [180321] Sungkai Barat
2026-07-01 14:56:44 [INFO]       10 kelurahan di Sungkai Barat
2026-07-01 14:56:44 [INFO]     KEC [180322] Abung Kunang
2026-07-01 14:56:45 [INFO]       7 kelurahan di Abung Kunang
2026-07-01 14:56:45 [INFO]     KEC [180323] Blambangan Pagar
2026-07-01 14:56:45 [INFO]       7 kelurahan di Blambangan Pagar
2026-07-01 14:56:45 [INFO]   KAB [1804] Kabupaten Lampung Barat
2026-07-01 14:56:46 [INFO]     KEC [180404] Balik Bukit
2026-07-01 14:56:47 [INFO]       12 kelurahan di Balik Bukit
2026-07-01 14:56:47 [INFO]     KEC [180405] Sumber Jaya
2026-07-01 14:56:47 [INFO]       6 kelurahan di Sumber Jaya
2026-07-01 14:56:47 [INFO]     KEC [180406] Belalau
2026-07-01 14:56:48 [INFO]       10 kelurahan di Belalau
2026-07-01 14:56:48 [INFO]     KEC [180407] Way Tenong
2026-07-01 14:56:48 [INFO]       9 kelurahan di Way Tenong
2026-07-01 14:56:48 [INFO]     KEC [180408] Sekincau
2026-07-01 14:56:49 [INFO]       5 kelurahan di Sekincau
2026-07-01 14:56:49 [INFO]     KEC [180409] Suoh
2026-07-01 14:56:49 [INFO]       7 kelurahan di Suoh
2026-07-01 14:56:49 [INFO]     KEC [180410] Batu Brak
2026-07-01 14:56:50 [INFO]       11 kelurahan di Batu Brak
2026-07-01 14:56:50 [INFO]     KEC [180411] Sukau
2026-07-01 14:56:50 [INFO]       10 kelurahan di Sukau
2026-07-01 14:56:50 [INFO]     KEC [180415] Gedung Surian
2026-07-01 14:56:51 [INFO]       5 kelurahan di Gedung Surian
2026-07-01 14:56:51 [INFO]     KEC [180418] Kebun Tebu
2026-07-01 14:56:52 [INFO]       10 kelurahan di Kebun Tebu
2026-07-01 14:56:52 [INFO]     KEC [180419] Air Hitam
2026-07-01 14:56:52 [INFO]       10 kelurahan di Air Hitam
2026-07-01 14:56:52 [INFO]     KEC [180420] Pagar Dewa
2026-07-01 14:56:53 [INFO]       10 kelurahan di Pagar Dewa
2026-07-01 14:56:53 [INFO]     KEC [180421] Batu Ketulis
2026-07-01 14:56:53 [INFO]       10 kelurahan di Batu Ketulis
2026-07-01 14:56:53 [INFO]     KEC [180422] Lumbok Seminung
2026-07-01 14:56:54 [INFO]       11 kelurahan di Lumbok Seminung
2026-07-01 14:56:54 [INFO]     KEC [180423] Bandar Negeri Suoh
2026-07-01 14:56:54 [INFO]       10 kelurahan di Bandar Negeri Suoh
2026-07-01 14:56:54 [INFO]   KAB [1805] Kabupaten Tulang Bawang
2026-07-01 14:56:55 [INFO]     KEC [180502] Menggala
2026-07-01 14:56:55 [INFO]       9 kelurahan di Menggala
2026-07-01 14:56:55 [INFO]     KEC [180506] Gedung Aji
2026-07-01 14:56:56 [INFO]       10 kelurahan di Gedung Aji
2026-07-01 14:56:56 [INFO]     KEC [180508] Banjar Agung
2026-07-01 14:56:57 [INFO]       11 kelurahan di Banjar Agung
2026-07-01 14:56:57 [INFO]     KEC [180511] Gedung Meneng
2026-07-01 14:56:57 [INFO]       11 kelurahan di Gedung Meneng
2026-07-01 14:56:57 [INFO]     KEC [180512] Rawa Jitu Selatan
2026-07-01 14:56:58 [INFO]       9 kelurahan di Rawa Jitu Selatan
2026-07-01 14:56:58 [INFO]     KEC [180513] Penawar Tama
2026-07-01 14:56:58 [INFO]       14 kelurahan di Penawar Tama
2026-07-01 14:56:58 [INFO]     KEC [180518] Rawa Jitu Timur
2026-07-01 14:56:59 [INFO]       8 kelurahan di Rawa Jitu Timur
2026-07-01 14:56:59 [INFO]     KEC [180520] Banjar Margo
2026-07-01 14:56:59 [INFO]       12 kelurahan di Banjar Margo
2026-07-01 14:56:59 [INFO]     KEC [180522] Rawa Pitu
2026-07-01 14:57:00 [INFO]       9 kelurahan di Rawa Pitu
2026-07-01 14:57:00 [INFO]     KEC [180523] Penawar Aji
2026-07-01 14:57:00 [INFO]       9 kelurahan di Penawar Aji
2026-07-01 14:57:00 [INFO]     KEC [180525] Dente Teladas
2026-07-01 14:57:01 [INFO]       12 kelurahan di Dente Teladas
2026-07-01 14:57:01 [INFO]     KEC [180526] Meraksa Aji
2026-07-01 14:57:02 [INFO]       8 kelurahan di Meraksa Aji
2026-07-01 14:57:02 [INFO]     KEC [180527] Gedung Aji Baru
2026-07-01 14:57:02 [INFO]       9 kelurahan di Gedung Aji Baru
2026-07-01 14:57:02 [INFO]     KEC [180529] Banjar Baru
2026-07-01 14:57:03 [INFO]       10 kelurahan di Banjar Baru
2026-07-01 14:57:03 [INFO]     KEC [180530] Menggala Timur
2026-07-01 14:57:03 [INFO]       10 kelurahan di Menggala Timur
2026-07-01 14:57:03 [INFO]   KAB [1806] Kabupaten Tanggamus
2026-07-01 14:57:04 [INFO]     KEC [180601] Kota Agung
2026-07-01 14:57:04 [INFO]       16 kelurahan di Kota Agung
2026-07-01 14:57:04 [INFO]     KEC [180602] Talang Padang
2026-07-01 14:57:05 [INFO]       20 kelurahan di Talang Padang
2026-07-01 14:57:05 [INFO]     KEC [180603] Wonosobo
2026-07-01 14:57:05 [INFO]       28 kelurahan di Wonosobo
2026-07-01 14:57:06 [INFO]     KEC [180604] Pulau Panggung
2026-07-01 14:57:06 [INFO]       21 kelurahan di Pulau Panggung
2026-07-01 14:57:06 [INFO]     KEC [180609] Cukuh Balak
2026-07-01 14:57:07 [INFO]       20 kelurahan di Cukuh Balak
2026-07-01 14:57:07 [INFO]     KEC [180611] Pugung
2026-07-01 14:57:07 [INFO]       27 kelurahan di Pugung
2026-07-01 14:57:07 [INFO]     KEC [180612] Semaka
2026-07-01 14:57:08 [INFO]       22 kelurahan di Semaka
2026-07-01 14:57:08 [INFO]     KEC [180613] Sumberejo
2026-07-01 14:57:08 [INFO]       13 kelurahan di Sumberejo
2026-07-01 14:57:08 [INFO]     KEC [180615] Ulu Belu
2026-07-01 14:57:09 [INFO]       16 kelurahan di Ulu Belu
2026-07-01 14:57:09 [INFO]     KEC [180616] Pematang Sawa
2026-07-01 14:57:09 [INFO]       14 kelurahan di Pematang Sawa
2026-07-01 14:57:09 [INFO]     KEC [180617] Kelumbayan
2026-07-01 14:57:10 [INFO]       8 kelurahan di Kelumbayan
2026-07-01 14:57:10 [INFO]     KEC [180618] Kota Agung Barat
2026-07-01 14:57:11 [INFO]       16 kelurahan di Kota Agung Barat
2026-07-01 14:57:11 [INFO]     KEC [180619] Kota Agung Timur
2026-07-01 14:57:11 [INFO]       12 kelurahan di Kota Agung Timur
2026-07-01 14:57:11 [INFO]     KEC [180620] Gisting
2026-07-01 14:57:12 [INFO]       9 kelurahan di Gisting
2026-07-01 14:57:12 [INFO]     KEC [180621] Gunung Alip
2026-07-01 14:57:12 [INFO]       12 kelurahan di Gunung Alip
2026-07-01 14:57:12 [INFO]     KEC [180624] Limau
2026-07-01 14:57:13 [INFO]       11 kelurahan di Limau
2026-07-01 14:57:13 [INFO]     KEC [180625] Bandar Negeri Semuong
2026-07-01 14:57:13 [INFO]       11 kelurahan di Bandar Negeri Semuong
2026-07-01 14:57:13 [INFO]     KEC [180626] Air Naningan
2026-07-01 14:57:14 [INFO]       10 kelurahan di Air Naningan
2026-07-01 14:57:14 [INFO]     KEC [180627] Bulok
2026-07-01 14:57:15 [INFO]       10 kelurahan di Bulok
2026-07-01 14:57:15 [INFO]     KEC [180628] Kelumbayan Barat
2026-07-01 14:57:15 [INFO]       6 kelurahan di Kelumbayan Barat
2026-07-01 14:57:15 [INFO]   KAB [1807] Kabupaten Lampung Timur
2026-07-01 14:57:16 [INFO]     KEC [180701] Sukadana
2026-07-01 14:57:16 [INFO]       20 kelurahan di Sukadana
2026-07-01 14:57:16 [INFO]     KEC [180702] Labuhan Maringgai
2026-07-01 14:57:17 [INFO]       11 kelurahan di Labuhan Maringgai
2026-07-01 14:57:17 [INFO]     KEC [180703] Jabung
2026-07-01 14:57:17 [INFO]       15 kelurahan di Jabung
2026-07-01 14:57:17 [INFO]     KEC [180704] Pekalongan
2026-07-01 14:57:18 [INFO]       12 kelurahan di Pekalongan
2026-07-01 14:57:18 [INFO]     KEC [180705] Sekampung
2026-07-01 14:57:18 [INFO]       17 kelurahan di Sekampung
2026-07-01 14:57:19 [INFO]     KEC [180706] Batanghari
2026-07-01 14:57:19 [INFO]       17 kelurahan di Batanghari
2026-07-01 14:57:19 [INFO]     KEC [180707] Way Jepara
2026-07-01 14:57:20 [INFO]       16 kelurahan di Way Jepara
2026-07-01 14:57:20 [INFO]     KEC [180708] Purbolinggo
2026-07-01 14:57:20 [INFO]       12 kelurahan di Purbolinggo
2026-07-01 14:57:20 [INFO]     KEC [180709] Raman Utara
2026-07-01 14:57:21 [INFO]       11 kelurahan di Raman Utara
2026-07-01 14:57:21 [INFO]     KEC [180710] Metro Kibang
2026-07-01 14:57:21 [INFO]       7 kelurahan di Metro Kibang
2026-07-01 14:57:21 [INFO]     KEC [180711] Marga Tiga
2026-07-01 14:57:22 [INFO]       13 kelurahan di Marga Tiga
2026-07-01 14:57:22 [INFO]     KEC [180712] Sekampung Udik
2026-07-01 14:57:22 [INFO]       15 kelurahan di Sekampung Udik
2026-07-01 14:57:22 [INFO]     KEC [180713] Batanghari Nuban
2026-07-01 14:57:23 [INFO]       13 kelurahan di Batanghari Nuban
2026-07-01 14:57:23 [INFO]     KEC [180714] Bumi Agung
2026-07-01 14:57:23 [INFO]       7 kelurahan di Bumi Agung
2026-07-01 14:57:23 [INFO]     KEC [180715] Bandar Sribhawono
2026-07-01 14:57:24 [INFO]       7 kelurahan di Bandar Sribhawono
2026-07-01 14:57:24 [INFO]     KEC [180716] Mataram Baru
2026-07-01 14:57:25 [INFO]       7 kelurahan di Mataram Baru
2026-07-01 14:57:25 [INFO]     KEC [180717] Melinting
2026-07-01 14:57:25 [INFO]       6 kelurahan di Melinting
2026-07-01 14:57:25 [INFO]     KEC [180718] Gunung Pelindung
2026-07-01 14:57:26 [INFO]       5 kelurahan di Gunung Pelindung
2026-07-01 14:57:26 [INFO]     KEC [180719] Pasir Sakti
2026-07-01 14:57:26 [INFO]       8 kelurahan di Pasir Sakti
2026-07-01 14:57:26 [INFO]     KEC [180720] Waway Karya
2026-07-01 14:57:27 [INFO]       11 kelurahan di Waway Karya
2026-07-01 14:57:27 [INFO]     KEC [180721] Labuhan Ratu
2026-07-01 14:57:28 [INFO]       11 kelurahan di Labuhan Ratu
2026-07-01 14:57:28 [INFO]     KEC [180722] Braja Selebah
2026-07-01 14:57:28 [INFO]       7 kelurahan di Braja Selebah
2026-07-01 14:57:28 [INFO]     KEC [180723] Way Bungur
2026-07-01 14:57:29 [INFO]       8 kelurahan di Way Bungur
2026-07-01 14:57:29 [INFO]     KEC [180724] Marga Sekampung
2026-07-01 14:57:29 [INFO]       8 kelurahan di Marga Sekampung
2026-07-01 14:57:29 [INFO]   KAB [1808] Kabupaten Way Kanan
2026-07-01 14:57:30 [INFO]     KEC [180801] Blambangan Umpu
2026-07-01 14:57:30 [INFO]       13 kelurahan di Blambangan Umpu
2026-07-01 14:57:30 [INFO]     KEC [180802] Kasui
2026-07-01 14:57:31 [INFO]       19 kelurahan di Kasui
2026-07-01 14:57:31 [INFO]     KEC [180803] Banjit
2026-07-01 14:57:31 [INFO]       20 kelurahan di Banjit
2026-07-01 14:57:31 [INFO]     KEC [180804] Baradatu
2026-07-01 14:57:32 [INFO]       22 kelurahan di Baradatu
2026-07-01 14:57:32 [INFO]     KEC [180805] Bahuga
2026-07-01 14:57:33 [INFO]       11 kelurahan di Bahuga
2026-07-01 14:57:33 [INFO]     KEC [180806] Pakuan Ratu
2026-07-01 14:57:33 [INFO]       19 kelurahan di Pakuan Ratu
2026-07-01 14:57:33 [INFO]     KEC [180807] Negeri Agung
2026-07-01 14:57:34 [INFO]       19 kelurahan di Negeri Agung
2026-07-01 14:57:34 [INFO]     KEC [180808] Way Tuba
2026-07-01 14:57:34 [INFO]       13 kelurahan di Way Tuba
2026-07-01 14:57:34 [INFO]     KEC [180809] Rebang Tangkas
2026-07-01 14:57:35 [INFO]       10 kelurahan di Rebang Tangkas
2026-07-01 14:57:35 [INFO]     KEC [180810] Gunung Labuhan
2026-07-01 14:57:35 [INFO]       21 kelurahan di Gunung Labuhan
2026-07-01 14:57:35 [INFO]     KEC [180811] Negara Batin
2026-07-01 14:57:36 [INFO]       15 kelurahan di Negara Batin
2026-07-01 14:57:36 [INFO]     KEC [180812] Negeri Besar
2026-07-01 14:57:37 [INFO]       13 kelurahan di Negeri Besar
2026-07-01 14:57:37 [INFO]     KEC [180813] Buay Bahuga
2026-07-01 14:57:37 [INFO]       9 kelurahan di Buay Bahuga
2026-07-01 14:57:37 [INFO]     KEC [180814] Bumi Agung
2026-07-01 14:57:38 [INFO]       10 kelurahan di Bumi Agung
2026-07-01 14:57:38 [INFO]     KEC [180815] Umpu Semenguk
2026-07-01 14:57:38 [INFO]       13 kelurahan di Umpu Semenguk
2026-07-01 14:57:38 [INFO]   KAB [1809] Kabupaten Pesawaran
2026-07-01 14:57:39 [INFO]     KEC [180901] Gedong Tataan
2026-07-01 14:57:40 [INFO]       19 kelurahan di Gedong Tataan
2026-07-01 14:57:40 [INFO]     KEC [180902] Negeri Katon
2026-07-01 14:57:40 [INFO]       21 kelurahan di Negeri Katon
2026-07-01 14:57:40 [INFO]     KEC [180903] Tegineneng
2026-07-01 14:57:41 [INFO]       16 kelurahan di Tegineneng
2026-07-01 14:57:41 [INFO]     KEC [180904] Way Lima
2026-07-01 14:57:41 [INFO]       16 kelurahan di Way Lima
2026-07-01 14:57:41 [INFO]     KEC [180905] Padang Cermin
2026-07-01 14:57:42 [INFO]       12 kelurahan di Padang Cermin
2026-07-01 14:57:42 [INFO]     KEC [180906] Punduh Pidada
2026-07-01 14:57:43 [INFO]       11 kelurahan di Punduh Pidada
2026-07-01 14:57:43 [INFO]     KEC [180907] Kedondong
2026-07-01 14:57:43 [INFO]       12 kelurahan di Kedondong
2026-07-01 14:57:43 [INFO]     KEC [180908] Marga Punduh
2026-07-01 14:57:44 [INFO]       10 kelurahan di Marga Punduh
2026-07-01 14:57:44 [INFO]     KEC [180909] Way Khilau
2026-07-01 14:57:44 [INFO]       10 kelurahan di Way Khilau
2026-07-01 14:57:44 [INFO]     KEC [180910] Teluk Pandan
2026-07-01 14:57:45 [INFO]       10 kelurahan di Teluk Pandan
2026-07-01 14:57:45 [INFO]     KEC [180911] Way Ratai
2026-07-01 14:57:45 [INFO]       11 kelurahan di Way Ratai
2026-07-01 14:57:45 [INFO]   KAB [1810] Kabupaten Pringsewu
2026-07-01 14:57:46 [INFO]     KEC [181001] Pringsewu
2026-07-01 14:57:46 [INFO]       15 kelurahan di Pringsewu
2026-07-01 14:57:46 [INFO]     KEC [181002] Gading Rejo
2026-07-01 14:57:47 [INFO]       23 kelurahan di Gading Rejo
2026-07-01 14:57:47 [INFO]     KEC [181003] Ambarawa
2026-07-01 14:57:48 [INFO]       8 kelurahan di Ambarawa
2026-07-01 14:57:48 [INFO]     KEC [181004] Pardasuka
2026-07-01 14:57:48 [INFO]       13 kelurahan di Pardasuka
2026-07-01 14:57:48 [INFO]     KEC [181005] Pagelaran
2026-07-01 14:57:49 [INFO]       22 kelurahan di Pagelaran
2026-07-01 14:57:49 [INFO]     KEC [181006] Banyumas
2026-07-01 14:57:49 [INFO]       11 kelurahan di Banyumas
2026-07-01 14:57:49 [INFO]     KEC [181007] Adiluwih
2026-07-01 14:57:50 [INFO]       13 kelurahan di Adiluwih
2026-07-01 14:57:50 [INFO]     KEC [181008] Sukoharjo
2026-07-01 14:57:50 [INFO]       16 kelurahan di Sukoharjo
2026-07-01 14:57:50 [INFO]     KEC [181009] Pagelaran Utara
2026-07-01 14:57:51 [INFO]       10 kelurahan di Pagelaran Utara
2026-07-01 14:57:51 [INFO]   KAB [1811] Kabupaten Mesuji
2026-07-01 14:57:51 [INFO]     KEC [181101] Mesuji
2026-07-01 14:57:52 [INFO]       11 kelurahan di Mesuji
2026-07-01 14:57:52 [INFO]     KEC [181102] Mesuji Timur
2026-07-01 14:57:53 [INFO]       20 kelurahan di Mesuji Timur
2026-07-01 14:57:53 [INFO]     KEC [181103] Rawa Jitu Utara
2026-07-01 14:57:53 [INFO]       13 kelurahan di Rawa Jitu Utara
2026-07-01 14:57:53 [INFO]     KEC [181104] Way Serdang
2026-07-01 14:57:54 [INFO]       20 kelurahan di Way Serdang
2026-07-01 14:57:54 [INFO]     KEC [181105] Simpang Pematang
2026-07-01 14:57:54 [INFO]       13 kelurahan di Simpang Pematang
2026-07-01 14:57:54 [INFO]     KEC [181106] Panca Jaya
2026-07-01 14:57:55 [INFO]       7 kelurahan di Panca Jaya
2026-07-01 14:57:55 [INFO]     KEC [181107] Tanjung Raya
2026-07-01 14:57:55 [INFO]       21 kelurahan di Tanjung Raya
2026-07-01 14:57:55 [INFO]   KAB [1812] Kabupaten Tulang Bawang Barat
2026-07-01 14:57:56 [INFO]     KEC [181201] Tulang Bawang Tengah
2026-07-01 14:57:56 [INFO]       21 kelurahan di Tulang Bawang Tengah
2026-07-01 14:57:56 [INFO]     KEC [181202] Tumijajar
2026-07-01 14:57:57 [INFO]       10 kelurahan di Tumijajar
2026-07-01 14:57:57 [INFO]     KEC [181203] Tulang Bawang Udik
2026-07-01 14:57:58 [INFO]       13 kelurahan di Tulang Bawang Udik
2026-07-01 14:57:58 [INFO]     KEC [181204] Gunung Terang
2026-07-01 14:57:58 [INFO]       10 kelurahan di Gunung Terang
2026-07-01 14:57:58 [INFO]     KEC [181205] Gunung Agung
2026-07-01 14:57:59 [INFO]       13 kelurahan di Gunung Agung
2026-07-01 14:57:59 [INFO]     KEC [181206] Way Kenanga
2026-07-01 14:57:59 [INFO]       10 kelurahan di Way Kenanga
2026-07-01 14:57:59 [INFO]     KEC [181207] Lambu Kibang
2026-07-01 14:58:00 [INFO]       10 kelurahan di Lambu Kibang
2026-07-01 14:58:00 [INFO]     KEC [181208] Pagar Dewa
2026-07-01 14:58:00 [INFO]       6 kelurahan di Pagar Dewa
2026-07-01 14:58:00 [INFO]     KEC [181209] Batu Putih
2026-07-01 14:58:01 [INFO]       10 kelurahan di Batu Putih
2026-07-01 14:58:01 [INFO]   KAB [1813] Kabupaten Pesisir Barat
2026-07-01 14:58:01 [INFO]     KEC [181301] Pesisir Tengah
2026-07-01 14:58:02 [INFO]       8 kelurahan di Pesisir Tengah
2026-07-01 14:58:02 [INFO]     KEC [181302] Pesisir Selatan
2026-07-01 14:58:03 [INFO]       15 kelurahan di Pesisir Selatan
2026-07-01 14:58:03 [INFO]     KEC [181303] Lemong
2026-07-01 14:58:03 [INFO]       13 kelurahan di Lemong
2026-07-01 14:58:03 [INFO]     KEC [181304] Pesisir Utara
2026-07-01 14:58:04 [INFO]       12 kelurahan di Pesisir Utara
2026-07-01 14:58:04 [INFO]     KEC [181305] Karya Penggawa
2026-07-01 14:58:04 [INFO]       12 kelurahan di Karya Penggawa
2026-07-01 14:58:04 [INFO]     KEC [181306] Pulau Pisang
2026-07-01 14:58:05 [INFO]       6 kelurahan di Pulau Pisang
2026-07-01 14:58:05 [INFO]     KEC [181307] Way Krui
2026-07-01 14:58:06 [INFO]       10 kelurahan di Way Krui
2026-07-01 14:58:06 [INFO]     KEC [181308] Krui Selatan
2026-07-01 14:58:06 [INFO]       10 kelurahan di Krui Selatan
2026-07-01 14:58:06 [INFO]     KEC [181309] Ngambur
2026-07-01 14:58:07 [INFO]       9 kelurahan di Ngambur
2026-07-01 14:58:07 [INFO]     KEC [181310] Ngaras
2026-07-01 14:58:07 [INFO]       9 kelurahan di Ngaras
2026-07-01 14:58:07 [INFO]     KEC [181311] Bangkunat
2026-07-01 14:58:08 [INFO]       14 kelurahan di Bangkunat
2026-07-01 14:58:08 [INFO]   KAB [1871] Kota Bandar Lampung
2026-07-01 14:58:08 [INFO]     KEC [187101] Kedaton
2026-07-01 14:58:09 [INFO]       7 kelurahan di Kedaton
2026-07-01 14:58:09 [INFO]     KEC [187102] Sukarame
2026-07-01 14:58:10 [INFO]       6 kelurahan di Sukarame
2026-07-01 14:58:10 [INFO]     KEC [187103] Tanjungkarang Barat
2026-07-01 14:58:10 [INFO]       7 kelurahan di Tanjungkarang Barat
2026-07-01 14:58:10 [INFO]     KEC [187104] Panjang
2026-07-01 14:58:11 [INFO]       8 kelurahan di Panjang
2026-07-01 14:58:11 [INFO]     KEC [187105] Tanjungkarang Timur
2026-07-01 14:58:11 [INFO]       5 kelurahan di Tanjungkarang Timur
2026-07-01 14:58:11 [INFO]     KEC [187106] Tanjungkarang Pusat
2026-07-01 14:58:12 [INFO]       7 kelurahan di Tanjungkarang Pusat
2026-07-01 14:58:12 [INFO]     KEC [187107] Telukbetung Selatan
2026-07-01 14:58:13 [INFO]       6 kelurahan di Telukbetung Selatan
2026-07-01 14:58:13 [INFO]     KEC [187108] Telukbetung Barat
2026-07-01 14:58:13 [INFO]       5 kelurahan di Telukbetung Barat
2026-07-01 14:58:13 [INFO]     KEC [187109] Telukbetung Utara
2026-07-01 14:58:14 [INFO]       6 kelurahan di Telukbetung Utara
2026-07-01 14:58:14 [INFO]     KEC [187110] Rajabasa
2026-07-01 14:58:14 [INFO]       7 kelurahan di Rajabasa
2026-07-01 14:58:14 [INFO]     KEC [187111] Tanjung Senang
2026-07-01 14:58:15 [INFO]       5 kelurahan di Tanjung Senang
2026-07-01 14:58:15 [INFO]     KEC [187112] Sukabumi
2026-07-01 14:58:15 [INFO]       7 kelurahan di Sukabumi
2026-07-01 14:58:15 [INFO]     KEC [187113] Kemiling
2026-07-01 14:58:16 [INFO]       9 kelurahan di Kemiling
2026-07-01 14:58:16 [INFO]     KEC [187114] Labuhan Ratu
2026-07-01 14:58:17 [INFO]       6 kelurahan di Labuhan Ratu
2026-07-01 14:58:17 [INFO]     KEC [187115] Way Halim
2026-07-01 14:58:17 [INFO]       6 kelurahan di Way Halim
2026-07-01 14:58:17 [INFO]     KEC [187116] Langkapura
2026-07-01 14:58:18 [INFO]       5 kelurahan di Langkapura
2026-07-01 14:58:18 [INFO]     KEC [187117] Enggal
2026-07-01 14:58:18 [INFO]       6 kelurahan di Enggal
2026-07-01 14:58:18 [INFO]     KEC [187118] Kedamaian
2026-07-01 14:58:19 [INFO]       7 kelurahan di Kedamaian
2026-07-01 14:58:19 [INFO]     KEC [187119] Telukbetung Timur
2026-07-01 14:58:20 [INFO]       6 kelurahan di Telukbetung Timur
2026-07-01 14:58:20 [INFO]     KEC [187120] Bumi Waras
2026-07-01 14:58:20 [INFO]       5 kelurahan di Bumi Waras
2026-07-01 14:58:20 [INFO]   KAB [1872] Kota Metro
2026-07-01 14:58:21 [INFO]     KEC [187201] Metro Pusat
2026-07-01 14:58:21 [INFO]       5 kelurahan di Metro Pusat
2026-07-01 14:58:21 [INFO]     KEC [187202] Metro Utara
2026-07-01 14:58:22 [INFO]       4 kelurahan di Metro Utara
2026-07-01 14:58:22 [INFO]     KEC [187203] Metro Barat
2026-07-01 14:58:22 [INFO]       4 kelurahan di Metro Barat
2026-07-01 14:58:22 [INFO]     KEC [187204] Metro Timur
2026-07-01 14:58:23 [INFO]       5 kelurahan di Metro Timur
2026-07-01 14:58:23 [INFO]     KEC [187205] Metro Selatan
2026-07-01 14:58:23 [INFO]       4 kelurahan di Metro Selatan
2026-07-01 14:58:24 [INFO] PROVINSI SELESAI [18] Lampung
2026-07-01 14:58:24 [INFO] PROVINSI [19] Kepulauan Bangka Belitung
2026-07-01 14:58:24 [INFO]   KAB [1901] Kabupaten Bangka
2026-07-01 14:58:25 [INFO]     KEC [190101] Sungailiat
2026-07-01 14:58:25 [INFO]       13 kelurahan di Sungailiat
2026-07-01 14:58:25 [INFO]     KEC [190102] Belinyu
2026-07-01 14:58:26 [INFO]       12 kelurahan di Belinyu
2026-07-01 14:58:26 [INFO]     KEC [190103] Merawang
2026-07-01 14:58:26 [INFO]       10 kelurahan di Merawang
2026-07-01 14:58:26 [INFO]     KEC [190104] Mendo Barat
2026-07-01 14:58:27 [INFO]       15 kelurahan di Mendo Barat
2026-07-01 14:58:27 [INFO]     KEC [190105] Pemali
2026-07-01 14:58:28 [INFO]       6 kelurahan di Pemali
2026-07-01 14:58:28 [INFO]     KEC [190106] Bakam
2026-07-01 14:58:28 [INFO]       9 kelurahan di Bakam
2026-07-01 14:58:28 [INFO]     KEC [190107] Riau Silip
2026-07-01 14:58:29 [INFO]       9 kelurahan di Riau Silip
2026-07-01 14:58:29 [INFO]     KEC [190108] Puding Besar
2026-07-01 14:58:30 [INFO]       7 kelurahan di Puding Besar
2026-07-01 14:58:30 [INFO]   KAB [1902] Kabupaten Belitung
2026-07-01 14:58:31 [INFO]     KEC [190201] Tanjungpandan
2026-07-01 14:58:31 [INFO]       16 kelurahan di Tanjungpandan
2026-07-01 14:58:31 [INFO]     KEC [190202] Membalong
2026-07-01 14:58:32 [INFO]       12 kelurahan di Membalong
2026-07-01 14:58:32 [INFO]     KEC [190203] Selat Nasik
2026-07-01 14:58:33 [INFO]       4 kelurahan di Selat Nasik
2026-07-01 14:58:33 [INFO]     KEC [190204] Sijuk
2026-07-01 14:58:34 [INFO]       10 kelurahan di Sijuk
2026-07-01 14:58:34 [INFO]     KEC [190205] Badau
2026-07-01 14:58:35 [INFO]       7 kelurahan di Badau
2026-07-01 14:58:35 [INFO]   KAB [1903] Kabupaten Bangka Selatan
2026-07-01 14:58:36 [INFO]     KEC [190301] Toboali
2026-07-01 14:58:36 [INFO]       11 kelurahan di Toboali
2026-07-01 14:58:36 [INFO]     KEC [190302] Lepar
2026-07-01 14:58:37 [INFO]       4 kelurahan di Lepar
2026-07-01 14:58:37 [INFO]     KEC [190303] Airgegas
2026-07-01 14:58:37 [INFO]       10 kelurahan di Airgegas
2026-07-01 14:58:37 [INFO]     KEC [190304] Simpang Rimba
2026-07-01 14:58:38 [INFO]       7 kelurahan di Simpang Rimba
2026-07-01 14:58:38 [INFO]     KEC [190305] Payung
2026-07-01 14:58:39 [INFO]       9 kelurahan di Payung
2026-07-01 14:58:39 [INFO]     KEC [190306] Tukak Sadai
2026-07-01 14:58:39 [INFO]       5 kelurahan di Tukak Sadai
2026-07-01 14:58:39 [INFO]     KEC [190307] Pulau Besar
2026-07-01 14:58:40 [INFO]       5 kelurahan di Pulau Besar
2026-07-01 14:58:40 [INFO]     KEC [190308] Kepulauan Pongok
2026-07-01 14:58:40 [INFO]       2 kelurahan di Kepulauan Pongok
2026-07-01 14:58:40 [INFO]   KAB [1904] Kabupaten Bangka Tengah
2026-07-01 14:58:41 [INFO]     KEC [190401] Koba
2026-07-01 14:58:42 [INFO]       11 kelurahan di Koba
2026-07-01 14:58:42 [INFO]     KEC [190402] Pangkalan Baru
2026-07-01 14:58:42 [INFO]       12 kelurahan di Pangkalan Baru
2026-07-01 14:58:42 [INFO]     KEC [190403] Sungai Selan
2026-07-01 14:58:43 [INFO]       13 kelurahan di Sungai Selan
2026-07-01 14:58:43 [INFO]     KEC [190404] Simpang Katis
2026-07-01 14:58:44 [INFO]       10 kelurahan di Simpang Katis
2026-07-01 14:58:44 [INFO]     KEC [190405] Namang
2026-07-01 14:58:44 [INFO]       8 kelurahan di Namang
2026-07-01 14:58:44 [INFO]     KEC [190406] Lubuk Besar
2026-07-01 14:58:45 [INFO]       9 kelurahan di Lubuk Besar
2026-07-01 14:58:45 [INFO]   KAB [1905] Kabupaten Bangka Barat
2026-07-01 14:58:45 [INFO]     KEC [190501] Mentok
2026-07-01 14:58:46 [INFO]       9 kelurahan di Mentok
2026-07-01 14:58:46 [INFO]     KEC [190502] Simpang Teritip
2026-07-01 14:58:46 [INFO]       13 kelurahan di Simpang Teritip
2026-07-01 14:58:46 [INFO]     KEC [190503] Jebus
2026-07-01 14:58:47 [INFO]       11 kelurahan di Jebus
2026-07-01 14:58:47 [INFO]     KEC [190504] Kelapa
2026-07-01 14:58:48 [INFO]       14 kelurahan di Kelapa
2026-07-01 14:58:48 [INFO]     KEC [190505] Tempilang
2026-07-01 14:58:48 [INFO]       9 kelurahan di Tempilang
2026-07-01 14:58:48 [INFO]     KEC [190506] Parittiga
2026-07-01 14:58:49 [INFO]       10 kelurahan di Parittiga
2026-07-01 14:58:49 [INFO]   KAB [1906] Kabupaten Belitung Timur
2026-07-01 14:58:50 [INFO]     KEC [190601] Manggar
2026-07-01 14:58:50 [INFO]       9 kelurahan di Manggar
2026-07-01 14:58:50 [INFO]     KEC [190602] Gantung
2026-07-01 14:58:51 [INFO]       7 kelurahan di Gantung
2026-07-01 14:58:51 [INFO]     KEC [190603] Dendang
2026-07-01 14:58:51 [INFO]       4 kelurahan di Dendang
2026-07-01 14:58:51 [INFO]     KEC [190604] Kelapa Kampit
2026-07-01 14:58:52 [INFO]       6 kelurahan di Kelapa Kampit
2026-07-01 14:58:52 [INFO]     KEC [190605] Damar
2026-07-01 14:58:52 [INFO]       5 kelurahan di Damar
2026-07-01 14:58:52 [INFO]     KEC [190606] Simpang Renggiang
2026-07-01 14:58:53 [INFO]       4 kelurahan di Simpang Renggiang
2026-07-01 14:58:53 [INFO]     KEC [190607] Simpang Pesak
2026-07-01 14:58:54 [INFO]       4 kelurahan di Simpang Pesak
2026-07-01 14:58:54 [INFO]   KAB [1971] Kota Pangkal Pinang
2026-07-01 14:58:54 [INFO]     KEC [197101] Bukit Intan
2026-07-01 14:58:55 [INFO]       7 kelurahan di Bukit Intan
2026-07-01 14:58:55 [INFO]     KEC [197102] Taman Sari
2026-07-01 14:58:55 [INFO]       5 kelurahan di Taman Sari
2026-07-01 14:58:55 [INFO]     KEC [197103] Pangkal Balam
2026-07-01 14:58:56 [INFO]       5 kelurahan di Pangkal Balam
2026-07-01 14:58:56 [INFO]     KEC [197104] Rangkui
2026-07-01 14:58:56 [INFO]       8 kelurahan di Rangkui
2026-07-01 14:58:56 [INFO]     KEC [197105] Gerunggang
2026-07-01 14:58:57 [INFO]       6 kelurahan di Gerunggang
2026-07-01 14:58:57 [INFO]     KEC [197106] Gabek
2026-07-01 14:58:58 [INFO]       6 kelurahan di Gabek
2026-07-01 14:58:58 [INFO]     KEC [197107] Girimaya
2026-07-01 14:58:58 [INFO]       5 kelurahan di Girimaya
2026-07-01 14:58:58 [INFO] PROVINSI SELESAI [19] Kepulauan Bangka Belitung
2026-07-01 14:58:58 [INFO] PROVINSI [21] Kepulauan Riau
2026-07-01 14:58:59 [INFO]   KAB [2101] Kabupaten Bintan
2026-07-01 14:58:59 [INFO]     KEC [210104] Gunung Kijang
2026-07-01 14:59:00 [INFO]       4 kelurahan di Gunung Kijang
2026-07-01 14:59:00 [INFO]     KEC [210106] Bintan Timur
2026-07-01 14:59:00 [INFO]       4 kelurahan di Bintan Timur
2026-07-01 14:59:00 [INFO]     KEC [210107] Bintan Utara
2026-07-01 14:59:01 [INFO]       5 kelurahan di Bintan Utara
2026-07-01 14:59:01 [INFO]     KEC [210108] Teluk Bintan
2026-07-01 14:59:01 [INFO]       6 kelurahan di Teluk Bintan
2026-07-01 14:59:01 [INFO]     KEC [210109] Tambelan
2026-07-01 14:59:02 [INFO]       8 kelurahan di Tambelan
2026-07-01 14:59:02 [INFO]     KEC [210110] Teluk Sebong
2026-07-01 14:59:03 [INFO]       7 kelurahan di Teluk Sebong
2026-07-01 14:59:03 [INFO]     KEC [210112] Toapaya
2026-07-01 14:59:03 [INFO]       4 kelurahan di Toapaya
2026-07-01 14:59:03 [INFO]     KEC [210113] Mantang
2026-07-01 14:59:04 [INFO]       4 kelurahan di Mantang
2026-07-01 14:59:04 [INFO]     KEC [210114] Bintan Pesisir
2026-07-01 14:59:04 [INFO]       4 kelurahan di Bintan Pesisir
2026-07-01 14:59:04 [INFO]     KEC [210115] Seri Kuala Lobam
2026-07-01 14:59:05 [INFO]       5 kelurahan di Seri Kuala Lobam
2026-07-01 14:59:05 [INFO]   KAB [2102] Kabupaten Karimun
2026-07-01 14:59:05 [INFO]     KEC [210201] Moro
2026-07-01 14:59:06 [INFO]       5 kelurahan di Moro
2026-07-01 14:59:06 [INFO]     KEC [210202] Kundur
2026-07-01 14:59:07 [INFO]       6 kelurahan di Kundur
2026-07-01 14:59:07 [INFO]     KEC [210203] Karimun
2026-07-01 14:59:07 [INFO]       6 kelurahan di Karimun
2026-07-01 14:59:07 [INFO]     KEC [210204] Meral
2026-07-01 14:59:08 [INFO]       6 kelurahan di Meral
2026-07-01 14:59:08 [INFO]     KEC [210205] Tebing
2026-07-01 14:59:08 [INFO]       6 kelurahan di Tebing
2026-07-01 14:59:08 [INFO]     KEC [210206] Buru
2026-07-01 14:59:09 [INFO]       4 kelurahan di Buru
2026-07-01 14:59:09 [INFO]     KEC [210207] Kundur Utara
2026-07-01 14:59:09 [INFO]       5 kelurahan di Kundur Utara
2026-07-01 14:59:09 [INFO]     KEC [210208] Kundur Barat
2026-07-01 14:59:10 [INFO]       5 kelurahan di Kundur Barat
2026-07-01 14:59:10 [INFO]     KEC [210209] Durai
2026-07-01 14:59:10 [INFO]       4 kelurahan di Durai
2026-07-01 14:59:10 [INFO]     KEC [210210] Meral Barat
2026-07-01 14:59:11 [INFO]       4 kelurahan di Meral Barat
2026-07-01 14:59:11 [INFO]     KEC [210211] Ungar
2026-07-01 14:59:12 [INFO]       4 kelurahan di Ungar
2026-07-01 14:59:12 [INFO]     KEC [210212] Belat
2026-07-01 14:59:12 [INFO]       6 kelurahan di Belat
2026-07-01 14:59:12 [INFO]     KEC [210213] Selat Gelam
2026-07-01 14:59:13 [INFO]       3 kelurahan di Selat Gelam
2026-07-01 14:59:13 [INFO]     KEC [210214] Sugie Besar
2026-07-01 14:59:13 [INFO]       7 kelurahan di Sugie Besar
2026-07-01 14:59:13 [INFO]   KAB [2103] Kabupaten Natuna
2026-07-01 14:59:14 [INFO]     KEC [210304] Midai
2026-07-01 14:59:14 [INFO]       3 kelurahan di Midai
2026-07-01 14:59:14 [INFO]     KEC [210305] Bunguran Barat
2026-07-01 14:59:15 [INFO]       5 kelurahan di Bunguran Barat
2026-07-01 14:59:15 [INFO]     KEC [210306] Serasan
2026-07-01 14:59:16 [INFO]       7 kelurahan di Serasan
2026-07-01 14:59:16 [INFO]     KEC [210307] Bunguran Timur
2026-07-01 14:59:16 [INFO]       7 kelurahan di Bunguran Timur
2026-07-01 14:59:16 [INFO]     KEC [210308] Bunguran Utara
2026-07-01 14:59:17 [INFO]       6 kelurahan di Bunguran Utara
2026-07-01 14:59:17 [INFO]     KEC [210309] Subi
2026-07-01 14:59:17 [INFO]       6 kelurahan di Subi
2026-07-01 14:59:17 [INFO]     KEC [210310] Pulau Laut
2026-07-01 14:59:18 [INFO]       3 kelurahan di Pulau Laut
2026-07-01 14:59:18 [INFO]     KEC [210311] Pulau Tiga
2026-07-01 14:59:19 [INFO]       6 kelurahan di Pulau Tiga
2026-07-01 14:59:19 [INFO]     KEC [210315] Bunguran Timur Laut
2026-07-01 14:59:19 [INFO]       7 kelurahan di Bunguran Timur Laut
2026-07-01 14:59:19 [INFO]     KEC [210316] Bunguran Tengah
2026-07-01 14:59:20 [INFO]       3 kelurahan di Bunguran Tengah
2026-07-01 14:59:20 [INFO]     KEC [210318] Bunguran Selatan
2026-07-01 14:59:20 [INFO]       4 kelurahan di Bunguran Selatan
2026-07-01 14:59:20 [INFO]     KEC [210319] Serasan Timur
2026-07-01 14:59:21 [INFO]       4 kelurahan di Serasan Timur
2026-07-01 14:59:21 [INFO]     KEC [210320] Bunguran Batubi
2026-07-01 14:59:21 [INFO]       5 kelurahan di Bunguran Batubi
2026-07-01 14:59:21 [INFO]     KEC [210321] Pulau Tiga Barat
2026-07-01 14:59:22 [INFO]       4 kelurahan di Pulau Tiga Barat
2026-07-01 14:59:22 [INFO]     KEC [210322] Suak Midai
2026-07-01 14:59:23 [INFO]       3 kelurahan di Suak Midai
2026-07-01 14:59:23 [INFO]     KEC [210323] Pulau Panjang
2026-07-01 14:59:23 [INFO]       2 kelurahan di Pulau Panjang
2026-07-01 14:59:23 [INFO]     KEC [210324] Pulau Seluan
2026-07-01 14:59:24 [INFO]       2 kelurahan di Pulau Seluan
2026-07-01 14:59:24 [INFO]   KAB [2104] Kabupaten Lingga
2026-07-01 14:59:24 [INFO]     KEC [210401] Singkep
2026-07-01 14:59:25 [INFO]       6 kelurahan di Singkep
2026-07-01 14:59:25 [INFO]     KEC [210402] Lingga
2026-07-01 14:59:25 [INFO]       12 kelurahan di Lingga
2026-07-01 14:59:25 [INFO]     KEC [210403] Senayang
2026-07-01 14:59:26 [INFO]       5 kelurahan di Senayang
2026-07-01 14:59:26 [INFO]     KEC [210404] Singkep Barat
2026-07-01 14:59:26 [INFO]       12 kelurahan di Singkep Barat
2026-07-01 14:59:26 [INFO]     KEC [210405] Lingga Utara
2026-07-01 14:59:27 [INFO]       10 kelurahan di Lingga Utara
2026-07-01 14:59:27 [INFO]     KEC [210406] Singkep Pesisir
2026-07-01 14:59:28 [INFO]       6 kelurahan di Singkep Pesisir
2026-07-01 14:59:28 [INFO]     KEC [210407] Lingga Timur
2026-07-01 14:59:28 [INFO]       8 kelurahan di Lingga Timur
2026-07-01 14:59:28 [INFO]     KEC [210408] Selayar
2026-07-01 14:59:29 [INFO]       4 kelurahan di Selayar
2026-07-01 14:59:29 [INFO]     KEC [210409] Singkep Selatan
2026-07-01 14:59:29 [INFO]       4 kelurahan di Singkep Selatan
2026-07-01 14:59:29 [INFO]     KEC [210410] Kepulauan Posek
2026-07-01 14:59:30 [INFO]       3 kelurahan di Kepulauan Posek
2026-07-01 14:59:30 [INFO]     KEC [210411] Katang Bidare
2026-07-01 14:59:30 [INFO]       5 kelurahan di Katang Bidare
2026-07-01 14:59:30 [INFO]     KEC [210412] Temiang Pesisir
2026-07-01 14:59:31 [INFO]       3 kelurahan di Temiang Pesisir
2026-07-01 14:59:31 [INFO]     KEC [210413] Bakung Serumpun
2026-07-01 14:59:31 [INFO]       6 kelurahan di Bakung Serumpun
2026-07-01 14:59:31 [INFO]   KAB [2105] Kabupaten Kepulauan Anambas
2026-07-01 14:59:32 [INFO]     KEC [210501] Siantan
2026-07-01 14:59:33 [INFO]       7 kelurahan di Siantan
2026-07-01 14:59:33 [INFO]     KEC [210502] Palmatak
2026-07-01 14:59:33 [INFO]       7 kelurahan di Palmatak
2026-07-01 14:59:33 [INFO]     KEC [210503] Siantan Timur
2026-07-01 14:59:34 [INFO]       6 kelurahan di Siantan Timur
2026-07-01 14:59:34 [INFO]     KEC [210504] Siantan Selatan
2026-07-01 14:59:34 [INFO]       7 kelurahan di Siantan Selatan
2026-07-01 14:59:34 [INFO]     KEC [210505] Jemaja Timur
2026-07-01 14:59:35 [INFO]       4 kelurahan di Jemaja Timur
2026-07-01 14:59:35 [INFO]     KEC [210506] Jemaja
2026-07-01 14:59:35 [INFO]       6 kelurahan di Jemaja
2026-07-01 14:59:35 [INFO]     KEC [210507] Siantan Tengah
2026-07-01 14:59:36 [INFO]       6 kelurahan di Siantan Tengah
2026-07-01 14:59:36 [INFO]     KEC [210508] Siantan Utara
2026-07-01 14:59:37 [INFO]       3 kelurahan di Siantan Utara
2026-07-01 14:59:37 [INFO]     KEC [210509] Jemaja Barat
2026-07-01 14:59:37 [INFO]       3 kelurahan di Jemaja Barat
2026-07-01 14:59:37 [INFO]     KEC [210510] Kute Siantan
2026-07-01 14:59:38 [INFO]       5 kelurahan di Kute Siantan
2026-07-01 14:59:38 [INFO]   KAB [2171] Kota Batam
2026-07-01 14:59:38 [INFO]     KEC [217101] Belakang Padang
2026-07-01 14:59:39 [INFO]       6 kelurahan di Belakang Padang
2026-07-01 14:59:39 [INFO]     KEC [217102] Batu Ampar
2026-07-01 14:59:39 [INFO]       4 kelurahan di Batu Ampar
2026-07-01 14:59:39 [INFO]     KEC [217103] Sekupang
2026-07-01 14:59:40 [INFO]       7 kelurahan di Sekupang
2026-07-01 14:59:40 [INFO]     KEC [217104] Nongsa
2026-07-01 14:59:41 [INFO]       4 kelurahan di Nongsa
2026-07-01 14:59:41 [INFO]     KEC [217105] Bulang
2026-07-01 14:59:41 [INFO]       6 kelurahan di Bulang
2026-07-01 14:59:41 [INFO]     KEC [217106] Lubuk Baja
2026-07-01 14:59:42 [INFO]       5 kelurahan di Lubuk Baja
2026-07-01 14:59:42 [INFO]     KEC [217107] Sei Beduk
2026-07-01 14:59:42 [INFO]       4 kelurahan di Sei Beduk
2026-07-01 14:59:42 [INFO]     KEC [217108] Galang
2026-07-01 14:59:43 [INFO]       8 kelurahan di Galang
2026-07-01 14:59:43 [INFO]     KEC [217109] Bengkong
2026-07-01 14:59:43 [INFO]       4 kelurahan di Bengkong
2026-07-01 14:59:43 [INFO]     KEC [217110] Batam Kota
2026-07-01 14:59:44 [INFO]       6 kelurahan di Batam Kota
2026-07-01 14:59:44 [INFO]     KEC [217111] Sagulung
2026-07-01 14:59:45 [INFO]       6 kelurahan di Sagulung
2026-07-01 14:59:45 [INFO]     KEC [217112] Batu Aji
2026-07-01 14:59:45 [INFO]       4 kelurahan di Batu Aji
2026-07-01 14:59:45 [INFO]   KAB [2172] Kota Tanjung Pinang
2026-07-01 14:59:46 [INFO]     KEC [217201] Tanjung Pinang Barat
2026-07-01 14:59:46 [INFO]       4 kelurahan di Tanjung Pinang Barat
2026-07-01 14:59:46 [INFO]     KEC [217202] Tanjung Pinang Timur
2026-07-01 14:59:47 [INFO]       5 kelurahan di Tanjung Pinang Timur
2026-07-01 14:59:47 [INFO]     KEC [217203] Tanjung Pinang Kota
2026-07-01 14:59:47 [INFO]       4 kelurahan di Tanjung Pinang Kota
2026-07-01 14:59:47 [INFO]     KEC [217204] Bukit Bestari
2026-07-01 14:59:48 [INFO]       5 kelurahan di Bukit Bestari
2026-07-01 14:59:48 [INFO] PROVINSI SELESAI [21] Kepulauan Riau
2026-07-01 14:59:48 [INFO] PROVINSI [31] Daerah Khusus Ibukota Jakarta
2026-07-01 14:59:49 [INFO]   KAB [3101] Kabupaten Administrasi Kepulauan Seribu
2026-07-01 14:59:49 [INFO]     KEC [310101] Kepulauan Seribu Utara
2026-07-01 14:59:50 [INFO]       3 kelurahan di Kepulauan Seribu Utara
2026-07-01 14:59:50 [INFO]     KEC [310102] Kepulauan Seribu Selatan.
2026-07-01 14:59:50 [INFO]       3 kelurahan di Kepulauan Seribu Selatan.
2026-07-01 14:59:50 [INFO]   KAB [3171] Kota Administrasi Jakarta Pusat
2026-07-01 14:59:51 [INFO]     KEC [317101] Gambir
2026-07-01 14:59:52 [INFO]       6 kelurahan di Gambir
2026-07-01 14:59:52 [INFO]     KEC [317102] Sawah Besar
2026-07-01 14:59:52 [INFO]       5 kelurahan di Sawah Besar
2026-07-01 14:59:52 [INFO]     KEC [317103] Kemayoran
2026-07-01 14:59:53 [INFO]       8 kelurahan di Kemayoran
2026-07-01 14:59:53 [INFO]     KEC [317104] Senen
2026-07-01 14:59:54 [INFO]       6 kelurahan di Senen
2026-07-01 14:59:54 [INFO]     KEC [317105] Cempaka Putih
2026-07-01 14:59:54 [INFO]       3 kelurahan di Cempaka Putih
2026-07-01 14:59:54 [INFO]     KEC [317106] Menteng
2026-07-01 14:59:55 [INFO]       5 kelurahan di Menteng
2026-07-01 14:59:55 [INFO]     KEC [317107] Tanah Abang
2026-07-01 14:59:55 [INFO]       7 kelurahan di Tanah Abang
2026-07-01 14:59:55 [INFO]     KEC [317108] Johar Baru
2026-07-01 14:59:56 [INFO]       4 kelurahan di Johar Baru
2026-07-01 14:59:56 [INFO]   KAB [3172] Kota Administrasi Jakarta Utara
2026-07-01 14:59:56 [INFO]     KEC [317201] Penjaringan
2026-07-01 14:59:57 [INFO]       5 kelurahan di Penjaringan
2026-07-01 14:59:57 [INFO]     KEC [317202] Tanjung Priok
2026-07-01 14:59:58 [INFO]       7 kelurahan di Tanjung Priok
2026-07-01 14:59:58 [INFO]     KEC [317203] Koja
2026-07-01 14:59:58 [INFO]       6 kelurahan di Koja
2026-07-01 14:59:58 [INFO]     KEC [317204] Cilincing
2026-07-01 14:59:59 [INFO]       7 kelurahan di Cilincing
2026-07-01 14:59:59 [INFO]     KEC [317205] Pademangan
2026-07-01 15:00:00 [INFO]       3 kelurahan di Pademangan
2026-07-01 15:00:00 [INFO]     KEC [317206] Kelapa Gading
2026-07-01 15:00:00 [INFO]       3 kelurahan di Kelapa Gading
2026-07-01 15:00:00 [INFO]   KAB [3173] Kota Administrasi Jakarta Barat
2026-07-01 15:00:01 [INFO]     KEC [317301] Cengkareng
2026-07-01 15:00:02 [INFO]       6 kelurahan di Cengkareng
2026-07-01 15:00:02 [INFO]     KEC [317302] Grogol Petamburan
2026-07-01 15:00:02 [INFO]       7 kelurahan di Grogol Petamburan
2026-07-01 15:00:02 [INFO]     KEC [317303] Taman Sari
2026-07-01 15:00:03 [INFO]       8 kelurahan di Taman Sari
2026-07-01 15:00:03 [INFO]     KEC [317304] Tambora
2026-07-01 15:00:03 [INFO]       11 kelurahan di Tambora
2026-07-01 15:00:03 [INFO]     KEC [317305] Kebon Jeruk
2026-07-01 15:00:04 [INFO]       7 kelurahan di Kebon Jeruk
2026-07-01 15:00:04 [INFO]     KEC [317306] Kalideres
2026-07-01 15:00:05 [INFO]       5 kelurahan di Kalideres
2026-07-01 15:00:05 [INFO]     KEC [317307] Pal Merah
2026-07-01 15:00:05 [INFO]       6 kelurahan di Pal Merah
2026-07-01 15:00:05 [INFO]     KEC [317308] Kembangan
2026-07-01 15:00:06 [INFO]       6 kelurahan di Kembangan
2026-07-01 15:00:06 [INFO]   KAB [3174] Kota Administrasi Jakarta Selatan
2026-07-01 15:00:06 [INFO]     KEC [317401] Tebet
2026-07-01 15:00:07 [INFO]       7 kelurahan di Tebet
2026-07-01 15:00:07 [INFO]     KEC [317402] Setiabudi
2026-07-01 15:00:07 [INFO]       8 kelurahan di Setiabudi
2026-07-01 15:00:07 [INFO]     KEC [317403] Mampang Prapatan
2026-07-01 15:00:08 [INFO]       5 kelurahan di Mampang Prapatan
2026-07-01 15:00:08 [INFO]     KEC [317404] Pasar Minggu
2026-07-01 15:00:09 [INFO]       7 kelurahan di Pasar Minggu
2026-07-01 15:00:09 [INFO]     KEC [317405] Kebayoran Lama
2026-07-01 15:00:09 [INFO]       6 kelurahan di Kebayoran Lama
2026-07-01 15:00:09 [INFO]     KEC [317406] Cilandak
2026-07-01 15:00:10 [INFO]       5 kelurahan di Cilandak
2026-07-01 15:00:10 [INFO]     KEC [317407] Kebayoran Baru
2026-07-01 15:00:11 [INFO]       10 kelurahan di Kebayoran Baru
2026-07-01 15:00:11 [INFO]     KEC [317408] Pancoran
2026-07-01 15:00:11 [INFO]       6 kelurahan di Pancoran
2026-07-01 15:00:11 [INFO]     KEC [317409] Jagakarsa
2026-07-01 15:00:12 [INFO]       6 kelurahan di Jagakarsa
2026-07-01 15:00:12 [INFO]     KEC [317410] Pesanggrahan
2026-07-01 15:00:12 [INFO]       5 kelurahan di Pesanggrahan
2026-07-01 15:00:12 [INFO]   KAB [3175] Kota Administrasi Jakarta Timur
2026-07-01 15:00:13 [INFO]     KEC [317501] Matraman
2026-07-01 15:00:14 [INFO]       6 kelurahan di Matraman
2026-07-01 15:00:14 [INFO]     KEC [317502] Pulogadung
2026-07-01 15:00:14 [INFO]       7 kelurahan di Pulogadung
2026-07-01 15:00:14 [INFO]     KEC [317503] Jatinegara
2026-07-01 15:00:15 [INFO]       8 kelurahan di Jatinegara
2026-07-01 15:00:15 [INFO]     KEC [317504] Kramatjati
2026-07-01 15:00:15 [INFO]       7 kelurahan di Kramatjati
2026-07-01 15:00:15 [INFO]     KEC [317505] Pasar Rebo
2026-07-01 15:00:16 [INFO]       5 kelurahan di Pasar Rebo
2026-07-01 15:00:16 [INFO]     KEC [317506] Cakung
2026-07-01 15:00:16 [INFO]       7 kelurahan di Cakung
2026-07-01 15:00:16 [INFO]     KEC [317507] Duren Sawit
2026-07-01 15:00:17 [INFO]       7 kelurahan di Duren Sawit
2026-07-01 15:00:17 [INFO]     KEC [317508] Makasar
2026-07-01 15:00:18 [INFO]       5 kelurahan di Makasar
2026-07-01 15:00:18 [INFO]     KEC [317509] Ciracas
2026-07-01 15:00:18 [INFO]       5 kelurahan di Ciracas
2026-07-01 15:00:18 [INFO]     KEC [317510] Cipayung
2026-07-01 15:00:19 [INFO]       8 kelurahan di Cipayung
2026-07-01 15:00:19 [INFO] PROVINSI SELESAI [31] Daerah Khusus Ibukota Jakarta
2026-07-01 15:00:19 [INFO] PROVINSI [32] Jawa Barat
2026-07-01 15:00:19 [INFO]   KAB [3201] Kabupaten Bogor
2026-07-01 15:00:20 [INFO]     KEC [320101] Cibinong
2026-07-01 15:00:21 [INFO]       13 kelurahan di Cibinong
2026-07-01 15:00:21 [INFO]     KEC [320102] Gunungputri
2026-07-01 15:00:21 [INFO]       10 kelurahan di Gunungputri
2026-07-01 15:00:21 [INFO]     KEC [320103] Citeureup
2026-07-01 15:00:22 [INFO]       14 kelurahan di Citeureup
2026-07-01 15:00:22 [INFO]     KEC [320104] Sukaraja
2026-07-01 15:00:22 [INFO]       13 kelurahan di Sukaraja
2026-07-01 15:00:22 [INFO]     KEC [320105] Babakan Madang
2026-07-01 15:00:23 [INFO]       9 kelurahan di Babakan Madang
2026-07-01 15:00:23 [INFO]     KEC [320106] Jonggol
2026-07-01 15:00:24 [INFO]       14 kelurahan di Jonggol
2026-07-01 15:00:24 [INFO]     KEC [320107] Cileungsi
2026-07-01 15:00:24 [INFO]       12 kelurahan di Cileungsi
2026-07-01 15:00:24 [INFO]     KEC [320108] Cariu
2026-07-01 15:00:25 [INFO]       10 kelurahan di Cariu
2026-07-01 15:00:25 [INFO]     KEC [320109] Sukamakmur
2026-07-01 15:00:26 [INFO]       10 kelurahan di Sukamakmur
2026-07-01 15:00:26 [INFO]     KEC [320110] Parung
2026-07-01 15:00:26 [INFO]       9 kelurahan di Parung
2026-07-01 15:00:26 [INFO]     KEC [320111] Gunungsindur
2026-07-01 15:00:27 [INFO]       10 kelurahan di Gunungsindur
2026-07-01 15:00:27 [INFO]     KEC [320112] Kemang
2026-07-01 15:00:28 [INFO]       9 kelurahan di Kemang
2026-07-01 15:00:28 [INFO]     KEC [320113] Bojonggede
2026-07-01 15:00:28 [INFO]       9 kelurahan di Bojonggede
2026-07-01 15:00:28 [INFO]     KEC [320114] Leuwiliang
2026-07-01 15:00:29 [INFO]       11 kelurahan di Leuwiliang
2026-07-01 15:00:29 [INFO]     KEC [320115] Ciampea
2026-07-01 15:00:29 [INFO]       13 kelurahan di Ciampea
2026-07-01 15:00:30 [INFO]     KEC [320116] Cibungbulang
2026-07-01 15:00:30 [INFO]       15 kelurahan di Cibungbulang
2026-07-01 15:00:30 [INFO]     KEC [320117] Pamijahan
2026-07-01 15:00:31 [INFO]       15 kelurahan di Pamijahan
2026-07-01 15:00:31 [INFO]     KEC [320118] Rumpin
2026-07-01 15:00:31 [INFO]       14 kelurahan di Rumpin
2026-07-01 15:00:31 [INFO]     KEC [320119] Jasinga
2026-07-01 15:00:32 [INFO]       16 kelurahan di Jasinga
2026-07-01 15:00:32 [INFO]     KEC [320120] Parungpanjang
2026-07-01 15:00:33 [INFO]       11 kelurahan di Parungpanjang
2026-07-01 15:00:33 [INFO]     KEC [320121] Nanggung
2026-07-01 15:00:33 [INFO]       11 kelurahan di Nanggung
2026-07-01 15:00:33 [INFO]     KEC [320122] Cigudeg
2026-07-01 15:00:34 [INFO]       15 kelurahan di Cigudeg
2026-07-01 15:00:34 [INFO]     KEC [320123] Tenjo
2026-07-01 15:00:34 [INFO]       9 kelurahan di Tenjo
2026-07-01 15:00:34 [INFO]     KEC [320124] Ciawi
2026-07-01 15:00:35 [INFO]       13 kelurahan di Ciawi
2026-07-01 15:00:35 [INFO]     KEC [320125] Cisarua
2026-07-01 15:00:36 [INFO]       10 kelurahan di Cisarua
2026-07-01 15:00:36 [INFO]     KEC [320126] Megamendung
2026-07-01 15:00:36 [INFO]       12 kelurahan di Megamendung
2026-07-01 15:00:36 [INFO]     KEC [320127] Caringin
2026-07-01 15:00:37 [INFO]       12 kelurahan di Caringin
2026-07-01 15:00:37 [INFO]     KEC [320128] Cijeruk
2026-07-01 15:00:38 [INFO]       9 kelurahan di Cijeruk
2026-07-01 15:00:38 [INFO]     KEC [320129] Ciomas
2026-07-01 15:00:38 [INFO]       11 kelurahan di Ciomas
2026-07-01 15:00:38 [INFO]     KEC [320130] Dramaga
2026-07-01 15:00:39 [INFO]       10 kelurahan di Dramaga
2026-07-01 15:00:39 [INFO]     KEC [320131] Tamansari
2026-07-01 15:00:39 [INFO]       8 kelurahan di Tamansari
2026-07-01 15:00:39 [INFO]     KEC [320132] Klapanunggal
2026-07-01 15:00:40 [INFO]       9 kelurahan di Klapanunggal
2026-07-01 15:00:40 [INFO]     KEC [320133] Ciseeng
2026-07-01 15:00:40 [INFO]       10 kelurahan di Ciseeng
2026-07-01 15:00:40 [INFO]     KEC [320134] Rancabungur
2026-07-01 15:00:41 [INFO]       7 kelurahan di Rancabungur
2026-07-01 15:00:41 [INFO]     KEC [320135] Sukajaya
2026-07-01 15:00:42 [INFO]       11 kelurahan di Sukajaya
2026-07-01 15:00:42 [INFO]     KEC [320136] Tanjungsari
2026-07-01 15:00:42 [INFO]       10 kelurahan di Tanjungsari
2026-07-01 15:00:42 [INFO]     KEC [320137] Tajurhalang
2026-07-01 15:00:43 [INFO]       7 kelurahan di Tajurhalang
2026-07-01 15:00:43 [INFO]     KEC [320138] Cigombong
2026-07-01 15:00:43 [INFO]       9 kelurahan di Cigombong
2026-07-01 15:00:43 [INFO]     KEC [320139] Leuwisadeng
2026-07-01 15:00:44 [INFO]       8 kelurahan di Leuwisadeng
2026-07-01 15:00:44 [INFO]     KEC [320140] Tenjolaya
2026-07-01 15:00:45 [INFO]       7 kelurahan di Tenjolaya
2026-07-01 15:00:45 [INFO]   KAB [3202] Kabupaten Sukabumi
2026-07-01 15:00:45 [INFO]     KEC [320201] Palabuhanratu
2026-07-01 15:00:46 [INFO]       10 kelurahan di Palabuhanratu
2026-07-01 15:00:46 [INFO]     KEC [320202] Simpenan
2026-07-01 15:00:46 [INFO]       7 kelurahan di Simpenan
2026-07-01 15:00:46 [INFO]     KEC [320203] Cikakak
2026-07-01 15:00:47 [INFO]       9 kelurahan di Cikakak
2026-07-01 15:00:47 [INFO]     KEC [320204] Bantargadung
2026-07-01 15:00:47 [INFO]       7 kelurahan di Bantargadung
2026-07-01 15:00:47 [INFO]     KEC [320205] Cisolok
2026-07-01 15:00:48 [INFO]       13 kelurahan di Cisolok
2026-07-01 15:00:48 [INFO]     KEC [320206] Cikidang
2026-07-01 15:00:49 [INFO]       12 kelurahan di Cikidang
2026-07-01 15:00:49 [INFO]     KEC [320207] Lengkong
2026-07-01 15:00:49 [INFO]       5 kelurahan di Lengkong
2026-07-01 15:00:49 [INFO]     KEC [320208] Jampangtengah
2026-07-01 15:00:50 [INFO]       11 kelurahan di Jampangtengah
2026-07-01 15:00:50 [INFO]     KEC [320209] Warungkiara
2026-07-01 15:00:51 [INFO]       12 kelurahan di Warungkiara
2026-07-01 15:00:51 [INFO]     KEC [320210] Cikembar
2026-07-01 15:00:51 [INFO]       10 kelurahan di Cikembar
2026-07-01 15:00:51 [INFO]     KEC [320211] Cibadak
2026-07-01 15:00:52 [INFO]       10 kelurahan di Cibadak
2026-07-01 15:00:52 [INFO]     KEC [320212] Nagrak
2026-07-01 15:00:53 [INFO]       10 kelurahan di Nagrak
2026-07-01 15:00:53 [INFO]     KEC [320213] Parungkuda
2026-07-01 15:00:53 [INFO]       8 kelurahan di Parungkuda
2026-07-01 15:00:53 [INFO]     KEC [320214] Bojonggenteng
2026-07-01 15:00:54 [INFO]       5 kelurahan di Bojonggenteng
2026-07-01 15:00:54 [INFO]     KEC [320215] Parakansalak
2026-07-01 15:00:54 [INFO]       6 kelurahan di Parakansalak
2026-07-01 15:00:54 [INFO]     KEC [320216] Cicurug
2026-07-01 15:00:55 [INFO]       13 kelurahan di Cicurug
2026-07-01 15:00:55 [INFO]     KEC [320217] Cidahu
2026-07-01 15:00:55 [INFO]       8 kelurahan di Cidahu
2026-07-01 15:00:55 [INFO]     KEC [320218] Kalapanunggal
2026-07-01 15:00:56 [INFO]       7 kelurahan di Kalapanunggal
2026-07-01 15:00:56 [INFO]     KEC [320219] Kabandungan
2026-07-01 15:00:56 [INFO]       6 kelurahan di Kabandungan
2026-07-01 15:00:57 [INFO]     KEC [320220] Waluran
2026-07-01 15:00:57 [INFO]       6 kelurahan di Waluran
2026-07-01 15:00:57 [INFO]     KEC [320221] Jampangkulon
2026-07-01 15:00:58 [INFO]       11 kelurahan di Jampangkulon
2026-07-01 15:00:58 [INFO]     KEC [320222] Ciemas
2026-07-01 15:00:58 [INFO]       9 kelurahan di Ciemas
2026-07-01 15:00:58 [INFO]     KEC [320223] Kalibunder
2026-07-01 15:00:59 [INFO]       7 kelurahan di Kalibunder
2026-07-01 15:00:59 [INFO]     KEC [320224] Surade
2026-07-01 15:00:59 [INFO]       12 kelurahan di Surade
2026-07-01 15:00:59 [INFO]     KEC [320225] Cibitung
2026-07-01 15:01:00 [INFO]       6 kelurahan di Cibitung
2026-07-01 15:01:00 [INFO]     KEC [320226] Ciracap
2026-07-01 15:01:01 [INFO]       8 kelurahan di Ciracap
2026-07-01 15:01:01 [INFO]     KEC [320227] Gunungguruh
2026-07-01 15:01:01 [INFO]       7 kelurahan di Gunungguruh
2026-07-01 15:01:01 [INFO]     KEC [320228] Cicantayan
2026-07-01 15:01:02 [INFO]       8 kelurahan di Cicantayan
2026-07-01 15:01:02 [INFO]     KEC [320229] Cisaat
2026-07-01 15:01:02 [INFO]       13 kelurahan di Cisaat
2026-07-01 15:01:02 [INFO]     KEC [320230] Kadudampit
2026-07-01 15:01:03 [INFO]       9 kelurahan di Kadudampit
2026-07-01 15:01:03 [INFO]     KEC [320231] Caringin
2026-07-01 15:01:04 [INFO]       9 kelurahan di Caringin
2026-07-01 15:01:04 [INFO]     KEC [320232] Sukabumi
2026-07-01 15:01:04 [INFO]       6 kelurahan di Sukabumi
2026-07-01 15:01:04 [INFO]     KEC [320233] Sukaraja
2026-07-01 15:01:05 [INFO]       9 kelurahan di Sukaraja
2026-07-01 15:01:05 [INFO]     KEC [320234] Kebonpedes
2026-07-01 15:01:05 [INFO]       5 kelurahan di Kebonpedes
2026-07-01 15:01:05 [INFO]     KEC [320235] Cireunghas
2026-07-01 15:01:06 [INFO]       5 kelurahan di Cireunghas
2026-07-01 15:01:06 [INFO]     KEC [320236] Sukalarang
2026-07-01 15:01:07 [INFO]       6 kelurahan di Sukalarang
2026-07-01 15:01:07 [INFO]     KEC [320237] Pabuaran
2026-07-01 15:01:07 [INFO]       7 kelurahan di Pabuaran
2026-07-01 15:01:07 [INFO]     KEC [320238] Purabaya
2026-07-01 15:01:08 [INFO]       7 kelurahan di Purabaya
2026-07-01 15:01:08 [INFO]     KEC [320239] Nyalindung
2026-07-01 15:01:08 [INFO]       10 kelurahan di Nyalindung
2026-07-01 15:01:08 [INFO]     KEC [320240] Gegerbitung
2026-07-01 15:01:09 [INFO]       7 kelurahan di Gegerbitung
2026-07-01 15:01:09 [INFO]     KEC [320241] Sagaranten
2026-07-01 15:01:09 [INFO]       12 kelurahan di Sagaranten
2026-07-01 15:01:09 [INFO]     KEC [320242] Curugkembar
2026-07-01 15:01:10 [INFO]       7 kelurahan di Curugkembar
2026-07-01 15:01:10 [INFO]     KEC [320243] Cidolog
2026-07-01 15:01:11 [INFO]       5 kelurahan di Cidolog
2026-07-01 15:01:11 [INFO]     KEC [320244] Cidadap
2026-07-01 15:01:11 [INFO]       6 kelurahan di Cidadap
2026-07-01 15:01:11 [INFO]     KEC [320245] Tegalbuleud
2026-07-01 15:01:12 [INFO]       8 kelurahan di Tegalbuleud
2026-07-01 15:01:12 [INFO]     KEC [320246] Cimanggu
2026-07-01 15:01:12 [INFO]       6 kelurahan di Cimanggu
2026-07-01 15:01:12 [INFO]     KEC [320247] Ciambar
2026-07-01 15:01:13 [INFO]       6 kelurahan di Ciambar
2026-07-01 15:01:13 [INFO]   KAB [3203] Kabupaten Cianjur
2026-07-01 15:01:13 [INFO]     KEC [320301] Cianjur
2026-07-01 15:01:14 [INFO]       11 kelurahan di Cianjur
2026-07-01 15:01:14 [INFO]     KEC [320302] Warungkondang
2026-07-01 15:01:15 [INFO]       11 kelurahan di Warungkondang
2026-07-01 15:01:15 [INFO]     KEC [320303] Cibeber
2026-07-01 15:01:15 [INFO]       18 kelurahan di Cibeber
2026-07-01 15:01:15 [INFO]     KEC [320304] Cilaku
2026-07-01 15:01:16 [INFO]       10 kelurahan di Cilaku
2026-07-01 15:01:16 [INFO]     KEC [320305] Ciranjang
2026-07-01 15:01:16 [INFO]       9 kelurahan di Ciranjang
2026-07-01 15:01:16 [INFO]     KEC [320306] Bonjogpicung
2026-07-01 15:01:17 [INFO]       11 kelurahan di Bonjogpicung
2026-07-01 15:01:17 [INFO]     KEC [320307] Karangtengah
2026-07-01 15:01:17 [INFO]       16 kelurahan di Karangtengah
2026-07-01 15:01:17 [INFO]     KEC [320308] Mande
2026-07-01 15:01:18 [INFO]       12 kelurahan di Mande
2026-07-01 15:01:18 [INFO]     KEC [320309] Sukaluyu
2026-07-01 15:01:19 [INFO]       10 kelurahan di Sukaluyu
2026-07-01 15:01:19 [INFO]     KEC [320310] Pacet
2026-07-01 15:01:19 [INFO]       7 kelurahan di Pacet
2026-07-01 15:01:19 [INFO]     KEC [320311] Cugenang
2026-07-01 15:01:20 [INFO]       16 kelurahan di Cugenang
2026-07-01 15:01:20 [INFO]     KEC [320312] Cikalongkulon
2026-07-01 15:01:20 [INFO]       18 kelurahan di Cikalongkulon
2026-07-01 15:01:20 [INFO]     KEC [320313] Sukaresmi
2026-07-01 15:01:21 [INFO]       11 kelurahan di Sukaresmi
2026-07-01 15:01:21 [INFO]     KEC [320314] Sukanagara
2026-07-01 15:01:21 [INFO]       10 kelurahan di Sukanagara
2026-07-01 15:01:21 [INFO]     KEC [320315] Campaka
2026-07-01 15:01:22 [INFO]       11 kelurahan di Campaka
2026-07-01 15:01:22 [INFO]     KEC [320316] Takokak
2026-07-01 15:01:23 [INFO]       9 kelurahan di Takokak
2026-07-01 15:01:23 [INFO]     KEC [320317] Kadupandak
2026-07-01 15:01:23 [INFO]       14 kelurahan di Kadupandak
2026-07-01 15:01:23 [INFO]     KEC [320318] Pagelarang
2026-07-01 15:01:24 [INFO]       14 kelurahan di Pagelarang
2026-07-01 15:01:24 [INFO]     KEC [320319] Tanggeung
2026-07-01 15:01:24 [INFO]       12 kelurahan di Tanggeung
2026-07-01 15:01:24 [INFO]     KEC [320320] Cubinong
2026-07-01 15:01:25 [INFO]       14 kelurahan di Cubinong
2026-07-01 15:01:25 [INFO]     KEC [320321] Sindangbarang
2026-07-01 15:01:26 [INFO]       11 kelurahan di Sindangbarang
2026-07-01 15:01:26 [INFO]     KEC [320322] Agrabinta
2026-07-01 15:01:26 [INFO]       11 kelurahan di Agrabinta
2026-07-01 15:01:26 [INFO]     KEC [320323] Cidaun
2026-07-01 15:01:27 [INFO]       14 kelurahan di Cidaun
2026-07-01 15:01:27 [INFO]     KEC [320324] Naringgul
2026-07-01 15:01:28 [INFO]       11 kelurahan di Naringgul
2026-07-01 15:01:28 [INFO]     KEC [320325] Campakamulya
2026-07-01 15:01:29 [INFO]       5 kelurahan di Campakamulya
2026-07-01 15:01:29 [INFO]     KEC [320326] Cikadu
2026-07-01 15:01:29 [INFO]       10 kelurahan di Cikadu
2026-07-01 15:01:29 [INFO]     KEC [320327] Gekbrong
2026-07-01 15:01:30 [INFO]       8 kelurahan di Gekbrong
2026-07-01 15:01:30 [INFO]     KEC [320328] Cipanas
2026-07-01 15:01:30 [INFO]       7 kelurahan di Cipanas
2026-07-01 15:01:30 [INFO]     KEC [320329] Cijati
2026-07-01 15:01:31 [INFO]       10 kelurahan di Cijati
2026-07-01 15:01:31 [INFO]     KEC [320330] Leles
2026-07-01 15:01:31 [INFO]       12 kelurahan di Leles
2026-07-01 15:01:31 [INFO]     KEC [320331] Haurwangi
2026-07-01 15:01:32 [INFO]       8 kelurahan di Haurwangi
2026-07-01 15:01:32 [INFO]     KEC [320332] Pasirkuda
2026-07-01 15:01:33 [INFO]       9 kelurahan di Pasirkuda
2026-07-01 15:01:33 [INFO]   KAB [3204] Kabupaten Bandung
2026-07-01 15:01:33 [INFO]     KEC [320405] Cileunyi
2026-07-01 15:01:34 [INFO]       6 kelurahan di Cileunyi
2026-07-01 15:01:34 [INFO]     KEC [320406] Cimenyan
2026-07-01 15:01:34 [INFO]       9 kelurahan di Cimenyan
2026-07-01 15:01:34 [INFO]     KEC [320407] Cilengkrang
2026-07-01 15:01:35 [INFO]       6 kelurahan di Cilengkrang
2026-07-01 15:01:35 [INFO]     KEC [320408] Bojongsoang
2026-07-01 15:01:36 [INFO]       6 kelurahan di Bojongsoang
2026-07-01 15:01:36 [INFO]     KEC [320409] Margahayu
2026-07-01 15:01:36 [INFO]       5 kelurahan di Margahayu
2026-07-01 15:01:36 [INFO]     KEC [320410] Margaasih
2026-07-01 15:01:37 [INFO]       6 kelurahan di Margaasih
2026-07-01 15:01:37 [INFO]     KEC [320411] Katapang
2026-07-01 15:01:37 [INFO]       7 kelurahan di Katapang
2026-07-01 15:01:37 [INFO]     KEC [320412] Dayeuhkolot
2026-07-01 15:01:38 [INFO]       6 kelurahan di Dayeuhkolot
2026-07-01 15:01:38 [INFO]     KEC [320413] Banjaran
2026-07-01 15:01:39 [INFO]       11 kelurahan di Banjaran
2026-07-01 15:01:39 [INFO]     KEC [320414] Pameungpeuk
2026-07-01 15:01:39 [INFO]       6 kelurahan di Pameungpeuk
2026-07-01 15:01:39 [INFO]     KEC [320415] Pangalengan
2026-07-01 15:01:40 [INFO]       13 kelurahan di Pangalengan
2026-07-01 15:01:40 [INFO]     KEC [320416] Arjasari
2026-07-01 15:01:40 [INFO]       11 kelurahan di Arjasari
2026-07-01 15:01:40 [INFO]     KEC [320417] Cimaung
2026-07-01 15:01:41 [INFO]       10 kelurahan di Cimaung
2026-07-01 15:01:41 [INFO]     KEC [320425] Cicalengka
2026-07-01 15:01:42 [INFO]       12 kelurahan di Cicalengka
2026-07-01 15:01:42 [INFO]     KEC [320426] Nagreg
2026-07-01 15:01:42 [INFO]       8 kelurahan di Nagreg
2026-07-01 15:01:42 [INFO]     KEC [320427] Cikancung
2026-07-01 15:01:43 [INFO]       9 kelurahan di Cikancung
2026-07-01 15:01:43 [INFO]     KEC [320428] Rancaekek
2026-07-01 15:01:43 [INFO]       14 kelurahan di Rancaekek
2026-07-01 15:01:43 [INFO]     KEC [320429] Ciparay
2026-07-01 15:01:44 [INFO]       14 kelurahan di Ciparay
2026-07-01 15:01:44 [INFO]     KEC [320430] Pacet
2026-07-01 15:01:45 [INFO]       13 kelurahan di Pacet
2026-07-01 15:01:45 [INFO]     KEC [320431] Kertasari
2026-07-01 15:01:45 [INFO]       8 kelurahan di Kertasari
2026-07-01 15:01:45 [INFO]     KEC [320432] Baleendah
2026-07-01 15:01:46 [INFO]       8 kelurahan di Baleendah
2026-07-01 15:01:46 [INFO]     KEC [320433] Majalaya
2026-07-01 15:01:46 [INFO]       11 kelurahan di Majalaya
2026-07-01 15:01:46 [INFO]     KEC [320434] Solokanjeruk
2026-07-01 15:01:47 [INFO]       7 kelurahan di Solokanjeruk
2026-07-01 15:01:47 [INFO]     KEC [320435] Paseh
2026-07-01 15:01:47 [INFO]       12 kelurahan di Paseh
2026-07-01 15:01:47 [INFO]     KEC [320436] Ibun
2026-07-01 15:01:48 [INFO]       12 kelurahan di Ibun
2026-07-01 15:01:48 [INFO]     KEC [320437] Soreang
2026-07-01 15:01:49 [INFO]       10 kelurahan di Soreang
2026-07-01 15:01:49 [INFO]     KEC [320438] Pasirjambu
2026-07-01 15:01:49 [INFO]       10 kelurahan di Pasirjambu
2026-07-01 15:01:49 [INFO]     KEC [320439] Ciwidey
2026-07-01 15:01:50 [INFO]       7 kelurahan di Ciwidey
2026-07-01 15:01:50 [INFO]     KEC [320440] Rancabali
2026-07-01 15:01:51 [INFO]       5 kelurahan di Rancabali
2026-07-01 15:01:51 [INFO]     KEC [320444] Cangkuang
2026-07-01 15:01:51 [INFO]       7 kelurahan di Cangkuang
2026-07-01 15:01:51 [INFO]     KEC [320446] Kutawaringin
2026-07-01 15:01:52 [INFO]       11 kelurahan di Kutawaringin
2026-07-01 15:01:52 [INFO]   KAB [3205] Kabupaten Garut
2026-07-01 15:01:52 [INFO]     KEC [320501] Garut Kota
2026-07-01 15:01:53 [INFO]       11 kelurahan di Garut Kota
2026-07-01 15:01:53 [INFO]     KEC [320502] Karangpawitan
2026-07-01 15:01:53 [INFO]       20 kelurahan di Karangpawitan
2026-07-01 15:01:53 [INFO]     KEC [320503] Wanaraja
2026-07-01 15:01:54 [INFO]       9 kelurahan di Wanaraja
2026-07-01 15:01:54 [INFO]     KEC [320504] Tarogong Kaler
2026-07-01 15:01:55 [INFO]       13 kelurahan di Tarogong Kaler
2026-07-01 15:01:55 [INFO]     KEC [320505] Tarogong Kidul
2026-07-01 15:01:55 [INFO]       12 kelurahan di Tarogong Kidul
2026-07-01 15:01:55 [INFO]     KEC [320506] Banyuresmi
2026-07-01 15:01:56 [INFO]       15 kelurahan di Banyuresmi
2026-07-01 15:01:56 [INFO]     KEC [320507] Samarang
2026-07-01 15:01:56 [INFO]       13 kelurahan di Samarang
2026-07-01 15:01:56 [INFO]     KEC [320508] Pasirwangi
2026-07-01 15:01:57 [INFO]       12 kelurahan di Pasirwangi
2026-07-01 15:01:57 [INFO]     KEC [320509] Leles
2026-07-01 15:01:58 [INFO]       12 kelurahan di Leles
2026-07-01 15:01:58 [INFO]     KEC [320510] Kadungora
2026-07-01 15:01:58 [INFO]       14 kelurahan di Kadungora
2026-07-01 15:01:58 [INFO]     KEC [320511] Leuwigoong
2026-07-01 15:01:59 [INFO]       8 kelurahan di Leuwigoong
2026-07-01 15:01:59 [INFO]     KEC [320512] Cibatu
2026-07-01 15:01:59 [INFO]       11 kelurahan di Cibatu
2026-07-01 15:01:59 [INFO]     KEC [320513] Kersamanah
2026-07-01 15:02:00 [INFO]       6 kelurahan di Kersamanah
2026-07-01 15:02:00 [INFO]     KEC [320514] Malangbong
2026-07-01 15:02:01 [INFO]       24 kelurahan di Malangbong
2026-07-01 15:02:01 [INFO]     KEC [320515] Sukawening
2026-07-01 15:02:01 [INFO]       11 kelurahan di Sukawening
2026-07-01 15:02:01 [INFO]     KEC [320516] Karangtengah
2026-07-01 15:02:02 [INFO]       4 kelurahan di Karangtengah
2026-07-01 15:02:02 [INFO]     KEC [320517] Bayongbong
2026-07-01 15:02:02 [INFO]       18 kelurahan di Bayongbong
2026-07-01 15:02:02 [INFO]     KEC [320518] Cigedug
2026-07-01 15:02:03 [INFO]       5 kelurahan di Cigedug
2026-07-01 15:02:03 [INFO]     KEC [320519] Cilawu
2026-07-01 15:02:03 [INFO]       18 kelurahan di Cilawu
2026-07-01 15:02:03 [INFO]     KEC [320520] Cisurupan
2026-07-01 15:02:04 [INFO]       17 kelurahan di Cisurupan
2026-07-01 15:02:04 [INFO]     KEC [320521] Sukaresmi
2026-07-01 15:02:05 [INFO]       7 kelurahan di Sukaresmi
2026-07-01 15:02:05 [INFO]     KEC [320522] Cikajang
2026-07-01 15:02:05 [INFO]       12 kelurahan di Cikajang
2026-07-01 15:02:05 [INFO]     KEC [320523] Banjarwangi
2026-07-01 15:02:06 [INFO]       11 kelurahan di Banjarwangi
2026-07-01 15:02:06 [INFO]     KEC [320524] Singajaya
2026-07-01 15:02:06 [INFO]       9 kelurahan di Singajaya
2026-07-01 15:02:06 [INFO]     KEC [320525] Cihurip
2026-07-01 15:02:07 [INFO]       4 kelurahan di Cihurip
2026-07-01 15:02:07 [INFO]     KEC [320526] Peundeuy
2026-07-01 15:02:07 [INFO]       6 kelurahan di Peundeuy
2026-07-01 15:02:07 [INFO]     KEC [320527] Pameungpeuk
2026-07-01 15:02:08 [INFO]       8 kelurahan di Pameungpeuk
2026-07-01 15:02:08 [INFO]     KEC [320528] Cisompet
2026-07-01 15:02:09 [INFO]       11 kelurahan di Cisompet
2026-07-01 15:02:09 [INFO]     KEC [320529] Cibalong
2026-07-01 15:02:09 [INFO]       11 kelurahan di Cibalong
2026-07-01 15:02:09 [INFO]     KEC [320530] Cikelet
2026-07-01 15:02:10 [INFO]       11 kelurahan di Cikelet
2026-07-01 15:02:10 [INFO]     KEC [320531] Bungbulang
2026-07-01 15:02:10 [INFO]       13 kelurahan di Bungbulang
2026-07-01 15:02:10 [INFO]     KEC [320532] Mekarmukti
2026-07-01 15:02:11 [INFO]       5 kelurahan di Mekarmukti
2026-07-01 15:02:11 [INFO]     KEC [320533] Pakenjeng
2026-07-01 15:02:12 [INFO]       13 kelurahan di Pakenjeng
2026-07-01 15:02:12 [INFO]     KEC [320534] Pamulihan
2026-07-01 15:02:12 [INFO]       5 kelurahan di Pamulihan
2026-07-01 15:02:12 [INFO]     KEC [320535] Cisewu
2026-07-01 15:02:13 [INFO]       9 kelurahan di Cisewu
2026-07-01 15:02:13 [INFO]     KEC [320536] Caringin
2026-07-01 15:02:13 [INFO]       6 kelurahan di Caringin
2026-07-01 15:02:13 [INFO]     KEC [320537] Talegong
2026-07-01 15:02:14 [INFO]       7 kelurahan di Talegong
2026-07-01 15:02:14 [INFO]     KEC [320538] Bl. Limbangan
2026-07-01 15:02:15 [INFO]       14 kelurahan di Bl. Limbangan
2026-07-01 15:02:15 [INFO]     KEC [320539] Selaawi
2026-07-01 15:02:15 [INFO]       7 kelurahan di Selaawi
2026-07-01 15:02:15 [INFO]     KEC [320540] Cibiuk
2026-07-01 15:02:16 [INFO]       5 kelurahan di Cibiuk
2026-07-01 15:02:16 [INFO]     KEC [320541] Pangatikan
2026-07-01 15:02:16 [INFO]       8 kelurahan di Pangatikan
2026-07-01 15:02:16 [INFO]     KEC [320542] Sucinaraja
2026-07-01 15:02:17 [INFO]       7 kelurahan di Sucinaraja
2026-07-01 15:02:17 [INFO]   KAB [3206] Kabupaten Tasikmalaya
2026-07-01 15:02:18 [INFO]     KEC [320601] Cipatujah
2026-07-01 15:02:18 [INFO]       15 kelurahan di Cipatujah
2026-07-01 15:02:18 [INFO]     KEC [320602] Karangnunggal
2026-07-01 15:02:19 [INFO]       14 kelurahan di Karangnunggal
2026-07-01 15:02:19 [INFO]     KEC [320603] Cikalong
2026-07-01 15:02:19 [INFO]       13 kelurahan di Cikalong
2026-07-01 15:02:19 [INFO]     KEC [320604] Pancatengah
2026-07-01 15:02:20 [INFO]       11 kelurahan di Pancatengah
2026-07-01 15:02:20 [INFO]     KEC [320605] Cikatomas
2026-07-01 15:02:21 [INFO]       9 kelurahan di Cikatomas
2026-07-01 15:02:21 [INFO]     KEC [320606] Cibalong
2026-07-01 15:02:21 [INFO]       6 kelurahan di Cibalong
2026-07-01 15:02:21 [INFO]     KEC [320607] Parungponteng
2026-07-01 15:02:22 [INFO]       8 kelurahan di Parungponteng
2026-07-01 15:02:22 [INFO]     KEC [320608] Bantarkalong
2026-07-01 15:02:22 [INFO]       8 kelurahan di Bantarkalong
2026-07-01 15:02:22 [INFO]     KEC [320609] Bojongasih
2026-07-01 15:02:23 [INFO]       6 kelurahan di Bojongasih
2026-07-01 15:02:23 [INFO]     KEC [320610] Culamega
2026-07-01 15:02:24 [INFO]       5 kelurahan di Culamega
2026-07-01 15:02:24 [INFO]     KEC [320611] Bojonggambir
2026-07-01 15:02:24 [INFO]       10 kelurahan di Bojonggambir
2026-07-01 15:02:24 [INFO]     KEC [320612] Sodonghilir
2026-07-01 15:02:25 [INFO]       12 kelurahan di Sodonghilir
2026-07-01 15:02:25 [INFO]     KEC [320613] Taraju
2026-07-01 15:02:25 [INFO]       9 kelurahan di Taraju
2026-07-01 15:02:25 [INFO]     KEC [320614] Salawu
2026-07-01 15:02:26 [INFO]       12 kelurahan di Salawu
2026-07-01 15:02:26 [INFO]     KEC [320615] Puspahiang
2026-07-01 15:02:27 [INFO]       8 kelurahan di Puspahiang
2026-07-01 15:02:27 [INFO]     KEC [320616] Tanjungjaya
2026-07-01 15:02:27 [INFO]       7 kelurahan di Tanjungjaya
2026-07-01 15:02:27 [INFO]     KEC [320617] Sukaraja
2026-07-01 15:02:28 [INFO]       8 kelurahan di Sukaraja
2026-07-01 15:02:28 [INFO]     KEC [320618] Salopa
2026-07-01 15:02:28 [INFO]       9 kelurahan di Salopa
2026-07-01 15:02:28 [INFO]     KEC [320619] Jatiwaras
2026-07-01 15:02:29 [INFO]       11 kelurahan di Jatiwaras
2026-07-01 15:02:29 [INFO]     KEC [320620] Cineam
2026-07-01 15:02:30 [INFO]       10 kelurahan di Cineam
2026-07-01 15:02:30 [INFO]     KEC [320621] Karang Jaya
2026-07-01 15:02:30 [INFO]       4 kelurahan di Karang Jaya
2026-07-01 15:02:30 [INFO]     KEC [320622] Manonjaya
2026-07-01 15:02:31 [INFO]       12 kelurahan di Manonjaya
2026-07-01 15:02:31 [INFO]     KEC [320623] Gunung Tanjung
2026-07-01 15:02:31 [INFO]       7 kelurahan di Gunung Tanjung
2026-07-01 15:02:31 [INFO]     KEC [320624] Singaparna
2026-07-01 15:02:32 [INFO]       10 kelurahan di Singaparna
2026-07-01 15:02:32 [INFO]     KEC [320625] Mangunreja
2026-07-01 15:02:33 [INFO]       6 kelurahan di Mangunreja
2026-07-01 15:02:33 [INFO]     KEC [320626] Sukarame
2026-07-01 15:02:33 [INFO]       6 kelurahan di Sukarame
2026-07-01 15:02:33 [INFO]     KEC [320627] Cigalontang
2026-07-01 15:02:34 [INFO]       16 kelurahan di Cigalontang
2026-07-01 15:02:34 [INFO]     KEC [320628] Leuwisari
2026-07-01 15:02:34 [INFO]       7 kelurahan di Leuwisari
2026-07-01 15:02:34 [INFO]     KEC [320629] Padakembang
2026-07-01 15:02:35 [INFO]       5 kelurahan di Padakembang
2026-07-01 15:02:35 [INFO]     KEC [320630] Sariwangi
2026-07-01 15:02:36 [INFO]       8 kelurahan di Sariwangi
2026-07-01 15:02:36 [INFO]     KEC [320631] Sukaratu
2026-07-01 15:02:36 [INFO]       8 kelurahan di Sukaratu
2026-07-01 15:02:36 [INFO]     KEC [320632] Cisayong
2026-07-01 15:02:37 [INFO]       13 kelurahan di Cisayong
2026-07-01 15:02:37 [INFO]     KEC [320633] Sukahening
2026-07-01 15:02:37 [INFO]       7 kelurahan di Sukahening
2026-07-01 15:02:37 [INFO]     KEC [320634] Rajapolah
2026-07-01 15:02:38 [INFO]       8 kelurahan di Rajapolah
2026-07-01 15:02:38 [INFO]     KEC [320635] Jamanis
2026-07-01 15:02:39 [INFO]       8 kelurahan di Jamanis
2026-07-01 15:02:39 [INFO]     KEC [320636] Ciawi
2026-07-01 15:02:39 [INFO]       11 kelurahan di Ciawi
2026-07-01 15:02:39 [INFO]     KEC [320637] Kadipaten
2026-07-01 15:02:40 [INFO]       6 kelurahan di Kadipaten
2026-07-01 15:02:40 [INFO]     KEC [320638] Pagerageung
2026-07-01 15:02:40 [INFO]       10 kelurahan di Pagerageung
2026-07-01 15:02:40 [INFO]     KEC [320639] Sukaresik
2026-07-01 15:02:41 [INFO]       8 kelurahan di Sukaresik
2026-07-01 15:02:41 [INFO]   KAB [3207] Kabupaten Ciamis
2026-07-01 15:02:42 [INFO]     KEC [320701] Ciamis
2026-07-01 15:02:42 [INFO]       12 kelurahan di Ciamis
2026-07-01 15:02:42 [INFO]     KEC [320702] Cikoneng
2026-07-01 15:02:43 [INFO]       9 kelurahan di Cikoneng
2026-07-01 15:02:43 [INFO]     KEC [320703] Cijeungjing
2026-07-01 15:02:43 [INFO]       11 kelurahan di Cijeungjing
2026-07-01 15:02:43 [INFO]     KEC [320704] Sadananya
2026-07-01 15:02:44 [INFO]       8 kelurahan di Sadananya
2026-07-01 15:02:44 [INFO]     KEC [320705] Cidolog
2026-07-01 15:02:44 [INFO]       6 kelurahan di Cidolog
2026-07-01 15:02:45 [INFO]     KEC [320706] Cihaurbeuti
2026-07-01 15:02:45 [INFO]       11 kelurahan di Cihaurbeuti
2026-07-01 15:02:45 [INFO]     KEC [320707] Panumbangan
2026-07-01 15:02:46 [INFO]       14 kelurahan di Panumbangan
2026-07-01 15:02:46 [INFO]     KEC [320708] Panjalu
2026-07-01 15:02:46 [INFO]       8 kelurahan di Panjalu
2026-07-01 15:02:46 [INFO]     KEC [320709] Kawali
2026-07-01 15:02:47 [INFO]       11 kelurahan di Kawali
2026-07-01 15:02:47 [INFO]     KEC [320710] Panawangan
2026-07-01 15:02:48 [INFO]       18 kelurahan di Panawangan
2026-07-01 15:02:48 [INFO]     KEC [320711] Cipaku
2026-07-01 15:02:48 [INFO]       13 kelurahan di Cipaku
2026-07-01 15:02:48 [INFO]     KEC [320712] Jatinagara
2026-07-01 15:02:49 [INFO]       6 kelurahan di Jatinagara
2026-07-01 15:02:49 [INFO]     KEC [320713] Rajadesa
2026-07-01 15:02:49 [INFO]       11 kelurahan di Rajadesa
2026-07-01 15:02:49 [INFO]     KEC [320714] Sukadana
2026-07-01 15:02:50 [INFO]       6 kelurahan di Sukadana
2026-07-01 15:02:50 [INFO]     KEC [320715] Rancah
2026-07-01 15:02:51 [INFO]       13 kelurahan di Rancah
2026-07-01 15:02:51 [INFO]     KEC [320716] Tambaksari
2026-07-01 15:02:51 [INFO]       6 kelurahan di Tambaksari
2026-07-01 15:02:51 [INFO]     KEC [320717] Lakbok
2026-07-01 15:02:52 [INFO]       10 kelurahan di Lakbok
2026-07-01 15:02:52 [INFO]     KEC [320718] Banjarsari
2026-07-01 15:02:52 [INFO]       12 kelurahan di Banjarsari
2026-07-01 15:02:52 [INFO]     KEC [320719] Pamarican
2026-07-01 15:02:53 [INFO]       14 kelurahan di Pamarican
2026-07-01 15:02:53 [INFO]     KEC [320729] Cimaragas
2026-07-01 15:02:53 [INFO]       5 kelurahan di Cimaragas
2026-07-01 15:02:53 [INFO]     KEC [320730] Cisaga
2026-07-01 15:02:54 [INFO]       11 kelurahan di Cisaga
2026-07-01 15:02:54 [INFO]     KEC [320731] Sindangkasih
2026-07-01 15:02:55 [INFO]       9 kelurahan di Sindangkasih
2026-07-01 15:02:55 [INFO]     KEC [320732] Baregbeg
2026-07-01 15:02:55 [INFO]       9 kelurahan di Baregbeg
2026-07-01 15:02:55 [INFO]     KEC [320733] Sukamantri
2026-07-01 15:02:56 [INFO]       5 kelurahan di Sukamantri
2026-07-01 15:02:56 [INFO]     KEC [320734] Lumbung
2026-07-01 15:02:56 [INFO]       8 kelurahan di Lumbung
2026-07-01 15:02:56 [INFO]     KEC [320735] Purwadadi
2026-07-01 15:02:57 [INFO]       9 kelurahan di Purwadadi
2026-07-01 15:02:57 [INFO]     KEC [320737] Banjaranyar
2026-07-01 15:02:58 [INFO]       10 kelurahan di Banjaranyar
2026-07-01 15:02:58 [INFO]   KAB [3208] Kabupaten Kuningan
2026-07-01 15:02:58 [INFO]     KEC [320801] Kadugede
2026-07-01 15:02:59 [INFO]       12 kelurahan di Kadugede
2026-07-01 15:02:59 [INFO]     KEC [320802] Ciniru
2026-07-01 15:02:59 [INFO]       9 kelurahan di Ciniru
2026-07-01 15:03:00 [INFO]     KEC [320803] Subang
2026-07-01 15:03:00 [INFO]       7 kelurahan di Subang
2026-07-01 15:03:00 [INFO]     KEC [320804] Ciwaru
2026-07-01 15:03:01 [INFO]       12 kelurahan di Ciwaru
2026-07-01 15:03:01 [INFO]     KEC [320805] Cibingbin
2026-07-01 15:03:01 [INFO]       10 kelurahan di Cibingbin
2026-07-01 15:03:01 [INFO]     KEC [320806] Luragung
2026-07-01 15:03:02 [INFO]       16 kelurahan di Luragung
2026-07-01 15:03:02 [INFO]     KEC [320807] Lebakwangi
2026-07-01 15:03:02 [INFO]       13 kelurahan di Lebakwangi
2026-07-01 15:03:02 [INFO]     KEC [320808] Garawangi
2026-07-01 15:03:03 [INFO]       17 kelurahan di Garawangi
2026-07-01 15:03:03 [INFO]     KEC [320809] Kuningan
2026-07-01 15:03:04 [INFO]       16 kelurahan di Kuningan
2026-07-01 15:03:04 [INFO]     KEC [320810] Ciawigebang
2026-07-01 15:03:04 [INFO]       24 kelurahan di Ciawigebang
2026-07-01 15:03:04 [INFO]     KEC [320811] Cidahu
2026-07-01 15:03:05 [INFO]       12 kelurahan di Cidahu
2026-07-01 15:03:05 [INFO]     KEC [320812] Jalaksana
2026-07-01 15:03:05 [INFO]       15 kelurahan di Jalaksana
2026-07-01 15:03:05 [INFO]     KEC [320813] Cilimus
2026-07-01 15:03:06 [INFO]       13 kelurahan di Cilimus
2026-07-01 15:03:06 [INFO]     KEC [320814] Mandirancan
2026-07-01 15:03:06 [INFO]       12 kelurahan di Mandirancan
2026-07-01 15:03:06 [INFO]     KEC [320815] Selajambe
2026-07-01 15:03:07 [INFO]       7 kelurahan di Selajambe
2026-07-01 15:03:07 [INFO]     KEC [320816] Kramatmulya
2026-07-01 15:03:08 [INFO]       14 kelurahan di Kramatmulya
2026-07-01 15:03:08 [INFO]     KEC [320817] Darma
2026-07-01 15:03:08 [INFO]       19 kelurahan di Darma
2026-07-01 15:03:08 [INFO]     KEC [320818] Cigugur
2026-07-01 15:03:09 [INFO]       10 kelurahan di Cigugur
2026-07-01 15:03:09 [INFO]     KEC [320819] Pasawahan
2026-07-01 15:03:09 [INFO]       10 kelurahan di Pasawahan
2026-07-01 15:03:09 [INFO]     KEC [320820] Nusaherang
2026-07-01 15:03:10 [INFO]       8 kelurahan di Nusaherang
2026-07-01 15:03:10 [INFO]     KEC [320821] Cipicung
2026-07-01 15:03:11 [INFO]       10 kelurahan di Cipicung
2026-07-01 15:03:11 [INFO]     KEC [320822] Pancalang
2026-07-01 15:03:11 [INFO]       13 kelurahan di Pancalang
2026-07-01 15:03:11 [INFO]     KEC [320823] Japara
2026-07-01 15:03:12 [INFO]       10 kelurahan di Japara
2026-07-01 15:03:12 [INFO]     KEC [320824] Cimahi
2026-07-01 15:03:13 [INFO]       10 kelurahan di Cimahi
2026-07-01 15:03:13 [INFO]     KEC [320825] Cilebak
2026-07-01 15:03:13 [INFO]       7 kelurahan di Cilebak
2026-07-01 15:03:13 [INFO]     KEC [320826] Hantara
2026-07-01 15:03:14 [INFO]       8 kelurahan di Hantara
2026-07-01 15:03:14 [INFO]     KEC [320827] Kalimanggis
2026-07-01 15:03:15 [INFO]       6 kelurahan di Kalimanggis
2026-07-01 15:03:15 [INFO]     KEC [320828] Cibeureum
2026-07-01 15:03:15 [INFO]       8 kelurahan di Cibeureum
2026-07-01 15:03:15 [INFO]     KEC [320829] Karangkancana
2026-07-01 15:03:16 [INFO]       9 kelurahan di Karangkancana
2026-07-01 15:03:16 [INFO]     KEC [320830] Maleber
2026-07-01 15:03:16 [INFO]       16 kelurahan di Maleber
2026-07-01 15:03:16 [INFO]     KEC [320831] Sindangagung
2026-07-01 15:03:17 [INFO]       12 kelurahan di Sindangagung
2026-07-01 15:03:17 [INFO]     KEC [320832] Cigandamekar
2026-07-01 15:03:18 [INFO]       11 kelurahan di Cigandamekar
2026-07-01 15:03:18 [INFO]   KAB [3209] Kabupaten Cirebon
2026-07-01 15:03:18 [INFO]     KEC [320901] Waled
2026-07-01 15:03:19 [INFO]       12 kelurahan di Waled
2026-07-01 15:03:19 [INFO]     KEC [320902] Ciledug
2026-07-01 15:03:19 [INFO]       10 kelurahan di Ciledug
2026-07-01 15:03:19 [INFO]     KEC [320903] Losari
2026-07-01 15:03:20 [INFO]       10 kelurahan di Losari
2026-07-01 15:03:20 [INFO]     KEC [320904] Pabedilan
2026-07-01 15:03:20 [INFO]       13 kelurahan di Pabedilan
2026-07-01 15:03:21 [INFO]     KEC [320905] Babakan
2026-07-01 15:03:21 [INFO]       14 kelurahan di Babakan
2026-07-01 15:03:21 [INFO]     KEC [320906] Karangsembung
2026-07-01 15:03:22 [INFO]       8 kelurahan di Karangsembung
2026-07-01 15:03:22 [INFO]     KEC [320907] Lemahabang
2026-07-01 15:03:22 [INFO]       13 kelurahan di Lemahabang
2026-07-01 15:03:22 [INFO]     KEC [320908] Susukan Lebak
2026-07-01 15:03:23 [INFO]       13 kelurahan di Susukan Lebak
2026-07-01 15:03:23 [INFO]     KEC [320909] Sedong
2026-07-01 15:03:23 [INFO]       10 kelurahan di Sedong
2026-07-01 15:03:23 [INFO]     KEC [320910] Astanajapura
2026-07-01 15:03:24 [INFO]       11 kelurahan di Astanajapura
2026-07-01 15:03:24 [INFO]     KEC [320911] Pangenan
2026-07-01 15:03:25 [INFO]       9 kelurahan di Pangenan
2026-07-01 15:03:25 [INFO]     KEC [320912] Mundu
2026-07-01 15:03:25 [INFO]       12 kelurahan di Mundu
2026-07-01 15:03:25 [INFO]     KEC [320913] Beber
2026-07-01 15:03:26 [INFO]       10 kelurahan di Beber
2026-07-01 15:03:26 [INFO]     KEC [320914] Talun
2026-07-01 15:03:26 [INFO]       11 kelurahan di Talun
2026-07-01 15:03:26 [INFO]     KEC [320915] Sumber
2026-07-01 15:03:27 [INFO]       14 kelurahan di Sumber
2026-07-01 15:03:27 [INFO]     KEC [320916] Dukupuntang
2026-07-01 15:03:28 [INFO]       13 kelurahan di Dukupuntang
2026-07-01 15:03:28 [INFO]     KEC [320917] Palimanan
2026-07-01 15:03:28 [INFO]       12 kelurahan di Palimanan
2026-07-01 15:03:28 [INFO]     KEC [320918] Plumbon
2026-07-01 15:03:29 [INFO]       15 kelurahan di Plumbon
2026-07-01 15:03:29 [INFO]     KEC [320919] Weru
2026-07-01 15:03:30 [INFO]       9 kelurahan di Weru
2026-07-01 15:03:30 [INFO]     KEC [320920] Kedawung
2026-07-01 15:03:30 [INFO]       8 kelurahan di Kedawung
2026-07-01 15:03:30 [INFO]     KEC [320921] Gunung Jati
2026-07-01 15:03:31 [INFO]       15 kelurahan di Gunung Jati
2026-07-01 15:03:31 [INFO]     KEC [320922] Kepetakan
2026-07-01 15:03:31 [INFO]       9 kelurahan di Kepetakan
2026-07-01 15:03:31 [INFO]     KEC [320923] Klangenan
2026-07-01 15:03:32 [INFO]       9 kelurahan di Klangenan
2026-07-01 15:03:32 [INFO]     KEC [320924] Arjawinangun
2026-07-01 15:03:33 [INFO]       11 kelurahan di Arjawinangun
2026-07-01 15:03:33 [INFO]     KEC [320925] Panguragan
2026-07-01 15:03:33 [INFO]       9 kelurahan di Panguragan
2026-07-01 15:03:33 [INFO]     KEC [320926] Ciwaringin
2026-07-01 15:03:34 [INFO]       8 kelurahan di Ciwaringin
2026-07-01 15:03:34 [INFO]     KEC [320927] Susukan
2026-07-01 15:03:34 [INFO]       12 kelurahan di Susukan
2026-07-01 15:03:34 [INFO]     KEC [320928] Gegesik
2026-07-01 15:03:35 [INFO]       14 kelurahan di Gegesik
2026-07-01 15:03:35 [INFO]     KEC [320929] Kaliwedi
2026-07-01 15:03:36 [INFO]       9 kelurahan di Kaliwedi
2026-07-01 15:03:36 [INFO]     KEC [320930] Gebang
2026-07-01 15:03:36 [INFO]       13 kelurahan di Gebang
2026-07-01 15:03:36 [INFO]     KEC [320931] Depok
2026-07-01 15:03:37 [INFO]       12 kelurahan di Depok
2026-07-01 15:03:37 [INFO]     KEC [320932] Pasaleman
2026-07-01 15:03:37 [INFO]       7 kelurahan di Pasaleman
2026-07-01 15:03:37 [INFO]     KEC [320933] Pabuaran
2026-07-01 15:03:38 [INFO]       7 kelurahan di Pabuaran
2026-07-01 15:03:38 [INFO]     KEC [320934] Karangwareng
2026-07-01 15:03:39 [INFO]       9 kelurahan di Karangwareng
2026-07-01 15:03:39 [INFO]     KEC [320935] Tengah Tani
2026-07-01 15:03:39 [INFO]       8 kelurahan di Tengah Tani
2026-07-01 15:03:39 [INFO]     KEC [320936] Plered
2026-07-01 15:03:40 [INFO]       10 kelurahan di Plered
2026-07-01 15:03:40 [INFO]     KEC [320937] Gempol
2026-07-01 15:03:40 [INFO]       8 kelurahan di Gempol
2026-07-01 15:03:40 [INFO]     KEC [320938] Greged
2026-07-01 15:03:41 [INFO]       10 kelurahan di Greged
2026-07-01 15:03:41 [INFO]     KEC [320939] Suranenggala
2026-07-01 15:03:42 [INFO]       9 kelurahan di Suranenggala
2026-07-01 15:03:42 [INFO]     KEC [320940] Jamblang
2026-07-01 15:03:42 [INFO]       8 kelurahan di Jamblang
2026-07-01 15:03:42 [INFO]   KAB [3210] Kabupaten Majalengka
2026-07-01 15:03:43 [INFO]     KEC [321001] Lemahsugih
2026-07-01 15:03:43 [INFO]       19 kelurahan di Lemahsugih
2026-07-01 15:03:43 [INFO]     KEC [321002] Bantarujeg
2026-07-01 15:03:44 [INFO]       13 kelurahan di Bantarujeg
2026-07-01 15:03:44 [INFO]     KEC [321003] Cikijing
2026-07-01 15:03:45 [INFO]       15 kelurahan di Cikijing
2026-07-01 15:03:45 [INFO]     KEC [321004] Talaga
2026-07-01 15:03:45 [INFO]       17 kelurahan di Talaga
2026-07-01 15:03:45 [INFO]     KEC [321005] Argapura
2026-07-01 15:03:46 [INFO]       14 kelurahan di Argapura
2026-07-01 15:03:46 [INFO]     KEC [321006] Maja
2026-07-01 15:03:46 [INFO]       18 kelurahan di Maja
2026-07-01 15:03:46 [INFO]     KEC [321007] Majalengka
2026-07-01 15:03:47 [INFO]       14 kelurahan di Majalengka
2026-07-01 15:03:47 [INFO]     KEC [321008] Sukahaji
2026-07-01 15:03:48 [INFO]       13 kelurahan di Sukahaji
2026-07-01 15:03:48 [INFO]     KEC [321009] Rajagaluh
2026-07-01 15:03:48 [INFO]       13 kelurahan di Rajagaluh
2026-07-01 15:03:48 [INFO]     KEC [321010] Leuwimunding
2026-07-01 15:03:49 [INFO]       14 kelurahan di Leuwimunding
2026-07-01 15:03:49 [INFO]     KEC [321011] Jatiwangi
2026-07-01 15:03:49 [INFO]       16 kelurahan di Jatiwangi
2026-07-01 15:03:49 [INFO]     KEC [321012] Dawuan
2026-07-01 15:03:50 [INFO]       11 kelurahan di Dawuan
2026-07-01 15:03:50 [INFO]     KEC [321013] Kadipaten
2026-07-01 15:03:51 [INFO]       7 kelurahan di Kadipaten
2026-07-01 15:03:51 [INFO]     KEC [321014] Kertajati
2026-07-01 15:03:51 [INFO]       14 kelurahan di Kertajati
2026-07-01 15:03:51 [INFO]     KEC [321015] Jatitujuh
2026-07-01 15:03:52 [INFO]       15 kelurahan di Jatitujuh
2026-07-01 15:03:52 [INFO]     KEC [321016] Ligung
2026-07-01 15:03:52 [INFO]       19 kelurahan di Ligung
2026-07-01 15:03:52 [INFO]     KEC [321017] Sumberjaya
2026-07-01 15:03:53 [INFO]       15 kelurahan di Sumberjaya
2026-07-01 15:03:53 [INFO]     KEC [321018] Panyingkiran
2026-07-01 15:03:53 [INFO]       9 kelurahan di Panyingkiran
2026-07-01 15:03:53 [INFO]     KEC [321019] Palasah
2026-07-01 15:03:54 [INFO]       13 kelurahan di Palasah
2026-07-01 15:03:54 [INFO]     KEC [321020] Cigasong
2026-07-01 15:03:55 [INFO]       10 kelurahan di Cigasong
2026-07-01 15:03:55 [INFO]     KEC [321021] Sindangwangi
2026-07-01 15:03:55 [INFO]       10 kelurahan di Sindangwangi
2026-07-01 15:03:55 [INFO]     KEC [321022] Banjaran
2026-07-01 15:03:56 [INFO]       13 kelurahan di Banjaran
2026-07-01 15:03:56 [INFO]     KEC [321023] Cingambul
2026-07-01 15:03:56 [INFO]       13 kelurahan di Cingambul
2026-07-01 15:03:56 [INFO]     KEC [321024] Kasokandel
2026-07-01 15:03:57 [INFO]       10 kelurahan di Kasokandel
2026-07-01 15:03:57 [INFO]     KEC [321025] Sindang
2026-07-01 15:03:58 [INFO]       7 kelurahan di Sindang
2026-07-01 15:03:58 [INFO]     KEC [321026] Malausma
2026-07-01 15:03:58 [INFO]       11 kelurahan di Malausma
2026-07-01 15:03:58 [INFO]   KAB [3211] Kabupaten Sumedang
2026-07-01 15:03:59 [INFO]     KEC [321101] Wado
2026-07-01 15:03:59 [INFO]       10 kelurahan di Wado
2026-07-01 15:03:59 [INFO]     KEC [321102] Jatinunggal
2026-07-01 15:04:00 [INFO]       9 kelurahan di Jatinunggal
2026-07-01 15:04:00 [INFO]     KEC [321103] Darmaraja
2026-07-01 15:04:00 [INFO]       12 kelurahan di Darmaraja
2026-07-01 15:04:00 [INFO]     KEC [321104] Cibugel
2026-07-01 15:04:01 [INFO]       7 kelurahan di Cibugel
2026-07-01 15:04:01 [INFO]     KEC [321105] Cisitu
2026-07-01 15:04:02 [INFO]       10 kelurahan di Cisitu
2026-07-01 15:04:02 [INFO]     KEC [321106] Situraja
2026-07-01 15:04:02 [INFO]       15 kelurahan di Situraja
2026-07-01 15:04:02 [INFO]     KEC [321107] Conggeang
2026-07-01 15:04:03 [INFO]       12 kelurahan di Conggeang
2026-07-01 15:04:03 [INFO]     KEC [321108] Paseh
2026-07-01 15:04:03 [INFO]       10 kelurahan di Paseh
2026-07-01 15:04:03 [INFO]     KEC [321109] Surian
2026-07-01 15:04:04 [INFO]       9 kelurahan di Surian
2026-07-01 15:04:04 [INFO]     KEC [321110] Buahdua
2026-07-01 15:04:05 [INFO]       14 kelurahan di Buahdua
2026-07-01 15:04:05 [INFO]     KEC [321111] Tanjungsari
2026-07-01 15:04:05 [INFO]       12 kelurahan di Tanjungsari
2026-07-01 15:04:05 [INFO]     KEC [321112] Sukasari
2026-07-01 15:04:06 [INFO]       7 kelurahan di Sukasari
2026-07-01 15:04:06 [INFO]     KEC [321113] Pamulihan
2026-07-01 15:04:06 [INFO]       11 kelurahan di Pamulihan
2026-07-01 15:04:06 [INFO]     KEC [321114] Cimanggung
2026-07-01 15:04:07 [INFO]       11 kelurahan di Cimanggung
2026-07-01 15:04:07 [INFO]     KEC [321115] Jatinangor
2026-07-01 15:04:07 [INFO]       12 kelurahan di Jatinangor
2026-07-01 15:04:07 [INFO]     KEC [321116] Rancakalong
2026-07-01 15:04:08 [INFO]       10 kelurahan di Rancakalong
2026-07-01 15:04:08 [INFO]     KEC [321117] Sumedang Selatan
2026-07-01 15:04:09 [INFO]       14 kelurahan di Sumedang Selatan
2026-07-01 15:04:09 [INFO]     KEC [321118] Sumedang Utara
2026-07-01 15:04:09 [INFO]       13 kelurahan di Sumedang Utara
2026-07-01 15:04:09 [INFO]     KEC [321119] Ganeas
2026-07-01 15:04:10 [INFO]       8 kelurahan di Ganeas
2026-07-01 15:04:10 [INFO]     KEC [321120] Tanjungkerta
2026-07-01 15:04:10 [INFO]       12 kelurahan di Tanjungkerta
2026-07-01 15:04:10 [INFO]     KEC [321121] Tanjungmedar
2026-07-01 15:04:11 [INFO]       9 kelurahan di Tanjungmedar
2026-07-01 15:04:11 [INFO]     KEC [321122] Cimalaka
2026-07-01 15:04:11 [INFO]       14 kelurahan di Cimalaka
2026-07-01 15:04:11 [INFO]     KEC [321123] Cisarua
2026-07-01 15:04:12 [INFO]       7 kelurahan di Cisarua
2026-07-01 15:04:12 [INFO]     KEC [321124] Tomo
2026-07-01 15:04:13 [INFO]       9 kelurahan di Tomo
2026-07-01 15:04:13 [INFO]     KEC [321125] Ujungjaya
2026-07-01 15:04:13 [INFO]       9 kelurahan di Ujungjaya
2026-07-01 15:04:13 [INFO]     KEC [321126] Jatigede
2026-07-01 15:04:14 [INFO]       11 kelurahan di Jatigede
2026-07-01 15:04:14 [INFO]   KAB [3212] Kabupaten Indramayu
2026-07-01 15:04:14 [INFO]     KEC [321201] Haurgeulis
2026-07-01 15:04:15 [INFO]       10 kelurahan di Haurgeulis
2026-07-01 15:04:15 [INFO]     KEC [321202] Kroya
2026-07-01 15:04:16 [INFO]       9 kelurahan di Kroya
2026-07-01 15:04:16 [INFO]     KEC [321203] Gabuswetan
2026-07-01 15:04:16 [INFO]       10 kelurahan di Gabuswetan
2026-07-01 15:04:16 [INFO]     KEC [321204] Cikedung
2026-07-01 15:04:17 [INFO]       7 kelurahan di Cikedung
2026-07-01 15:04:17 [INFO]     KEC [321205] Lelea
2026-07-01 15:04:17 [INFO]       11 kelurahan di Lelea
2026-07-01 15:04:17 [INFO]     KEC [321206] Bangodua
2026-07-01 15:04:18 [INFO]       8 kelurahan di Bangodua
2026-07-01 15:04:18 [INFO]     KEC [321207] Widasari
2026-07-01 15:04:18 [INFO]       10 kelurahan di Widasari
2026-07-01 15:04:18 [INFO]     KEC [321208] Kertasemaya
2026-07-01 15:04:19 [INFO]       13 kelurahan di Kertasemaya
2026-07-01 15:04:19 [INFO]     KEC [321209] Krangkeng
2026-07-01 15:04:20 [INFO]       11 kelurahan di Krangkeng
2026-07-01 15:04:20 [INFO]     KEC [321210] Karangampel
2026-07-01 15:04:20 [INFO]       11 kelurahan di Karangampel
2026-07-01 15:04:20 [INFO]     KEC [321211] Juntinyuat
2026-07-01 15:04:21 [INFO]       12 kelurahan di Juntinyuat
2026-07-01 15:04:21 [INFO]     KEC [321212] Sliyeg
2026-07-01 15:04:21 [INFO]       14 kelurahan di Sliyeg
2026-07-01 15:04:21 [INFO]     KEC [321213] Jatibarang
2026-07-01 15:04:22 [INFO]       15 kelurahan di Jatibarang
2026-07-01 15:04:22 [INFO]     KEC [321214] Balongan
2026-07-01 15:04:22 [INFO]       10 kelurahan di Balongan
2026-07-01 15:04:22 [INFO]     KEC [321215] Indramayu
2026-07-01 15:04:23 [INFO]       18 kelurahan di Indramayu
2026-07-01 15:04:23 [INFO]     KEC [321216] Sindang
2026-07-01 15:04:24 [INFO]       10 kelurahan di Sindang
2026-07-01 15:04:24 [INFO]     KEC [321217] Cantigi
2026-07-01 15:04:24 [INFO]       7 kelurahan di Cantigi
2026-07-01 15:04:24 [INFO]     KEC [321218] Lohbener
2026-07-01 15:04:25 [INFO]       12 kelurahan di Lohbener
2026-07-01 15:04:25 [INFO]     KEC [321219] Arahan
2026-07-01 15:04:25 [INFO]       8 kelurahan di Arahan
2026-07-01 15:04:25 [INFO]     KEC [321220] Losarang
2026-07-01 15:04:26 [INFO]       12 kelurahan di Losarang
2026-07-01 15:04:26 [INFO]     KEC [321221] Kandanghaur
2026-07-01 15:04:26 [INFO]       13 kelurahan di Kandanghaur
2026-07-01 15:04:26 [INFO]     KEC [321222] Bongas
2026-07-01 15:04:27 [INFO]       8 kelurahan di Bongas
2026-07-01 15:04:27 [INFO]     KEC [321223] Anjatan
2026-07-01 15:04:28 [INFO]       13 kelurahan di Anjatan
2026-07-01 15:04:28 [INFO]     KEC [321224] Sukra
2026-07-01 15:04:28 [INFO]       8 kelurahan di Sukra
2026-07-01 15:04:28 [INFO]     KEC [321225] Gantar
2026-07-01 15:04:29 [INFO]       7 kelurahan di Gantar
2026-07-01 15:04:29 [INFO]     KEC [321226] Terisi
2026-07-01 15:04:29 [INFO]       9 kelurahan di Terisi
2026-07-01 15:04:29 [INFO]     KEC [321227] Sukagumiwang
2026-07-01 15:04:30 [INFO]       7 kelurahan di Sukagumiwang
2026-07-01 15:04:30 [INFO]     KEC [321228] Kedokan Bunder
2026-07-01 15:04:30 [INFO]       7 kelurahan di Kedokan Bunder
2026-07-01 15:04:30 [INFO]     KEC [321229] Pasekan
2026-07-01 15:04:31 [INFO]       6 kelurahan di Pasekan
2026-07-01 15:04:31 [INFO]     KEC [321230] Tukdana
2026-07-01 15:04:32 [INFO]       13 kelurahan di Tukdana
2026-07-01 15:04:32 [INFO]     KEC [321231] Patrol
2026-07-01 15:04:32 [INFO]       8 kelurahan di Patrol
2026-07-01 15:04:32 [INFO]   KAB [3213] Kabupaten Subang
2026-07-01 15:04:33 [INFO]     KEC [321301] Sagalaherang
2026-07-01 15:04:33 [INFO]       7 kelurahan di Sagalaherang
2026-07-01 15:04:33 [INFO]     KEC [321302] Cisalak
2026-07-01 15:04:34 [INFO]       9 kelurahan di Cisalak
2026-07-01 15:04:34 [INFO]     KEC [321303] Subang
2026-07-01 15:04:35 [INFO]       8 kelurahan di Subang
2026-07-01 15:04:35 [INFO]     KEC [321304] Kalijati
2026-07-01 15:04:35 [INFO]       10 kelurahan di Kalijati
2026-07-01 15:04:35 [INFO]     KEC [321305] Pabuaran
2026-07-01 15:04:36 [INFO]       8 kelurahan di Pabuaran
2026-07-01 15:04:36 [INFO]     KEC [321306] Purwadadi
2026-07-01 15:04:36 [INFO]       10 kelurahan di Purwadadi
2026-07-01 15:04:37 [INFO]     KEC [321307] Pagaden
2026-07-01 15:04:37 [INFO]       10 kelurahan di Pagaden
2026-07-01 15:04:37 [INFO]     KEC [321308] Binong
2026-07-01 15:04:38 [INFO]       9 kelurahan di Binong
2026-07-01 15:04:38 [INFO]     KEC [321309] Ciasem
2026-07-01 15:04:38 [INFO]       9 kelurahan di Ciasem
2026-07-01 15:04:38 [INFO]     KEC [321310] Pusakanagara
2026-07-01 15:04:39 [INFO]       7 kelurahan di Pusakanagara
2026-07-01 15:04:39 [INFO]     KEC [321311] Pamanukan
2026-07-01 15:04:39 [INFO]       8 kelurahan di Pamanukan
2026-07-01 15:04:39 [INFO]     KEC [321312] Jalancagak
2026-07-01 15:04:40 [INFO]       7 kelurahan di Jalancagak
2026-07-01 15:04:40 [INFO]     KEC [321313] Blanakan
2026-07-01 15:04:41 [INFO]       9 kelurahan di Blanakan
2026-07-01 15:04:41 [INFO]     KEC [321314] Tanjungsiang
2026-07-01 15:04:41 [INFO]       10 kelurahan di Tanjungsiang
2026-07-01 15:04:41 [INFO]     KEC [321315] Compreng
2026-07-01 15:04:42 [INFO]       8 kelurahan di Compreng
2026-07-01 15:04:42 [INFO]     KEC [321316] Patokbeusi
2026-07-01 15:04:42 [INFO]       10 kelurahan di Patokbeusi
2026-07-01 15:04:42 [INFO]     KEC [321317] Cibogo
2026-07-01 15:04:43 [INFO]       9 kelurahan di Cibogo
2026-07-01 15:04:43 [INFO]     KEC [321318] Cipunagara
2026-07-01 15:04:43 [INFO]       10 kelurahan di Cipunagara
2026-07-01 15:04:43 [INFO]     KEC [321319] Cijambe
2026-07-01 15:04:44 [INFO]       8 kelurahan di Cijambe
2026-07-01 15:04:44 [INFO]     KEC [321320] Cipeundeuy
2026-07-01 15:04:44 [INFO]       7 kelurahan di Cipeundeuy
2026-07-01 15:04:45 [INFO]     KEC [321321] Legonkulon
2026-07-01 15:04:45 [INFO]       7 kelurahan di Legonkulon
2026-07-01 15:04:45 [INFO]     KEC [321322] Cikaum
2026-07-01 15:04:46 [INFO]       9 kelurahan di Cikaum
2026-07-01 15:04:46 [INFO]     KEC [321323] Serangpanjang
2026-07-01 15:04:46 [INFO]       6 kelurahan di Serangpanjang
2026-07-01 15:04:47 [INFO]     KEC [321324] Sukasari
2026-07-01 15:04:47 [INFO]       7 kelurahan di Sukasari
2026-07-01 15:04:47 [INFO]     KEC [321325] Tambakdahan
2026-07-01 15:04:48 [INFO]       9 kelurahan di Tambakdahan
2026-07-01 15:04:48 [INFO]     KEC [321326] Kasomalang
2026-07-01 15:04:48 [INFO]       8 kelurahan di Kasomalang
2026-07-01 15:04:48 [INFO]     KEC [321327] Dawuan
2026-07-01 15:04:49 [INFO]       10 kelurahan di Dawuan
2026-07-01 15:04:49 [INFO]     KEC [321328] Pagaden Barat
2026-07-01 15:04:49 [INFO]       9 kelurahan di Pagaden Barat
2026-07-01 15:04:49 [INFO]     KEC [321329] Ciater
2026-07-01 15:04:50 [INFO]       7 kelurahan di Ciater
2026-07-01 15:04:50 [INFO]     KEC [321330] Pusakajaya
2026-07-01 15:04:51 [INFO]       8 kelurahan di Pusakajaya
2026-07-01 15:04:51 [INFO]   KAB [3214] Kabupaten Purwakarta
2026-07-01 15:04:51 [INFO]     KEC [321401] Purwakarta
2026-07-01 15:04:52 [INFO]       10 kelurahan di Purwakarta
2026-07-01 15:04:52 [INFO]     KEC [321402] Campaka
2026-07-01 15:04:52 [INFO]       10 kelurahan di Campaka
2026-07-01 15:04:52 [INFO]     KEC [321403] Jatiluhur
2026-07-01 15:04:53 [INFO]       10 kelurahan di Jatiluhur
2026-07-01 15:04:53 [INFO]     KEC [321404] Plered
2026-07-01 15:04:54 [INFO]       16 kelurahan di Plered
2026-07-01 15:04:54 [INFO]     KEC [321405] Sukatani
2026-07-01 15:04:54 [INFO]       14 kelurahan di Sukatani
2026-07-01 15:04:54 [INFO]     KEC [321406] Darangdan
2026-07-01 15:04:55 [INFO]       15 kelurahan di Darangdan
2026-07-01 15:04:55 [INFO]     KEC [321407] Maniis
2026-07-01 15:04:55 [INFO]       8 kelurahan di Maniis
2026-07-01 15:04:55 [INFO]     KEC [321408] Tegalwaru
2026-07-01 15:04:56 [INFO]       13 kelurahan di Tegalwaru
2026-07-01 15:04:56 [INFO]     KEC [321409] Wanayasa
2026-07-01 15:04:56 [INFO]       15 kelurahan di Wanayasa
2026-07-01 15:04:56 [INFO]     KEC [321410] Pasawahan
2026-07-01 15:04:57 [INFO]       12 kelurahan di Pasawahan
2026-07-01 15:04:57 [INFO]     KEC [321411] Bojong
2026-07-01 15:04:57 [INFO]       14 kelurahan di Bojong
2026-07-01 15:04:57 [INFO]     KEC [321412] Babakancikao
2026-07-01 15:04:58 [INFO]       9 kelurahan di Babakancikao
2026-07-01 15:04:58 [INFO]     KEC [321413] Bungursari
2026-07-01 15:04:59 [INFO]       10 kelurahan di Bungursari
2026-07-01 15:04:59 [INFO]     KEC [321414] Cibatu
2026-07-01 15:04:59 [INFO]       10 kelurahan di Cibatu
2026-07-01 15:04:59 [INFO]     KEC [321415] Sukasari
2026-07-01 15:05:00 [INFO]       5 kelurahan di Sukasari
2026-07-01 15:05:00 [INFO]     KEC [321416] Pondoksalam
2026-07-01 15:05:00 [INFO]       11 kelurahan di Pondoksalam
2026-07-01 15:05:00 [INFO]     KEC [321417] Kiarapedes
2026-07-01 15:05:01 [INFO]       10 kelurahan di Kiarapedes
2026-07-01 15:05:01 [INFO]   KAB [3215] Kabupaten Karawang
2026-07-01 15:05:02 [INFO]     KEC [321501] Karawang Barat
2026-07-01 15:05:02 [INFO]       8 kelurahan di Karawang Barat
2026-07-01 15:05:02 [INFO]     KEC [321502] Pangkalan
2026-07-01 15:05:03 [INFO]       8 kelurahan di Pangkalan
2026-07-01 15:05:03 [INFO]     KEC [321503] Telukjambe Timur
2026-07-01 15:05:03 [INFO]       9 kelurahan di Telukjambe Timur
2026-07-01 15:05:03 [INFO]     KEC [321504] Ciampel
2026-07-01 15:05:04 [INFO]       7 kelurahan di Ciampel
2026-07-01 15:05:04 [INFO]     KEC [321505] Klari
2026-07-01 15:05:04 [INFO]       13 kelurahan di Klari
2026-07-01 15:05:04 [INFO]     KEC [321506] Rengasdengklok
2026-07-01 15:05:05 [INFO]       9 kelurahan di Rengasdengklok
2026-07-01 15:05:05 [INFO]     KEC [321507] Kutawaluya
2026-07-01 15:05:06 [INFO]       12 kelurahan di Kutawaluya
2026-07-01 15:05:06 [INFO]     KEC [321508] Batujaya
2026-07-01 15:05:06 [INFO]       10 kelurahan di Batujaya
2026-07-01 15:05:06 [INFO]     KEC [321509] Tirtajaya
2026-07-01 15:05:07 [INFO]       11 kelurahan di Tirtajaya
2026-07-01 15:05:07 [INFO]     KEC [321510] Pedes
2026-07-01 15:05:07 [INFO]       12 kelurahan di Pedes
2026-07-01 15:05:07 [INFO]     KEC [321511] Cibuaya
2026-07-01 15:05:08 [INFO]       11 kelurahan di Cibuaya
2026-07-01 15:05:08 [INFO]     KEC [321512] Pakisjaya
2026-07-01 15:05:09 [INFO]       8 kelurahan di Pakisjaya
2026-07-01 15:05:09 [INFO]     KEC [321513] Cikampek
2026-07-01 15:05:09 [INFO]       10 kelurahan di Cikampek
2026-07-01 15:05:09 [INFO]     KEC [321514] Jatisari
2026-07-01 15:05:10 [INFO]       14 kelurahan di Jatisari
2026-07-01 15:05:10 [INFO]     KEC [321515] Cilamaya Wetan
2026-07-01 15:05:10 [INFO]       12 kelurahan di Cilamaya Wetan
2026-07-01 15:05:10 [INFO]     KEC [321516] Tirtamulya
2026-07-01 15:05:11 [INFO]       10 kelurahan di Tirtamulya
2026-07-01 15:05:11 [INFO]     KEC [321517] Telagasari
2026-07-01 15:05:12 [INFO]       14 kelurahan di Telagasari
2026-07-01 15:05:12 [INFO]     KEC [321518] Rawamerta
2026-07-01 15:05:12 [INFO]       13 kelurahan di Rawamerta
2026-07-01 15:05:12 [INFO]     KEC [321519] Lemahabang
2026-07-01 15:05:13 [INFO]       11 kelurahan di Lemahabang
2026-07-01 15:05:13 [INFO]     KEC [321520] Tempuran
2026-07-01 15:05:13 [INFO]       14 kelurahan di Tempuran
2026-07-01 15:05:13 [INFO]     KEC [321521] Majalaya
2026-07-01 15:05:14 [INFO]       7 kelurahan di Majalaya
2026-07-01 15:05:14 [INFO]     KEC [321522] Jayakerta
2026-07-01 15:05:15 [INFO]       8 kelurahan di Jayakerta
2026-07-01 15:05:15 [INFO]     KEC [321523] Cilamaya Kulon
2026-07-01 15:05:15 [INFO]       12 kelurahan di Cilamaya Kulon
2026-07-01 15:05:15 [INFO]     KEC [321524] Banyusari
2026-07-01 15:05:16 [INFO]       12 kelurahan di Banyusari
2026-07-01 15:05:16 [INFO]     KEC [321525] Kota Baru
2026-07-01 15:05:16 [INFO]       9 kelurahan di Kota Baru
2026-07-01 15:05:16 [INFO]     KEC [321526] Karawang Timur
2026-07-01 15:05:17 [INFO]       8 kelurahan di Karawang Timur
2026-07-01 15:05:17 [INFO]     KEC [321527] Telukjambe Barat
2026-07-01 15:05:18 [INFO]       10 kelurahan di Telukjambe Barat
2026-07-01 15:05:18 [INFO]     KEC [321528] Tegalwaru
2026-07-01 15:05:18 [INFO]       9 kelurahan di Tegalwaru
2026-07-01 15:05:18 [INFO]     KEC [321529] Purwasari
2026-07-01 15:05:19 [INFO]       8 kelurahan di Purwasari
2026-07-01 15:05:19 [INFO]     KEC [321530] Cilebar
2026-07-01 15:05:19 [INFO]       10 kelurahan di Cilebar
2026-07-01 15:05:19 [INFO]   KAB [3216] Kabupaten Bekasi
2026-07-01 15:05:20 [INFO]     KEC [321601] Tarumajaya
2026-07-01 15:05:20 [INFO]       8 kelurahan di Tarumajaya
2026-07-01 15:05:20 [INFO]     KEC [321602] Babelan
2026-07-01 15:05:21 [INFO]       9 kelurahan di Babelan
2026-07-01 15:05:21 [INFO]     KEC [321603] Sukawangi
2026-07-01 15:05:22 [INFO]       7 kelurahan di Sukawangi
2026-07-01 15:05:22 [INFO]     KEC [321604] Tambelang
2026-07-01 15:05:22 [INFO]       7 kelurahan di Tambelang
2026-07-01 15:05:22 [INFO]     KEC [321605] Tambun Utara
2026-07-01 15:05:23 [INFO]       8 kelurahan di Tambun Utara
2026-07-01 15:05:23 [INFO]     KEC [321606] Tambun Selatan
2026-07-01 15:05:23 [INFO]       10 kelurahan di Tambun Selatan
2026-07-01 15:05:23 [INFO]     KEC [321607] Cibitung
2026-07-01 15:05:24 [INFO]       7 kelurahan di Cibitung
2026-07-01 15:05:24 [INFO]     KEC [321608] Cikarang Barat
2026-07-01 15:05:24 [INFO]       11 kelurahan di Cikarang Barat
2026-07-01 15:05:24 [INFO]     KEC [321609] Cikarang Utara
2026-07-01 15:05:25 [INFO]       11 kelurahan di Cikarang Utara
2026-07-01 15:05:25 [INFO]     KEC [321610] Karang Bahagia
2026-07-01 15:05:26 [INFO]       8 kelurahan di Karang Bahagia
2026-07-01 15:05:26 [INFO]     KEC [321611] Cikarang Timur
2026-07-01 15:05:26 [INFO]       8 kelurahan di Cikarang Timur
2026-07-01 15:05:26 [INFO]     KEC [321612] Kedung Waringin
2026-07-01 15:05:27 [INFO]       7 kelurahan di Kedung Waringin
2026-07-01 15:05:27 [INFO]     KEC [321613] Pebayuran
2026-07-01 15:05:27 [INFO]       13 kelurahan di Pebayuran
2026-07-01 15:05:27 [INFO]     KEC [321614] Sukakarya
2026-07-01 15:05:28 [INFO]       7 kelurahan di Sukakarya
2026-07-01 15:05:28 [INFO]     KEC [321615] Sukatani
2026-07-01 15:05:29 [INFO]       7 kelurahan di Sukatani
2026-07-01 15:05:29 [INFO]     KEC [321616] Cabangbungin
2026-07-01 15:05:29 [INFO]       8 kelurahan di Cabangbungin
2026-07-01 15:05:29 [INFO]     KEC [321617] Muaragembong
2026-07-01 15:05:30 [INFO]       6 kelurahan di Muaragembong
2026-07-01 15:05:30 [INFO]     KEC [321618] Setu
2026-07-01 15:05:30 [INFO]       11 kelurahan di Setu
2026-07-01 15:05:30 [INFO]     KEC [321619] Cikarang Selatan
2026-07-01 15:05:31 [INFO]       7 kelurahan di Cikarang Selatan
2026-07-01 15:05:31 [INFO]     KEC [321620] Cikarang Pusat
2026-07-01 15:05:31 [INFO]       6 kelurahan di Cikarang Pusat
2026-07-01 15:05:31 [INFO]     KEC [321621] Serang Baru
2026-07-01 15:05:32 [INFO]       8 kelurahan di Serang Baru
2026-07-01 15:05:32 [INFO]     KEC [321622] Cibarusah
2026-07-01 15:05:33 [INFO]       7 kelurahan di Cibarusah
2026-07-01 15:05:33 [INFO]     KEC [321623] Bojongmangu
2026-07-01 15:05:33 [INFO]       6 kelurahan di Bojongmangu
2026-07-01 15:05:33 [INFO]   KAB [3217] Kabupaten Bandung Barat
2026-07-01 15:05:34 [INFO]     KEC [321701] Lembang
2026-07-01 15:05:34 [INFO]       16 kelurahan di Lembang
2026-07-01 15:05:34 [INFO]     KEC [321702] Parongpong
2026-07-01 15:05:35 [INFO]       7 kelurahan di Parongpong
2026-07-01 15:05:35 [INFO]     KEC [321703] Cisarua
2026-07-01 15:05:35 [INFO]       8 kelurahan di Cisarua
2026-07-01 15:05:35 [INFO]     KEC [321704] Cikalongwetan
2026-07-01 15:05:36 [INFO]       13 kelurahan di Cikalongwetan
2026-07-01 15:05:36 [INFO]     KEC [321705] Cipeundeuy
2026-07-01 15:05:37 [INFO]       12 kelurahan di Cipeundeuy
2026-07-01 15:05:37 [INFO]     KEC [321706] Ngamprah
2026-07-01 15:05:37 [INFO]       11 kelurahan di Ngamprah
2026-07-01 15:05:37 [INFO]     KEC [321707] Cipatat
2026-07-01 15:05:38 [INFO]       12 kelurahan di Cipatat
2026-07-01 15:05:38 [INFO]     KEC [321708] Padalarang
2026-07-01 15:05:38 [INFO]       10 kelurahan di Padalarang
2026-07-01 15:05:38 [INFO]     KEC [321709] Batujajar
2026-07-01 15:05:39 [INFO]       7 kelurahan di Batujajar
2026-07-01 15:05:39 [INFO]     KEC [321710] Cihampelas
2026-07-01 15:05:40 [INFO]       10 kelurahan di Cihampelas
2026-07-01 15:05:40 [INFO]     KEC [321711] Cililin
2026-07-01 15:05:40 [INFO]       11 kelurahan di Cililin
2026-07-01 15:05:40 [INFO]     KEC [321712] Cipongkor
2026-07-01 15:05:41 [INFO]       14 kelurahan di Cipongkor
2026-07-01 15:05:41 [INFO]     KEC [321713] Rongga
2026-07-01 15:05:41 [INFO]       8 kelurahan di Rongga
2026-07-01 15:05:41 [INFO]     KEC [321714] Sindangkerta
2026-07-01 15:05:42 [INFO]       11 kelurahan di Sindangkerta
2026-07-01 15:05:42 [INFO]     KEC [321715] Gununghalu
2026-07-01 15:05:43 [INFO]       9 kelurahan di Gununghalu
2026-07-01 15:05:43 [INFO]     KEC [321716] Saguling
2026-07-01 15:05:43 [INFO]       6 kelurahan di Saguling
2026-07-01 15:05:43 [INFO]   KAB [3218] Kabupaten Pangandaran
2026-07-01 15:05:44 [INFO]     KEC [321801] Parigi
2026-07-01 15:05:44 [INFO]       10 kelurahan di Parigi
2026-07-01 15:05:44 [INFO]     KEC [321802] Cijulang
2026-07-01 15:05:45 [INFO]       7 kelurahan di Cijulang
2026-07-01 15:05:45 [INFO]     KEC [321803] Cimerak
2026-07-01 15:05:46 [INFO]       11 kelurahan di Cimerak
2026-07-01 15:05:46 [INFO]     KEC [321804] Cigugur
2026-07-01 15:05:46 [INFO]       7 kelurahan di Cigugur
2026-07-01 15:05:46 [INFO]     KEC [321805] Langkaplancar
2026-07-01 15:05:47 [INFO]       15 kelurahan di Langkaplancar
2026-07-01 15:05:47 [INFO]     KEC [321806] Mangunjaya
2026-07-01 15:05:47 [INFO]       5 kelurahan di Mangunjaya
2026-07-01 15:05:47 [INFO]     KEC [321807] Padaherang
2026-07-01 15:05:48 [INFO]       14 kelurahan di Padaherang
2026-07-01 15:05:48 [INFO]     KEC [321808] Kalipucang
2026-07-01 15:05:49 [INFO]       9 kelurahan di Kalipucang
2026-07-01 15:05:49 [INFO]     KEC [321809] Pangandaran
2026-07-01 15:05:50 [INFO]       8 kelurahan di Pangandaran
2026-07-01 15:05:50 [INFO]     KEC [321810] Sidamulih
2026-07-01 15:05:50 [INFO]       7 kelurahan di Sidamulih
2026-07-01 15:05:50 [INFO]   KAB [3271] Kota Bogor
2026-07-01 15:05:51 [INFO]     KEC [327101] Bogor Selatan
2026-07-01 15:05:51 [INFO]       16 kelurahan di Bogor Selatan
2026-07-01 15:05:51 [INFO]     KEC [327102] Bogor Timur
2026-07-01 15:05:52 [INFO]       6 kelurahan di Bogor Timur
2026-07-01 15:05:52 [INFO]     KEC [327103] Bogor Tengah
2026-07-01 15:05:53 [INFO]       11 kelurahan di Bogor Tengah
2026-07-01 15:05:53 [INFO]     KEC [327104] Bogor Barat
2026-07-01 15:05:53 [INFO]       16 kelurahan di Bogor Barat
2026-07-01 15:05:53 [INFO]     KEC [327105] Bogor Utara
2026-07-01 15:05:54 [INFO]       8 kelurahan di Bogor Utara
2026-07-01 15:05:54 [INFO]     KEC [327106] Tanah Sareal
2026-07-01 15:05:54 [INFO]       11 kelurahan di Tanah Sareal
2026-07-01 15:05:54 [INFO]   KAB [3272] Kota Sukabumi
2026-07-01 15:05:55 [INFO]     KEC [327201] Gunung Puyuh
2026-07-01 15:05:56 [INFO]       4 kelurahan di Gunung Puyuh
2026-07-01 15:05:56 [INFO]     KEC [327202] Cikole
2026-07-01 15:05:56 [INFO]       6 kelurahan di Cikole
2026-07-01 15:05:56 [INFO]     KEC [327203] Citamiang
2026-07-01 15:05:57 [INFO]       5 kelurahan di Citamiang
2026-07-01 15:05:57 [INFO]     KEC [327204] Warudoyong
2026-07-01 15:05:58 [INFO]       5 kelurahan di Warudoyong
2026-07-01 15:05:58 [INFO]     KEC [327205] Baros
2026-07-01 15:05:58 [INFO]       4 kelurahan di Baros
2026-07-01 15:05:58 [INFO]     KEC [327206] Lembursitu
2026-07-01 15:05:59 [INFO]       5 kelurahan di Lembursitu
2026-07-01 15:05:59 [INFO]     KEC [327207] Cibeureum
2026-07-01 15:05:59 [INFO]       4 kelurahan di Cibeureum
2026-07-01 15:05:59 [INFO]   KAB [3273] Kota Bandung
2026-07-01 15:06:00 [INFO]     KEC [327301] Sukasari
2026-07-01 15:06:01 [INFO]       4 kelurahan di Sukasari
2026-07-01 15:06:01 [INFO]     KEC [327302] Coblong
2026-07-01 15:06:01 [INFO]       6 kelurahan di Coblong
2026-07-01 15:06:01 [INFO]     KEC [327303] Babakan Ciparay
2026-07-01 15:06:02 [INFO]       6 kelurahan di Babakan Ciparay
2026-07-01 15:06:02 [INFO]     KEC [327304] Bojongloa Kaler
2026-07-01 15:06:02 [INFO]       5 kelurahan di Bojongloa Kaler
2026-07-01 15:06:02 [INFO]     KEC [327305] Andir
2026-07-01 15:06:03 [INFO]       6 kelurahan di Andir
2026-07-01 15:06:03 [INFO]     KEC [327306] Cicendo
2026-07-01 15:06:04 [INFO]       6 kelurahan di Cicendo
2026-07-01 15:06:04 [INFO]     KEC [327307] Sukajadi
2026-07-01 15:06:04 [INFO]       5 kelurahan di Sukajadi
2026-07-01 15:06:04 [INFO]     KEC [327308] Cidadap
2026-07-01 15:06:05 [INFO]       3 kelurahan di Cidadap
2026-07-01 15:06:05 [INFO]     KEC [327309] Bandung Wetan
2026-07-01 15:06:06 [INFO]       3 kelurahan di Bandung Wetan
2026-07-01 15:06:06 [INFO]     KEC [327310] Astanaanyar
2026-07-01 15:06:06 [INFO]       6 kelurahan di Astanaanyar
2026-07-01 15:06:06 [INFO]     KEC [327311] Regol
2026-07-01 15:06:07 [INFO]       7 kelurahan di Regol
2026-07-01 15:06:07 [INFO]     KEC [327312] Batununggal
2026-07-01 15:06:08 [INFO]       8 kelurahan di Batununggal
2026-07-01 15:06:08 [INFO]     KEC [327313] Lengkong
2026-07-01 15:06:09 [INFO]       7 kelurahan di Lengkong
2026-07-01 15:06:09 [INFO]     KEC [327314] Cibeunying Kidul
2026-07-01 15:06:09 [INFO]       6 kelurahan di Cibeunying Kidul
2026-07-01 15:06:09 [INFO]     KEC [327315] Bandung Kulon
2026-07-01 15:06:10 [INFO]       8 kelurahan di Bandung Kulon
2026-07-01 15:06:10 [INFO]     KEC [327316] Kiaracondong
2026-07-01 15:06:11 [INFO]       6 kelurahan di Kiaracondong
2026-07-01 15:06:11 [INFO]     KEC [327317] Bojongloa Kidul
2026-07-01 15:06:11 [INFO]       6 kelurahan di Bojongloa Kidul
2026-07-01 15:06:11 [INFO]     KEC [327318] Cibeunying Kaler
2026-07-01 15:06:12 [INFO]       4 kelurahan di Cibeunying Kaler
2026-07-01 15:06:12 [INFO]     KEC [327319] Sumur Bandung
2026-07-01 15:06:12 [INFO]       4 kelurahan di Sumur Bandung
2026-07-01 15:06:12 [INFO]     KEC [327320] Antapani
2026-07-01 15:06:13 [INFO]       4 kelurahan di Antapani
2026-07-01 15:06:13 [INFO]     KEC [327321] Bandung Kidul
2026-07-01 15:06:13 [INFO]       4 kelurahan di Bandung Kidul
2026-07-01 15:06:13 [INFO]     KEC [327322] Buahbatu
2026-07-01 15:06:14 [INFO]       4 kelurahan di Buahbatu
2026-07-01 15:06:14 [INFO]     KEC [327323] Rancasari
2026-07-01 15:06:15 [INFO]       4 kelurahan di Rancasari
2026-07-01 15:06:15 [INFO]     KEC [327324] Arcamanik
2026-07-01 15:06:16 [INFO]       4 kelurahan di Arcamanik
2026-07-01 15:06:16 [INFO]     KEC [327325] Cibiru
2026-07-01 15:06:16 [INFO]       4 kelurahan di Cibiru
2026-07-01 15:06:16 [INFO]     KEC [327326] Ujungberung
2026-07-01 15:06:17 [INFO]       5 kelurahan di Ujungberung
2026-07-01 15:06:17 [INFO]     KEC [327327] Gedebage
2026-07-01 15:06:17 [INFO]       4 kelurahan di Gedebage
2026-07-01 15:06:17 [INFO]     KEC [327328] Panyileukan
2026-07-01 15:06:18 [INFO]       4 kelurahan di Panyileukan
2026-07-01 15:06:18 [INFO]     KEC [327329] Cinambo
2026-07-01 15:06:18 [INFO]       4 kelurahan di Cinambo
2026-07-01 15:06:18 [INFO]     KEC [327330] Mandalajati
2026-07-01 15:06:19 [INFO]       4 kelurahan di Mandalajati
2026-07-01 15:06:19 [INFO]   KAB [3274] Kota Cirebon
2026-07-01 15:06:20 [INFO]     KEC [327401] Kejaksan
2026-07-01 15:06:20 [INFO]       4 kelurahan di Kejaksan
2026-07-01 15:06:20 [INFO]     KEC [327402] Lemahwungkuk
2026-07-01 15:06:21 [INFO]       4 kelurahan di Lemahwungkuk
2026-07-01 15:06:21 [INFO]     KEC [327403] Harjamukti
2026-07-01 15:06:21 [INFO]       5 kelurahan di Harjamukti
2026-07-01 15:06:21 [INFO]     KEC [327404] Pekalipan
2026-07-01 15:06:22 [INFO]       4 kelurahan di Pekalipan
2026-07-01 15:06:22 [INFO]     KEC [327405] Kesambi
2026-07-01 15:06:22 [INFO]       5 kelurahan di Kesambi
2026-07-01 15:06:22 [INFO]   KAB [3275] Kota Bekasi
2026-07-01 15:06:23 [INFO]     KEC [327501] Bekasi Timur
2026-07-01 15:06:24 [INFO]       4 kelurahan di Bekasi Timur
2026-07-01 15:06:24 [INFO]     KEC [327502] Bekasi Barat
2026-07-01 15:06:24 [INFO]       5 kelurahan di Bekasi Barat
2026-07-01 15:06:24 [INFO]     KEC [327503] Bekasi Utara
2026-07-01 15:06:25 [INFO]       6 kelurahan di Bekasi Utara
2026-07-01 15:06:25 [INFO]     KEC [327504] Bekasi Selatan
2026-07-01 15:06:25 [INFO]       5 kelurahan di Bekasi Selatan
2026-07-01 15:06:25 [INFO]     KEC [327505] Rawalumbu
2026-07-01 15:06:26 [INFO]       4 kelurahan di Rawalumbu
2026-07-01 15:06:26 [INFO]     KEC [327506] Medansatria
2026-07-01 15:06:26 [INFO]       4 kelurahan di Medansatria
2026-07-01 15:06:26 [INFO]     KEC [327507] Bantargebang
2026-07-01 15:06:27 [INFO]       4 kelurahan di Bantargebang
2026-07-01 15:06:27 [INFO]     KEC [327508] Pondokgede
2026-07-01 15:06:28 [INFO]       5 kelurahan di Pondokgede
2026-07-01 15:06:28 [INFO]     KEC [327509] Jatiasih
2026-07-01 15:06:28 [INFO]       6 kelurahan di Jatiasih
2026-07-01 15:06:28 [INFO]     KEC [327510] Jatisampurna
2026-07-01 15:06:29 [INFO]       5 kelurahan di Jatisampurna
2026-07-01 15:06:29 [INFO]     KEC [327511] Mustikajaya
2026-07-01 15:06:29 [INFO]       4 kelurahan di Mustikajaya
2026-07-01 15:06:29 [INFO]     KEC [327512] Pondokmelati
2026-07-01 15:06:30 [INFO]       4 kelurahan di Pondokmelati
2026-07-01 15:06:30 [INFO]   KAB [3276] Kota Depok
2026-07-01 15:06:31 [INFO]     KEC [327601] Pancoran Mas
2026-07-01 15:06:31 [INFO]       6 kelurahan di Pancoran Mas
2026-07-01 15:06:31 [INFO]     KEC [327602] Cimanggis
2026-07-01 15:06:32 [INFO]       6 kelurahan di Cimanggis
2026-07-01 15:06:32 [INFO]     KEC [327603] Sawangan
2026-07-01 15:06:32 [INFO]       7 kelurahan di Sawangan
2026-07-01 15:06:32 [INFO]     KEC [327604] Limo
2026-07-01 15:06:33 [INFO]       4 kelurahan di Limo
2026-07-01 15:06:33 [INFO]     KEC [327605] Sukmajaya
2026-07-01 15:06:33 [INFO]       6 kelurahan di Sukmajaya
2026-07-01 15:06:33 [INFO]     KEC [327606] Beji
2026-07-01 15:06:34 [INFO]       6 kelurahan di Beji
2026-07-01 15:06:34 [INFO]     KEC [327607] Cipayung
2026-07-01 15:06:35 [INFO]       5 kelurahan di Cipayung
2026-07-01 15:06:35 [INFO]     KEC [327608] Cilodong
2026-07-01 15:06:35 [INFO]       5 kelurahan di Cilodong
2026-07-01 15:06:35 [INFO]     KEC [327609] Cinere
2026-07-01 15:06:36 [INFO]       4 kelurahan di Cinere
2026-07-01 15:06:36 [INFO]     KEC [327610] Tapos
2026-07-01 15:06:36 [INFO]       7 kelurahan di Tapos
2026-07-01 15:06:36 [INFO]     KEC [327611] Bojongsari
2026-07-01 15:06:37 [INFO]       7 kelurahan di Bojongsari
2026-07-01 15:06:37 [INFO]   KAB [3277] Kota Cimahi
2026-07-01 15:06:38 [INFO]     KEC [327701] Cimahi Selatan
2026-07-01 15:06:38 [INFO]       5 kelurahan di Cimahi Selatan
2026-07-01 15:06:38 [INFO]     KEC [327702] Cimahi Tengah
2026-07-01 15:06:39 [INFO]       6 kelurahan di Cimahi Tengah
2026-07-01 15:06:39 [INFO]     KEC [327703] Cimahi Utara
2026-07-01 15:06:39 [INFO]       4 kelurahan di Cimahi Utara
2026-07-01 15:06:39 [INFO]   KAB [3278] Kota Tasikmalaya
2026-07-01 15:06:41 [INFO]     KEC [327801] Cihideung
2026-07-01 15:06:42 [INFO]       6 kelurahan di Cihideung
2026-07-01 15:06:42 [INFO]     KEC [327802] Cipedes
2026-07-01 15:06:42 [INFO]       4 kelurahan di Cipedes
2026-07-01 15:06:42 [INFO]     KEC [327803] Tawang
2026-07-01 15:06:43 [INFO]       5 kelurahan di Tawang
2026-07-01 15:06:43 [INFO]     KEC [327804] Indihiang
2026-07-01 15:06:43 [INFO]       6 kelurahan di Indihiang
2026-07-01 15:06:43 [INFO]     KEC [327805] Kawalu
2026-07-01 15:06:44 [INFO]       10 kelurahan di Kawalu
2026-07-01 15:06:44 [INFO]     KEC [327806] Cibeureum
2026-07-01 15:06:45 [INFO]       9 kelurahan di Cibeureum
2026-07-01 15:06:45 [INFO]     KEC [327807] Tamansari
2026-07-01 15:06:46 [INFO]       8 kelurahan di Tamansari
2026-07-01 15:06:46 [INFO]     KEC [327808] Mangkubumi
2026-07-01 15:06:46 [INFO]       8 kelurahan di Mangkubumi
2026-07-01 15:06:46 [INFO]     KEC [327809] Bungursari
2026-07-01 15:06:47 [INFO]       7 kelurahan di Bungursari
2026-07-01 15:06:47 [INFO]     KEC [327810] Purbaratu
2026-07-01 15:06:47 [INFO]       6 kelurahan di Purbaratu
2026-07-01 15:06:47 [INFO]   KAB [3279] Kota Banjar
2026-07-01 15:06:48 [INFO]     KEC [327901] Banjar
2026-07-01 15:06:48 [INFO]       7 kelurahan di Banjar
2026-07-01 15:06:48 [INFO]     KEC [327902] Pataruman
2026-07-01 15:06:49 [INFO]       8 kelurahan di Pataruman
2026-07-01 15:06:49 [INFO]     KEC [327903] Purwaharja
2026-07-01 15:06:50 [INFO]       4 kelurahan di Purwaharja
2026-07-01 15:06:50 [INFO]     KEC [327904] Langensari
2026-07-01 15:06:50 [INFO]       6 kelurahan di Langensari
2026-07-01 15:06:50 [INFO] PROVINSI SELESAI [32] Jawa Barat
2026-07-01 15:06:50 [INFO] PROVINSI [33] Jawa Tengah
2026-07-01 15:06:51 [INFO]   KAB [3301] Kabupaten Cilacap
2026-07-01 15:06:51 [INFO]     KEC [330101] Kedungreja
2026-07-01 15:06:52 [INFO]       11 kelurahan di Kedungreja
2026-07-01 15:06:52 [INFO]     KEC [330102] Kesugihan
2026-07-01 15:06:52 [INFO]       16 kelurahan di Kesugihan
2026-07-01 15:06:52 [INFO]     KEC [330103] Adipala
2026-07-01 15:06:53 [INFO]       16 kelurahan di Adipala
2026-07-01 15:06:53 [INFO]     KEC [330104] Binangun
2026-07-01 15:06:54 [INFO]       17 kelurahan di Binangun
2026-07-01 15:06:54 [INFO]     KEC [330105] Nusawungu
2026-07-01 15:06:54 [INFO]       17 kelurahan di Nusawungu
2026-07-01 15:06:54 [INFO]     KEC [330106] Kroya
2026-07-01 15:06:55 [INFO]       17 kelurahan di Kroya
2026-07-01 15:06:55 [INFO]     KEC [330107] Maos
2026-07-01 15:06:55 [INFO]       10 kelurahan di Maos
2026-07-01 15:06:55 [INFO]     KEC [330108] Jeruklegi
2026-07-01 15:06:56 [INFO]       13 kelurahan di Jeruklegi
2026-07-01 15:06:56 [INFO]     KEC [330109] Kawunganten
2026-07-01 15:06:57 [INFO]       12 kelurahan di Kawunganten
2026-07-01 15:06:57 [INFO]     KEC [330110] Gandrungmangu
2026-07-01 15:06:57 [INFO]       14 kelurahan di Gandrungmangu
2026-07-01 15:06:57 [INFO]     KEC [330111] Sidareja
2026-07-01 15:06:58 [INFO]       10 kelurahan di Sidareja
2026-07-01 15:06:58 [INFO]     KEC [330112] Karangpucung
2026-07-01 15:06:58 [INFO]       14 kelurahan di Karangpucung
2026-07-01 15:06:58 [INFO]     KEC [330113] Cimanggu
2026-07-01 15:06:59 [INFO]       15 kelurahan di Cimanggu
2026-07-01 15:06:59 [INFO]     KEC [330114] Majenang
2026-07-01 15:07:00 [INFO]       17 kelurahan di Majenang
2026-07-01 15:07:00 [INFO]     KEC [330115] Wanareja
2026-07-01 15:07:00 [INFO]       16 kelurahan di Wanareja
2026-07-01 15:07:00 [INFO]     KEC [330116] Dayeuhluhur
2026-07-01 15:07:01 [INFO]       14 kelurahan di Dayeuhluhur
2026-07-01 15:07:01 [INFO]     KEC [330117] Sampang
2026-07-01 15:07:02 [INFO]       10 kelurahan di Sampang
2026-07-01 15:07:02 [INFO]     KEC [330118] Cipari
2026-07-01 15:07:02 [INFO]       11 kelurahan di Cipari
2026-07-01 15:07:02 [INFO]     KEC [330119] Patimuan
2026-07-01 15:07:03 [INFO]       7 kelurahan di Patimuan
2026-07-01 15:07:03 [INFO]     KEC [330120] Bantarsari
2026-07-01 15:07:03 [INFO]       8 kelurahan di Bantarsari
2026-07-01 15:07:03 [INFO]     KEC [330121] Cilacap Selatan
2026-07-01 15:07:04 [INFO]       5 kelurahan di Cilacap Selatan
2026-07-01 15:07:04 [INFO]     KEC [330122] Cilacap Tengah
2026-07-01 15:07:05 [INFO]       5 kelurahan di Cilacap Tengah
2026-07-01 15:07:05 [INFO]     KEC [330123] Cilacap Utara
2026-07-01 15:07:05 [INFO]       5 kelurahan di Cilacap Utara
2026-07-01 15:07:05 [INFO]     KEC [330124] Kampung Laut
2026-07-01 15:07:06 [INFO]       4 kelurahan di Kampung Laut
2026-07-01 15:07:06 [INFO]   KAB [3302] Kabupaten Banyumas
2026-07-01 15:07:06 [INFO]     KEC [330201] Lumbir
2026-07-01 15:07:07 [INFO]       10 kelurahan di Lumbir
2026-07-01 15:07:07 [INFO]     KEC [330202] Wangon
2026-07-01 15:07:07 [INFO]       12 kelurahan di Wangon
2026-07-01 15:07:07 [INFO]     KEC [330203] Jatilawang
2026-07-01 15:07:08 [INFO]       11 kelurahan di Jatilawang
2026-07-01 15:07:08 [INFO]     KEC [330204] Rawalo
2026-07-01 15:07:08 [INFO]       9 kelurahan di Rawalo
2026-07-01 15:07:08 [INFO]     KEC [330205] Kebasen
2026-07-01 15:07:09 [INFO]       12 kelurahan di Kebasen
2026-07-01 15:07:09 [INFO]     KEC [330206] Kemranjen
2026-07-01 15:07:10 [INFO]       15 kelurahan di Kemranjen
2026-07-01 15:07:10 [INFO]     KEC [330207] Sumpiuh
2026-07-01 15:07:10 [INFO]       14 kelurahan di Sumpiuh
2026-07-01 15:07:10 [INFO]     KEC [330208] Tambak
2026-07-01 15:07:11 [INFO]       12 kelurahan di Tambak
2026-07-01 15:07:11 [INFO]     KEC [330209] Somagede
2026-07-01 15:07:11 [INFO]       9 kelurahan di Somagede
2026-07-01 15:07:11 [INFO]     KEC [330210] Kalibagor
2026-07-01 15:07:12 [INFO]       12 kelurahan di Kalibagor
2026-07-01 15:07:12 [INFO]     KEC [330211] Banyumas
2026-07-01 15:07:12 [INFO]       12 kelurahan di Banyumas
2026-07-01 15:07:13 [INFO]     KEC [330212] Patikraja
2026-07-01 15:07:13 [INFO]       13 kelurahan di Patikraja
2026-07-01 15:07:13 [INFO]     KEC [330213] Purwojati
2026-07-01 15:07:14 [INFO]       10 kelurahan di Purwojati
2026-07-01 15:07:14 [INFO]     KEC [330214] Ajibarang
2026-07-01 15:07:14 [INFO]       15 kelurahan di Ajibarang
2026-07-01 15:07:14 [INFO]     KEC [330215] Gumelar
2026-07-01 15:07:15 [INFO]       10 kelurahan di Gumelar
2026-07-01 15:07:15 [INFO]     KEC [330216] Pekuncen
2026-07-01 15:07:15 [INFO]       16 kelurahan di Pekuncen
2026-07-01 15:07:15 [INFO]     KEC [330217] Cilongok
2026-07-01 15:07:16 [INFO]       20 kelurahan di Cilongok
2026-07-01 15:07:16 [INFO]     KEC [330218] Karanglewas
2026-07-01 15:07:17 [INFO]       13 kelurahan di Karanglewas
2026-07-01 15:07:17 [INFO]     KEC [330219] Sokaraja
2026-07-01 15:07:17 [INFO]       18 kelurahan di Sokaraja
2026-07-01 15:07:17 [INFO]     KEC [330220] Kembaran
2026-07-01 15:07:18 [INFO]       16 kelurahan di Kembaran
2026-07-01 15:07:18 [INFO]     KEC [330221] Sumbang
2026-07-01 15:07:18 [INFO]       19 kelurahan di Sumbang
2026-07-01 15:07:18 [INFO]     KEC [330222] Baturraden
2026-07-01 15:07:19 [INFO]       12 kelurahan di Baturraden
2026-07-01 15:07:19 [INFO]     KEC [330223] Kedungbanteng
2026-07-01 15:07:19 [INFO]       14 kelurahan di Kedungbanteng
2026-07-01 15:07:19 [INFO]     KEC [330224] Purwokerto Selatan
2026-07-01 15:07:20 [INFO]       7 kelurahan di Purwokerto Selatan
2026-07-01 15:07:20 [INFO]     KEC [330225] Purwokerto Barat
2026-07-01 15:07:20 [INFO]       7 kelurahan di Purwokerto Barat
2026-07-01 15:07:20 [INFO]     KEC [330226] Purwokerto Timur
2026-07-01 15:07:21 [INFO]       6 kelurahan di Purwokerto Timur
2026-07-01 15:07:21 [INFO]     KEC [330227] Purwokerto Utara
2026-07-01 15:07:22 [INFO]       7 kelurahan di Purwokerto Utara
2026-07-01 15:07:22 [INFO]   KAB [3303] Kabupaten Purbalingga
2026-07-01 15:07:23 [INFO]     KEC [330301] Kemangkon
2026-07-01 15:07:23 [INFO]       19 kelurahan di Kemangkon
2026-07-01 15:07:23 [INFO]     KEC [330302] Bukateja
2026-07-01 15:07:24 [INFO]       14 kelurahan di Bukateja
2026-07-01 15:07:24 [INFO]     KEC [330303] Kejobong
2026-07-01 15:07:25 [INFO]       13 kelurahan di Kejobong
2026-07-01 15:07:25 [INFO]     KEC [330304] Kaligondang
2026-07-01 15:07:25 [INFO]       18 kelurahan di Kaligondang
2026-07-01 15:07:25 [INFO]     KEC [330305] Purbalingga
2026-07-01 15:07:26 [INFO]       13 kelurahan di Purbalingga
2026-07-01 15:07:26 [INFO]     KEC [330306] Kalimanah
2026-07-01 15:07:26 [INFO]       17 kelurahan di Kalimanah
2026-07-01 15:07:26 [INFO]     KEC [330307] Kutasari
2026-07-01 15:07:27 [INFO]       14 kelurahan di Kutasari
2026-07-01 15:07:27 [INFO]     KEC [330308] Mrebet
2026-07-01 15:07:27 [INFO]       19 kelurahan di Mrebet
2026-07-01 15:07:27 [INFO]     KEC [330309] Bobotsari
2026-07-01 15:07:28 [INFO]       16 kelurahan di Bobotsari
2026-07-01 15:07:28 [INFO]     KEC [330310] Karangreja
2026-07-01 15:07:29 [INFO]       7 kelurahan di Karangreja
2026-07-01 15:07:29 [INFO]     KEC [330311] Karanganyar
2026-07-01 15:07:29 [INFO]       13 kelurahan di Karanganyar
2026-07-01 15:07:29 [INFO]     KEC [330312] Karangmoncol
2026-07-01 15:07:30 [INFO]       11 kelurahan di Karangmoncol
2026-07-01 15:07:30 [INFO]     KEC [330313] Rembang
2026-07-01 15:07:30 [INFO]       12 kelurahan di Rembang
2026-07-01 15:07:30 [INFO]     KEC [330314] Bojongsari
2026-07-01 15:07:31 [INFO]       13 kelurahan di Bojongsari
2026-07-01 15:07:31 [INFO]     KEC [330315] Padamara
2026-07-01 15:07:32 [INFO]       14 kelurahan di Padamara
2026-07-01 15:07:32 [INFO]     KEC [330316] Pengadegan
2026-07-01 15:07:32 [INFO]       9 kelurahan di Pengadegan
2026-07-01 15:07:32 [INFO]     KEC [330317] Karangjambu
2026-07-01 15:07:33 [INFO]       6 kelurahan di Karangjambu
2026-07-01 15:07:33 [INFO]     KEC [330318] Kertanegara
2026-07-01 15:07:33 [INFO]       11 kelurahan di Kertanegara
2026-07-01 15:07:33 [INFO]   KAB [3304] Kabupaten Banjarnegara
2026-07-01 15:07:34 [INFO]     KEC [330401] Susukan
2026-07-01 15:07:34 [INFO]       15 kelurahan di Susukan
2026-07-01 15:07:34 [INFO]     KEC [330402] Purworeja Klampok
2026-07-01 15:07:35 [INFO]       8 kelurahan di Purworeja Klampok
2026-07-01 15:07:35 [INFO]     KEC [330403] Mandiraja
2026-07-01 15:07:35 [INFO]       16 kelurahan di Mandiraja
2026-07-01 15:07:35 [INFO]     KEC [330404] Purwanegara
2026-07-01 15:07:36 [INFO]       13 kelurahan di Purwanegara
2026-07-01 15:07:36 [INFO]     KEC [330405] Bawang
2026-07-01 15:07:37 [INFO]       18 kelurahan di Bawang
2026-07-01 15:07:37 [INFO]     KEC [330406] Banjarnegara
2026-07-01 15:07:37 [INFO]       13 kelurahan di Banjarnegara
2026-07-01 15:07:37 [INFO]     KEC [330407] Sigaluh
2026-07-01 15:07:38 [INFO]       15 kelurahan di Sigaluh
2026-07-01 15:07:38 [INFO]     KEC [330408] Madukara
2026-07-01 15:07:38 [INFO]       20 kelurahan di Madukara
2026-07-01 15:07:38 [INFO]     KEC [330409] Banjarmangu
2026-07-01 15:07:39 [INFO]       17 kelurahan di Banjarmangu
2026-07-01 15:07:39 [INFO]     KEC [330410] Wanadadi
2026-07-01 15:07:40 [INFO]       11 kelurahan di Wanadadi
2026-07-01 15:07:40 [INFO]     KEC [330411] Rakit
2026-07-01 15:07:40 [INFO]       11 kelurahan di Rakit
2026-07-01 15:07:40 [INFO]     KEC [330412] Punggelan
2026-07-01 15:07:41 [INFO]       17 kelurahan di Punggelan
2026-07-01 15:07:41 [INFO]     KEC [330413] Karangkobar
2026-07-01 15:07:41 [INFO]       13 kelurahan di Karangkobar
2026-07-01 15:07:41 [INFO]     KEC [330414] Pagentan
2026-07-01 15:07:42 [INFO]       16 kelurahan di Pagentan
2026-07-01 15:07:42 [INFO]     KEC [330415] Pejawaran
2026-07-01 15:07:42 [INFO]       17 kelurahan di Pejawaran
2026-07-01 15:07:42 [INFO]     KEC [330416] Batur
2026-07-01 15:07:43 [INFO]       8 kelurahan di Batur
2026-07-01 15:07:43 [INFO]     KEC [330417] Wanayasa
2026-07-01 15:07:44 [INFO]       17 kelurahan di Wanayasa
2026-07-01 15:07:44 [INFO]     KEC [330418] Kalibening
2026-07-01 15:07:44 [INFO]       16 kelurahan di Kalibening
2026-07-01 15:07:44 [INFO]     KEC [330419] Pandanarum
2026-07-01 15:07:45 [INFO]       8 kelurahan di Pandanarum
2026-07-01 15:07:45 [INFO]     KEC [330420] Pagedongan
2026-07-01 15:07:45 [INFO]       9 kelurahan di Pagedongan
2026-07-01 15:07:45 [INFO]   KAB [3305] Kabupaten Kebumen
2026-07-01 15:07:46 [INFO]     KEC [330501] Ayah
2026-07-01 15:07:46 [INFO]       18 kelurahan di Ayah
2026-07-01 15:07:46 [INFO]     KEC [330502] Buayan
2026-07-01 15:07:47 [INFO]       20 kelurahan di Buayan
2026-07-01 15:07:47 [INFO]     KEC [330503] Puring
2026-07-01 15:07:48 [INFO]       23 kelurahan di Puring
2026-07-01 15:07:48 [INFO]     KEC [330504] Petanahan
2026-07-01 15:07:48 [INFO]       21 kelurahan di Petanahan
2026-07-01 15:07:48 [INFO]     KEC [330505] Klirong
2026-07-01 15:07:49 [INFO]       24 kelurahan di Klirong
2026-07-01 15:07:49 [INFO]     KEC [330506] Buluspesantren
2026-07-01 15:07:49 [INFO]       21 kelurahan di Buluspesantren
2026-07-01 15:07:49 [INFO]     KEC [330507] Ambal
2026-07-01 15:07:50 [INFO]       32 kelurahan di Ambal
2026-07-01 15:07:50 [INFO]     KEC [330508] Mirit
2026-07-01 15:07:50 [INFO]       22 kelurahan di Mirit
2026-07-01 15:07:50 [INFO]     KEC [330509] Prembun
2026-07-01 15:07:51 [INFO]       13 kelurahan di Prembun
2026-07-01 15:07:51 [INFO]     KEC [330510] Kutowinangun
2026-07-01 15:07:51 [INFO]       19 kelurahan di Kutowinangun
2026-07-01 15:07:51 [INFO]     KEC [330511] Alian
2026-07-01 15:07:52 [INFO]       16 kelurahan di Alian
2026-07-01 15:07:52 [INFO]     KEC [330512] Kebumen
2026-07-01 15:07:53 [INFO]       29 kelurahan di Kebumen
2026-07-01 15:07:53 [INFO]     KEC [330513] Pejagoan
2026-07-01 15:07:53 [INFO]       13 kelurahan di Pejagoan
2026-07-01 15:07:53 [INFO]     KEC [330514] Sruweng
2026-07-01 15:07:54 [INFO]       21 kelurahan di Sruweng
2026-07-01 15:07:54 [INFO]     KEC [330515] Adimulyo
2026-07-01 15:07:54 [INFO]       23 kelurahan di Adimulyo
2026-07-01 15:07:54 [INFO]     KEC [330516] Kuwarasan
2026-07-01 15:07:55 [INFO]       22 kelurahan di Kuwarasan
2026-07-01 15:07:55 [INFO]     KEC [330517] Rowokele
2026-07-01 15:07:55 [INFO]       11 kelurahan di Rowokele
2026-07-01 15:07:56 [INFO]     KEC [330518] Sempor
2026-07-01 15:07:56 [INFO]       16 kelurahan di Sempor
2026-07-01 15:07:56 [INFO]     KEC [330519] Gombong
2026-07-01 15:07:57 [INFO]       14 kelurahan di Gombong
2026-07-01 15:07:57 [INFO]     KEC [330520] Karanganyar
2026-07-01 15:07:57 [INFO]       11 kelurahan di Karanganyar
2026-07-01 15:07:57 [INFO]     KEC [330521] Karanggayam
2026-07-01 15:07:58 [INFO]       19 kelurahan di Karanggayam
2026-07-01 15:07:58 [INFO]     KEC [330522] Sadang
2026-07-01 15:07:58 [INFO]       7 kelurahan di Sadang
2026-07-01 15:07:58 [INFO]     KEC [330523] Bonorowo
2026-07-01 15:07:59 [INFO]       11 kelurahan di Bonorowo
2026-07-01 15:07:59 [INFO]     KEC [330524] Padureso
2026-07-01 15:07:59 [INFO]       9 kelurahan di Padureso
2026-07-01 15:07:59 [INFO]     KEC [330525] Poncowarno
2026-07-01 15:08:00 [INFO]       11 kelurahan di Poncowarno
2026-07-01 15:08:00 [INFO]     KEC [330526] Karangsambung
2026-07-01 15:08:01 [INFO]       14 kelurahan di Karangsambung
2026-07-01 15:08:01 [INFO]   KAB [3306] Kabupaten Purworejo
2026-07-01 15:08:01 [INFO]     KEC [330601] Grabag
2026-07-01 15:08:02 [INFO]       32 kelurahan di Grabag
2026-07-01 15:08:02 [INFO]     KEC [330602] Ngombol
2026-07-01 15:08:02 [INFO]       57 kelurahan di Ngombol
2026-07-01 15:08:02 [INFO]     KEC [330603] Purwodadi
2026-07-01 15:08:03 [INFO]       40 kelurahan di Purwodadi
2026-07-01 15:08:03 [INFO]     KEC [330604] Bagelen
2026-07-01 15:08:04 [INFO]       17 kelurahan di Bagelen
2026-07-01 15:08:04 [INFO]     KEC [330605] Kaligesing
2026-07-01 15:08:04 [INFO]       21 kelurahan di Kaligesing
2026-07-01 15:08:04 [INFO]     KEC [330606] Purworejo
2026-07-01 15:08:05 [INFO]       25 kelurahan di Purworejo
2026-07-01 15:08:05 [INFO]     KEC [330607] Banyuurip
2026-07-01 15:08:05 [INFO]       27 kelurahan di Banyuurip
2026-07-01 15:08:05 [INFO]     KEC [330608] Bayan
2026-07-01 15:08:06 [INFO]       26 kelurahan di Bayan
2026-07-01 15:08:06 [INFO]     KEC [330609] Kutoarjo
2026-07-01 15:08:06 [INFO]       27 kelurahan di Kutoarjo
2026-07-01 15:08:06 [INFO]     KEC [330610] Butuh
2026-07-01 15:08:07 [INFO]       41 kelurahan di Butuh
2026-07-01 15:08:07 [INFO]     KEC [330611] Pituruh
2026-07-01 15:08:08 [INFO]       49 kelurahan di Pituruh
2026-07-01 15:08:08 [INFO]     KEC [330612] Kemiri
2026-07-01 15:08:08 [INFO]       40 kelurahan di Kemiri
2026-07-01 15:08:08 [INFO]     KEC [330613] Bruno
2026-07-01 15:08:09 [INFO]       18 kelurahan di Bruno
2026-07-01 15:08:09 [INFO]     KEC [330614] Gebang
2026-07-01 15:08:09 [INFO]       25 kelurahan di Gebang
2026-07-01 15:08:09 [INFO]     KEC [330615] Loano
2026-07-01 15:08:10 [INFO]       21 kelurahan di Loano
2026-07-01 15:08:10 [INFO]     KEC [330616] Bener
2026-07-01 15:08:10 [INFO]       28 kelurahan di Bener
2026-07-01 15:08:11 [INFO]   KAB [3307] Kabupaten Wonosobo
2026-07-01 15:08:11 [INFO]     KEC [330701] Wadaslintang
2026-07-01 15:08:12 [INFO]       17 kelurahan di Wadaslintang
2026-07-01 15:08:12 [INFO]     KEC [330702] Kepil
2026-07-01 15:08:12 [INFO]       21 kelurahan di Kepil
2026-07-01 15:08:12 [INFO]     KEC [330703] Sapuran
2026-07-01 15:08:13 [INFO]       17 kelurahan di Sapuran
2026-07-01 15:08:13 [INFO]     KEC [330704] Kaliwiro
2026-07-01 15:08:13 [INFO]       21 kelurahan di Kaliwiro
2026-07-01 15:08:13 [INFO]     KEC [330705] Leksono
2026-07-01 15:08:14 [INFO]       14 kelurahan di Leksono
2026-07-01 15:08:14 [INFO]     KEC [330706] Selomerto
2026-07-01 15:08:15 [INFO]       24 kelurahan di Selomerto
2026-07-01 15:08:15 [INFO]     KEC [330707] Kalikajar
2026-07-01 15:08:15 [INFO]       19 kelurahan di Kalikajar
2026-07-01 15:08:15 [INFO]     KEC [330708] Kertek
2026-07-01 15:08:16 [INFO]       21 kelurahan di Kertek
2026-07-01 15:08:16 [INFO]     KEC [330709] Wonosobo
2026-07-01 15:08:16 [INFO]       20 kelurahan di Wonosobo
2026-07-01 15:08:16 [INFO]     KEC [330710] Watumalang
2026-07-01 15:08:17 [INFO]       16 kelurahan di Watumalang
2026-07-01 15:08:17 [INFO]     KEC [330711] Mojotengah
2026-07-01 15:08:18 [INFO]       19 kelurahan di Mojotengah
2026-07-01 15:08:18 [INFO]     KEC [330712] Garung
2026-07-01 15:08:18 [INFO]       15 kelurahan di Garung
2026-07-01 15:08:18 [INFO]     KEC [330713] Kejajar
2026-07-01 15:08:19 [INFO]       16 kelurahan di Kejajar
2026-07-01 15:08:19 [INFO]     KEC [330714] Sukoharjo
2026-07-01 15:08:19 [INFO]       17 kelurahan di Sukoharjo
2026-07-01 15:08:19 [INFO]     KEC [330715] Kalibawang
2026-07-01 15:08:20 [INFO]       8 kelurahan di Kalibawang
2026-07-01 15:08:20 [INFO]   KAB [3308] Kabupaten Magelang
2026-07-01 15:08:21 [INFO]     KEC [330801] Salaman
2026-07-01 15:08:21 [INFO]       20 kelurahan di Salaman
2026-07-01 15:08:21 [INFO]     KEC [330802] Borobudur
2026-07-01 15:08:22 [INFO]       20 kelurahan di Borobudur
2026-07-01 15:08:22 [INFO]     KEC [330803] Ngluwar
2026-07-01 15:08:22 [INFO]       8 kelurahan di Ngluwar
2026-07-01 15:08:22 [INFO]     KEC [330804] Salam
2026-07-01 15:08:23 [INFO]       12 kelurahan di Salam
2026-07-01 15:08:23 [INFO]     KEC [330805] Srumbung
2026-07-01 15:08:23 [INFO]       17 kelurahan di Srumbung
2026-07-01 15:08:23 [INFO]     KEC [330806] Dukun
2026-07-01 15:08:24 [INFO]       15 kelurahan di Dukun
2026-07-01 15:08:24 [INFO]     KEC [330807] Sawangan
2026-07-01 15:08:25 [INFO]       15 kelurahan di Sawangan
2026-07-01 15:08:25 [INFO]     KEC [330808] Muntilan
2026-07-01 15:08:25 [INFO]       14 kelurahan di Muntilan
2026-07-01 15:08:25 [INFO]     KEC [330809] Mungkid
2026-07-01 15:08:26 [INFO]       16 kelurahan di Mungkid
2026-07-01 15:08:26 [INFO]     KEC [330810] Mertoyudan
2026-07-01 15:08:26 [INFO]       13 kelurahan di Mertoyudan
2026-07-01 15:08:26 [INFO]     KEC [330811] Tempuran
2026-07-01 15:08:27 [INFO]       15 kelurahan di Tempuran
2026-07-01 15:08:27 [INFO]     KEC [330812] Kajoran
2026-07-01 15:08:27 [INFO]       29 kelurahan di Kajoran
2026-07-01 15:08:27 [INFO]     KEC [330813] Kaliangkrik
2026-07-01 15:08:28 [INFO]       20 kelurahan di Kaliangkrik
2026-07-01 15:08:28 [INFO]     KEC [330814] Bandongan
2026-07-01 15:08:29 [INFO]       14 kelurahan di Bandongan
2026-07-01 15:08:29 [INFO]     KEC [330815] Candimulyo
2026-07-01 15:08:29 [INFO]       19 kelurahan di Candimulyo
2026-07-01 15:08:29 [INFO]     KEC [330816] Pakis
2026-07-01 15:08:30 [INFO]       20 kelurahan di Pakis
2026-07-01 15:08:30 [INFO]     KEC [330817] Ngablak
2026-07-01 15:08:30 [INFO]       16 kelurahan di Ngablak
2026-07-01 15:08:30 [INFO]     KEC [330818] Grabag
2026-07-01 15:08:31 [INFO]       28 kelurahan di Grabag
2026-07-01 15:08:31 [INFO]     KEC [330819] Tegalrejo
2026-07-01 15:08:32 [INFO]       21 kelurahan di Tegalrejo
2026-07-01 15:08:32 [INFO]     KEC [330820] Secang
2026-07-01 15:08:32 [INFO]       20 kelurahan di Secang
2026-07-01 15:08:32 [INFO]     KEC [330821] Windusari
2026-07-01 15:08:33 [INFO]       20 kelurahan di Windusari
2026-07-01 15:08:33 [INFO]   KAB [3309] Kabupaten Boyolali
2026-07-01 15:08:33 [INFO]     KEC [330901] Selo
2026-07-01 15:08:34 [INFO]       10 kelurahan di Selo
2026-07-01 15:08:34 [INFO]     KEC [330902] Ampel
2026-07-01 15:08:35 [INFO]       10 kelurahan di Ampel
2026-07-01 15:08:35 [INFO]     KEC [330903] Cepogo
2026-07-01 15:08:35 [INFO]       15 kelurahan di Cepogo
2026-07-01 15:08:35 [INFO]     KEC [330904] Musuk
2026-07-01 15:08:36 [INFO]       10 kelurahan di Musuk
2026-07-01 15:08:36 [INFO]     KEC [330905] Boyolali
2026-07-01 15:08:36 [INFO]       9 kelurahan di Boyolali
2026-07-01 15:08:36 [INFO]     KEC [330906] Mojosongo
2026-07-01 15:08:37 [INFO]       13 kelurahan di Mojosongo
2026-07-01 15:08:37 [INFO]     KEC [330907] Teras
2026-07-01 15:08:37 [INFO]       13 kelurahan di Teras
2026-07-01 15:08:37 [INFO]     KEC [330908] Sawit
2026-07-01 15:08:38 [INFO]       12 kelurahan di Sawit
2026-07-01 15:08:38 [INFO]     KEC [330909] Banyudono
2026-07-01 15:08:39 [INFO]       15 kelurahan di Banyudono
2026-07-01 15:08:39 [INFO]     KEC [330910] Sambi
2026-07-01 15:08:39 [INFO]       16 kelurahan di Sambi
2026-07-01 15:08:39 [INFO]     KEC [330911] Ngemplak
2026-07-01 15:08:40 [INFO]       12 kelurahan di Ngemplak
2026-07-01 15:08:40 [INFO]     KEC [330912] Nogosari
2026-07-01 15:08:40 [INFO]       13 kelurahan di Nogosari
2026-07-01 15:08:40 [INFO]     KEC [330913] Simo
2026-07-01 15:08:41 [INFO]       13 kelurahan di Simo
2026-07-01 15:08:41 [INFO]     KEC [330914] Karanggede
2026-07-01 15:08:42 [INFO]       16 kelurahan di Karanggede
2026-07-01 15:08:42 [INFO]     KEC [330915] Klego
2026-07-01 15:08:42 [INFO]       13 kelurahan di Klego
2026-07-01 15:08:42 [INFO]     KEC [330916] Andong
2026-07-01 15:08:43 [INFO]       16 kelurahan di Andong
2026-07-01 15:08:43 [INFO]     KEC [330917] Kemusu
2026-07-01 15:08:43 [INFO]       10 kelurahan di Kemusu
2026-07-01 15:08:43 [INFO]     KEC [330918] Wonosegoro
2026-07-01 15:08:44 [INFO]       11 kelurahan di Wonosegoro
2026-07-01 15:08:44 [INFO]     KEC [330919] Juwangi
2026-07-01 15:08:45 [INFO]       10 kelurahan di Juwangi
2026-07-01 15:08:45 [INFO]     KEC [330920] Gladagsari
2026-07-01 15:08:45 [INFO]       10 kelurahan di Gladagsari
2026-07-01 15:08:45 [INFO]     KEC [330921] Tamansari
2026-07-01 15:08:46 [INFO]       10 kelurahan di Tamansari
2026-07-01 15:08:46 [INFO]     KEC [330922] Wonosamodro
2026-07-01 15:08:46 [INFO]       10 kelurahan di Wonosamodro
2026-07-01 15:08:46 [INFO]   KAB [3310] Kabupaten Klaten
2026-07-01 15:08:47 [INFO]     KEC [331001] Prambanan
2026-07-01 15:08:48 [INFO]       16 kelurahan di Prambanan
2026-07-01 15:08:48 [INFO]     KEC [331002] Gantiwarno
2026-07-01 15:08:48 [INFO]       16 kelurahan di Gantiwarno
2026-07-01 15:08:48 [INFO]     KEC [331003] Wedi
2026-07-01 15:08:49 [INFO]       19 kelurahan di Wedi
2026-07-01 15:08:49 [INFO]     KEC [331004] Bayat
2026-07-01 15:08:49 [INFO]       18 kelurahan di Bayat
2026-07-01 15:08:49 [INFO]     KEC [331005] Cawas
2026-07-01 15:08:50 [INFO]       20 kelurahan di Cawas
2026-07-01 15:08:50 [INFO]     KEC [331006] Trucuk
2026-07-01 15:08:50 [INFO]       18 kelurahan di Trucuk
2026-07-01 15:08:50 [INFO]     KEC [331007] Kebonarum
2026-07-01 15:08:51 [INFO]       7 kelurahan di Kebonarum
2026-07-01 15:08:51 [INFO]     KEC [331008] Jogonalan
2026-07-01 15:08:52 [INFO]       18 kelurahan di Jogonalan
2026-07-01 15:08:52 [INFO]     KEC [331009] Manisrenggo
2026-07-01 15:08:52 [INFO]       16 kelurahan di Manisrenggo
2026-07-01 15:08:52 [INFO]     KEC [331010] Karangnongko
2026-07-01 15:08:53 [INFO]       14 kelurahan di Karangnongko
2026-07-01 15:08:53 [INFO]     KEC [331011] Ceper
2026-07-01 15:08:53 [INFO]       18 kelurahan di Ceper
2026-07-01 15:08:53 [INFO]     KEC [331012] Pedan
2026-07-01 15:08:54 [INFO]       14 kelurahan di Pedan
2026-07-01 15:08:54 [INFO]     KEC [331013] Karangdowo
2026-07-01 15:08:55 [INFO]       19 kelurahan di Karangdowo
2026-07-01 15:08:55 [INFO]     KEC [331014] Juwiring
2026-07-01 15:08:55 [INFO]       19 kelurahan di Juwiring
2026-07-01 15:08:55 [INFO]     KEC [331015] Wonosari
2026-07-01 15:08:56 [INFO]       18 kelurahan di Wonosari
2026-07-01 15:08:56 [INFO]     KEC [331016] Delanggu
2026-07-01 15:08:56 [INFO]       16 kelurahan di Delanggu
2026-07-01 15:08:56 [INFO]     KEC [331017] Polanharjo
2026-07-01 15:08:57 [INFO]       18 kelurahan di Polanharjo
2026-07-01 15:08:57 [INFO]     KEC [331018] Karanganom
2026-07-01 15:08:57 [INFO]       19 kelurahan di Karanganom
2026-07-01 15:08:57 [INFO]     KEC [331019] Tulung
2026-07-01 15:08:58 [INFO]       18 kelurahan di Tulung
2026-07-01 15:08:58 [INFO]     KEC [331020] Jatinom
2026-07-01 15:08:59 [INFO]       18 kelurahan di Jatinom
2026-07-01 15:08:59 [INFO]     KEC [331021] Kemalang
2026-07-01 15:08:59 [INFO]       13 kelurahan di Kemalang
2026-07-01 15:08:59 [INFO]     KEC [331022] Ngawen
2026-07-01 15:09:00 [INFO]       13 kelurahan di Ngawen
2026-07-01 15:09:00 [INFO]     KEC [331023] Kalikotes
2026-07-01 15:09:00 [INFO]       7 kelurahan di Kalikotes
2026-07-01 15:09:00 [INFO]     KEC [331024] Klaten Utara
2026-07-01 15:09:01 [INFO]       8 kelurahan di Klaten Utara
2026-07-01 15:09:01 [INFO]     KEC [331025] Klaten Tengah
2026-07-01 15:09:02 [INFO]       9 kelurahan di Klaten Tengah
2026-07-01 15:09:02 [INFO]     KEC [331026] Klaten Selatan
2026-07-01 15:09:02 [INFO]       12 kelurahan di Klaten Selatan
2026-07-01 15:09:02 [INFO]   KAB [3311] Kabupaten Sukoharjo
2026-07-01 15:09:03 [INFO]     KEC [331101] Weru
2026-07-01 15:09:03 [INFO]       13 kelurahan di Weru
2026-07-01 15:09:03 [INFO]     KEC [331102] Bulu
2026-07-01 15:09:04 [INFO]       12 kelurahan di Bulu
2026-07-01 15:09:04 [INFO]     KEC [331103] Tawangsari
2026-07-01 15:09:05 [INFO]       12 kelurahan di Tawangsari
2026-07-01 15:09:05 [INFO]     KEC [331104] Sukoharjo
2026-07-01 15:09:05 [INFO]       14 kelurahan di Sukoharjo
2026-07-01 15:09:05 [INFO]     KEC [331105] Nguter
2026-07-01 15:09:06 [INFO]       16 kelurahan di Nguter
2026-07-01 15:09:06 [INFO]     KEC [331106] Bendosari
2026-07-01 15:09:07 [INFO]       14 kelurahan di Bendosari
2026-07-01 15:09:07 [INFO]     KEC [331107] Polokarto
2026-07-01 15:09:07 [INFO]       17 kelurahan di Polokarto
2026-07-01 15:09:07 [INFO]     KEC [331108] Mojolaban
2026-07-01 15:09:08 [INFO]       15 kelurahan di Mojolaban
2026-07-01 15:09:08 [INFO]     KEC [331109] Grogol
2026-07-01 15:09:08 [INFO]       14 kelurahan di Grogol
2026-07-01 15:09:08 [INFO]     KEC [331110] Baki
2026-07-01 15:09:09 [INFO]       14 kelurahan di Baki
2026-07-01 15:09:09 [INFO]     KEC [331111] Gatak
2026-07-01 15:09:10 [INFO]       14 kelurahan di Gatak
2026-07-01 15:09:10 [INFO]     KEC [331112] Kartasura
2026-07-01 15:09:10 [INFO]       12 kelurahan di Kartasura
2026-07-01 15:09:10 [INFO]   KAB [3312] Kabupaten Wonogiri
2026-07-01 15:09:11 [INFO]     KEC [331201] Pracimantoro
2026-07-01 15:09:11 [INFO]       18 kelurahan di Pracimantoro
2026-07-01 15:09:11 [INFO]     KEC [331202] Giritontro
2026-07-01 15:09:12 [INFO]       7 kelurahan di Giritontro
2026-07-01 15:09:12 [INFO]     KEC [331203] Giriwoyo
2026-07-01 15:09:12 [INFO]       16 kelurahan di Giriwoyo
2026-07-01 15:09:12 [INFO]     KEC [331204] Batuwarno
2026-07-01 15:09:13 [INFO]       8 kelurahan di Batuwarno
2026-07-01 15:09:13 [INFO]     KEC [331205] Tirtomoyo
2026-07-01 15:09:13 [INFO]       14 kelurahan di Tirtomoyo
2026-07-01 15:09:14 [INFO]     KEC [331206] Nguntoronadi
2026-07-01 15:09:14 [INFO]       11 kelurahan di Nguntoronadi
2026-07-01 15:09:14 [INFO]     KEC [331207] Baturetno
2026-07-01 15:09:15 [INFO]       13 kelurahan di Baturetno
2026-07-01 15:09:15 [INFO]     KEC [331208] Eromoko
2026-07-01 15:09:15 [INFO]       15 kelurahan di Eromoko
2026-07-01 15:09:15 [INFO]     KEC [331209] Wuryantoro
2026-07-01 15:09:16 [INFO]       8 kelurahan di Wuryantoro
2026-07-01 15:09:16 [INFO]     KEC [331210] Manyaran
2026-07-01 15:09:16 [INFO]       7 kelurahan di Manyaran
2026-07-01 15:09:16 [INFO]     KEC [331211] Selogiri
2026-07-01 15:09:17 [INFO]       11 kelurahan di Selogiri
2026-07-01 15:09:17 [INFO]     KEC [331212] Wonogiri
2026-07-01 15:09:17 [INFO]       15 kelurahan di Wonogiri
2026-07-01 15:09:17 [INFO]     KEC [331213] Ngadirojo
2026-07-01 15:09:18 [INFO]       11 kelurahan di Ngadirojo
2026-07-01 15:09:18 [INFO]     KEC [331214] Sidoharjo
2026-07-01 15:09:19 [INFO]       12 kelurahan di Sidoharjo
2026-07-01 15:09:19 [INFO]     KEC [331215] Jatiroto
2026-07-01 15:09:19 [INFO]       15 kelurahan di Jatiroto
2026-07-01 15:09:19 [INFO]     KEC [331216] Kismantoro
2026-07-01 15:09:20 [INFO]       10 kelurahan di Kismantoro
2026-07-01 15:09:20 [INFO]     KEC [331217] Purwantoro
2026-07-01 15:09:20 [INFO]       15 kelurahan di Purwantoro
2026-07-01 15:09:20 [INFO]     KEC [331218] Bulukerto
2026-07-01 15:09:21 [INFO]       10 kelurahan di Bulukerto
2026-07-01 15:09:21 [INFO]     KEC [331219] Slogohimo
2026-07-01 15:09:21 [INFO]       17 kelurahan di Slogohimo
2026-07-01 15:09:21 [INFO]     KEC [331220] Jatisrono
2026-07-01 15:09:22 [INFO]       17 kelurahan di Jatisrono
2026-07-01 15:09:22 [INFO]     KEC [331221] Jatipurno
2026-07-01 15:09:22 [INFO]       11 kelurahan di Jatipurno
2026-07-01 15:09:22 [INFO]     KEC [331222] Girimarto
2026-07-01 15:09:23 [INFO]       14 kelurahan di Girimarto
2026-07-01 15:09:23 [INFO]     KEC [331223] Karangtengah
2026-07-01 15:09:24 [INFO]       5 kelurahan di Karangtengah
2026-07-01 15:09:24 [INFO]     KEC [331224] Paranggupito
2026-07-01 15:09:24 [INFO]       8 kelurahan di Paranggupito
2026-07-01 15:09:24 [INFO]     KEC [331225] Puhpelem
2026-07-01 15:09:25 [INFO]       6 kelurahan di Puhpelem
2026-07-01 15:09:25 [INFO]   KAB [3313] Kabupaten Karanganyar
2026-07-01 15:09:25 [INFO]     KEC [331301] Jatipuro
2026-07-01 15:09:26 [INFO]       10 kelurahan di Jatipuro
2026-07-01 15:09:26 [INFO]     KEC [331302] Jatiyoso
2026-07-01 15:09:26 [INFO]       9 kelurahan di Jatiyoso
2026-07-01 15:09:26 [INFO]     KEC [331303] Jumapolo
2026-07-01 15:09:27 [INFO]       12 kelurahan di Jumapolo
2026-07-01 15:09:27 [INFO]     KEC [331304] Jumantono
2026-07-01 15:09:28 [INFO]       11 kelurahan di Jumantono
2026-07-01 15:09:28 [INFO]     KEC [331305] Matesih
2026-07-01 15:09:28 [INFO]       9 kelurahan di Matesih
2026-07-01 15:09:28 [INFO]     KEC [331306] Tawangmangu
2026-07-01 15:09:29 [INFO]       10 kelurahan di Tawangmangu
2026-07-01 15:09:29 [INFO]     KEC [331307] Ngargoyoso
2026-07-01 15:09:29 [INFO]       9 kelurahan di Ngargoyoso
2026-07-01 15:09:29 [INFO]     KEC [331308] Karangpandan
2026-07-01 15:09:30 [INFO]       11 kelurahan di Karangpandan
2026-07-01 15:09:30 [INFO]     KEC [331309] Karanganyar
2026-07-01 15:09:30 [INFO]       12 kelurahan di Karanganyar
2026-07-01 15:09:30 [INFO]     KEC [331310] Tasikmadu
2026-07-01 15:09:31 [INFO]       10 kelurahan di Tasikmadu
2026-07-01 15:09:31 [INFO]     KEC [331311] Jaten
2026-07-01 15:09:32 [INFO]       8 kelurahan di Jaten
2026-07-01 15:09:32 [INFO]     KEC [331312] Colomadu
2026-07-01 15:09:32 [INFO]       11 kelurahan di Colomadu
2026-07-01 15:09:32 [INFO]     KEC [331313] Gondangrejo
2026-07-01 15:09:33 [INFO]       13 kelurahan di Gondangrejo
2026-07-01 15:09:33 [INFO]     KEC [331314] Kebakkramat
2026-07-01 15:09:33 [INFO]       10 kelurahan di Kebakkramat
2026-07-01 15:09:33 [INFO]     KEC [331315] Mojogedang
2026-07-01 15:09:34 [INFO]       13 kelurahan di Mojogedang
2026-07-01 15:09:34 [INFO]     KEC [331316] Kerjo
2026-07-01 15:09:34 [INFO]       10 kelurahan di Kerjo
2026-07-01 15:09:34 [INFO]     KEC [331317] Jenawi
2026-07-01 15:09:35 [INFO]       9 kelurahan di Jenawi
2026-07-01 15:09:35 [INFO]   KAB [3314] Kabupaten Sragen
2026-07-01 15:09:36 [INFO]     KEC [331401] Kalijambe
2026-07-01 15:09:36 [INFO]       14 kelurahan di Kalijambe
2026-07-01 15:09:36 [INFO]     KEC [331402] Plupuh
2026-07-01 15:09:37 [INFO]       16 kelurahan di Plupuh
2026-07-01 15:09:37 [INFO]     KEC [331403] Masaran
2026-07-01 15:09:37 [INFO]       13 kelurahan di Masaran
2026-07-01 15:09:37 [INFO]     KEC [331404] Kedawung
2026-07-01 15:09:38 [INFO]       10 kelurahan di Kedawung
2026-07-01 15:09:38 [INFO]     KEC [331405] Sambirejo
2026-07-01 15:09:38 [INFO]       9 kelurahan di Sambirejo
2026-07-01 15:09:38 [INFO]     KEC [331406] Gondang
2026-07-01 15:09:39 [INFO]       9 kelurahan di Gondang
2026-07-01 15:09:39 [INFO]     KEC [331407] Sambungmacan
2026-07-01 15:09:39 [INFO]       9 kelurahan di Sambungmacan
2026-07-01 15:09:39 [INFO]     KEC [331408] Ngrampal
2026-07-01 15:09:40 [INFO]       8 kelurahan di Ngrampal
2026-07-01 15:09:40 [INFO]     KEC [331409] Karangmalang
2026-07-01 15:09:40 [INFO]       10 kelurahan di Karangmalang
2026-07-01 15:09:41 [INFO]     KEC [331410] Sragen
2026-07-01 15:09:41 [INFO]       8 kelurahan di Sragen
2026-07-01 15:09:41 [INFO]     KEC [331411] Sidoharjo
2026-07-01 15:09:42 [INFO]       12 kelurahan di Sidoharjo
2026-07-01 15:09:42 [INFO]     KEC [331412] Tanon
2026-07-01 15:09:42 [INFO]       16 kelurahan di Tanon
2026-07-01 15:09:42 [INFO]     KEC [331413] Gemolong
2026-07-01 15:09:43 [INFO]       14 kelurahan di Gemolong
2026-07-01 15:09:43 [INFO]     KEC [331414] Miri
2026-07-01 15:09:43 [INFO]       10 kelurahan di Miri
2026-07-01 15:09:43 [INFO]     KEC [331415] Sumberlawang
2026-07-01 15:09:44 [INFO]       11 kelurahan di Sumberlawang
2026-07-01 15:09:44 [INFO]     KEC [331416] Mondokan
2026-07-01 15:09:44 [INFO]       9 kelurahan di Mondokan
2026-07-01 15:09:45 [INFO]     KEC [331417] Sukodono
2026-07-01 15:09:45 [INFO]       9 kelurahan di Sukodono
2026-07-01 15:09:45 [INFO]     KEC [331418] Gesi
2026-07-01 15:09:46 [INFO]       7 kelurahan di Gesi
2026-07-01 15:09:46 [INFO]     KEC [331419] Tangen
2026-07-01 15:09:46 [INFO]       7 kelurahan di Tangen
2026-07-01 15:09:46 [INFO]     KEC [331420] Jenar
2026-07-01 15:09:47 [INFO]       7 kelurahan di Jenar
2026-07-01 15:09:47 [INFO]   KAB [3315] Kabupaten Grobogan
2026-07-01 15:09:48 [INFO]     KEC [331501] Kedungjati
2026-07-01 15:09:48 [INFO]       12 kelurahan di Kedungjati
2026-07-01 15:09:48 [INFO]     KEC [331502] Karangrayung
2026-07-01 15:09:49 [INFO]       19 kelurahan di Karangrayung
2026-07-01 15:09:49 [INFO]     KEC [331503] Penawangan
2026-07-01 15:09:50 [INFO]       20 kelurahan di Penawangan
2026-07-01 15:09:50 [INFO]     KEC [331504] Toroh
2026-07-01 15:09:50 [INFO]       16 kelurahan di Toroh
2026-07-01 15:09:50 [INFO]     KEC [331505] Geyer
2026-07-01 15:09:51 [INFO]       13 kelurahan di Geyer
2026-07-01 15:09:51 [INFO]     KEC [331506] Pulokulon
2026-07-01 15:09:51 [INFO]       13 kelurahan di Pulokulon
2026-07-01 15:09:51 [INFO]     KEC [331507] Kradenan
2026-07-01 15:09:52 [INFO]       14 kelurahan di Kradenan
2026-07-01 15:09:52 [INFO]     KEC [331508] Gabus
2026-07-01 15:09:53 [INFO]       14 kelurahan di Gabus
2026-07-01 15:09:53 [INFO]     KEC [331509] Ngaringan
2026-07-01 15:09:53 [INFO]       12 kelurahan di Ngaringan
2026-07-01 15:09:53 [INFO]     KEC [331510] Wirosari
2026-07-01 15:09:54 [INFO]       14 kelurahan di Wirosari
2026-07-01 15:09:54 [INFO]     KEC [331511] Tawangharjo
2026-07-01 15:09:54 [INFO]       10 kelurahan di Tawangharjo
2026-07-01 15:09:54 [INFO]     KEC [331512] Grobogan
2026-07-01 15:09:55 [INFO]       12 kelurahan di Grobogan
2026-07-01 15:09:55 [INFO]     KEC [331513] Purwodadi
2026-07-01 15:09:56 [INFO]       17 kelurahan di Purwodadi
2026-07-01 15:09:56 [INFO]     KEC [331514] Brati
2026-07-01 15:09:57 [INFO]       9 kelurahan di Brati
2026-07-01 15:09:57 [INFO]     KEC [331515] Klambu
2026-07-01 15:09:57 [INFO]       9 kelurahan di Klambu
2026-07-01 15:09:57 [INFO]     KEC [331516] Godong
2026-07-01 15:09:58 [INFO]       28 kelurahan di Godong
2026-07-01 15:09:58 [INFO]     KEC [331517] Gubug
2026-07-01 15:09:58 [INFO]       21 kelurahan di Gubug
2026-07-01 15:09:58 [INFO]     KEC [331518] Tegowanu
2026-07-01 15:09:59 [INFO]       18 kelurahan di Tegowanu
2026-07-01 15:09:59 [INFO]     KEC [331519] Tanggungharjo
2026-07-01 15:09:59 [INFO]       9 kelurahan di Tanggungharjo
2026-07-01 15:09:59 [INFO]   KAB [3316] Kabupaten Blora
2026-07-01 15:10:00 [INFO]     KEC [331601] Jati
2026-07-01 15:10:00 [INFO]       12 kelurahan di Jati
2026-07-01 15:10:00 [INFO]     KEC [331602] Randublatung
2026-07-01 15:10:01 [INFO]       18 kelurahan di Randublatung
2026-07-01 15:10:01 [INFO]     KEC [331603] Kradenan
2026-07-01 15:10:02 [INFO]       10 kelurahan di Kradenan
2026-07-01 15:10:02 [INFO]     KEC [331604] Kedungtuban
2026-07-01 15:10:02 [INFO]       17 kelurahan di Kedungtuban
2026-07-01 15:10:02 [INFO]     KEC [331605] Cepu
2026-07-01 15:10:03 [INFO]       17 kelurahan di Cepu
2026-07-01 15:10:03 [INFO]     KEC [331606] Sambong
2026-07-01 15:10:03 [INFO]       10 kelurahan di Sambong
2026-07-01 15:10:03 [INFO]     KEC [331607] Jiken
2026-07-01 15:10:04 [INFO]       11 kelurahan di Jiken
2026-07-01 15:10:04 [INFO]     KEC [331608] Jepon
2026-07-01 15:10:05 [INFO]       25 kelurahan di Jepon
2026-07-01 15:10:05 [INFO]     KEC [331609] Blora
2026-07-01 15:10:05 [INFO]       28 kelurahan di Blora
2026-07-01 15:10:05 [INFO]     KEC [331610] Tunjungan
2026-07-01 15:10:06 [INFO]       15 kelurahan di Tunjungan
2026-07-01 15:10:06 [INFO]     KEC [331611] Banjarejo
2026-07-01 15:10:06 [INFO]       20 kelurahan di Banjarejo
2026-07-01 15:10:06 [INFO]     KEC [331612] Ngawen
2026-07-01 15:10:07 [INFO]       29 kelurahan di Ngawen
2026-07-01 15:10:07 [INFO]     KEC [331613] Kunduran
2026-07-01 15:10:08 [INFO]       26 kelurahan di Kunduran
2026-07-01 15:10:08 [INFO]     KEC [331614] Todanan
2026-07-01 15:10:08 [INFO]       25 kelurahan di Todanan
2026-07-01 15:10:08 [INFO]     KEC [331615] Bogorejo
2026-07-01 15:10:09 [INFO]       14 kelurahan di Bogorejo
2026-07-01 15:10:09 [INFO]     KEC [331616] Japah
2026-07-01 15:10:09 [INFO]       18 kelurahan di Japah
2026-07-01 15:10:09 [INFO]   KAB [3317] Kabupaten Rembang
2026-07-01 15:10:10 [INFO]     KEC [331701] Sumber
2026-07-01 15:10:10 [INFO]       18 kelurahan di Sumber
2026-07-01 15:10:10 [INFO]     KEC [331702] Bulu
2026-07-01 15:10:11 [INFO]       16 kelurahan di Bulu
2026-07-01 15:10:11 [INFO]     KEC [331703] Gunem
2026-07-01 15:10:12 [INFO]       16 kelurahan di Gunem
2026-07-01 15:10:12 [INFO]     KEC [331704] Sale
2026-07-01 15:10:12 [INFO]       15 kelurahan di Sale
2026-07-01 15:10:12 [INFO]     KEC [331705] Sarang
2026-07-01 15:10:13 [INFO]       23 kelurahan di Sarang
2026-07-01 15:10:13 [INFO]     KEC [331706] Sedan
2026-07-01 15:10:13 [INFO]       21 kelurahan di Sedan
2026-07-01 15:10:13 [INFO]     KEC [331707] Pamotan
2026-07-01 15:10:14 [INFO]       23 kelurahan di Pamotan
2026-07-01 15:10:14 [INFO]     KEC [331708] Sulang
2026-07-01 15:10:15 [INFO]       21 kelurahan di Sulang
2026-07-01 15:10:15 [INFO]     KEC [331709] Kaliori
2026-07-01 15:10:15 [INFO]       23 kelurahan di Kaliori
2026-07-01 15:10:15 [INFO]     KEC [331710] Rembang
2026-07-01 15:10:16 [INFO]       34 kelurahan di Rembang
2026-07-01 15:10:16 [INFO]     KEC [331711] Pancur
2026-07-01 15:10:16 [INFO]       23 kelurahan di Pancur
2026-07-01 15:10:16 [INFO]     KEC [331712] Kragan
2026-07-01 15:10:17 [INFO]       27 kelurahan di Kragan
2026-07-01 15:10:17 [INFO]     KEC [331713] Sluke
2026-07-01 15:10:18 [INFO]       14 kelurahan di Sluke
2026-07-01 15:10:18 [INFO]     KEC [331714] Lasem
2026-07-01 15:10:18 [INFO]       20 kelurahan di Lasem
2026-07-01 15:10:18 [INFO]   KAB [3318] Kabupaten Pati
2026-07-01 15:10:19 [INFO]     KEC [331801] Sukolilo
2026-07-01 15:10:19 [INFO]       16 kelurahan di Sukolilo
2026-07-01 15:10:19 [INFO]     KEC [331802] Kayen
2026-07-01 15:10:20 [INFO]       17 kelurahan di Kayen
2026-07-01 15:10:20 [INFO]     KEC [331803] Tambakromo
2026-07-01 15:10:20 [INFO]       18 kelurahan di Tambakromo
2026-07-01 15:10:20 [INFO]     KEC [331804] Winong
2026-07-01 15:10:21 [INFO]       30 kelurahan di Winong
2026-07-01 15:10:21 [INFO]     KEC [331805] Pucakwangi
2026-07-01 15:10:21 [INFO]       20 kelurahan di Pucakwangi
2026-07-01 15:10:21 [INFO]     KEC [331806] Jaken
2026-07-01 15:10:22 [INFO]       21 kelurahan di Jaken
2026-07-01 15:10:22 [INFO]     KEC [331807] Batangan
2026-07-01 15:10:23 [INFO]       18 kelurahan di Batangan
2026-07-01 15:10:23 [INFO]     KEC [331808] Juwana
2026-07-01 15:10:23 [INFO]       29 kelurahan di Juwana
2026-07-01 15:10:23 [INFO]     KEC [331809] Jakenan
2026-07-01 15:10:24 [INFO]       23 kelurahan di Jakenan
2026-07-01 15:10:24 [INFO]     KEC [331810] Pati
2026-07-01 15:10:25 [INFO]       29 kelurahan di Pati
2026-07-01 15:10:25 [INFO]     KEC [331811] Gabus
2026-07-01 15:10:25 [INFO]       24 kelurahan di Gabus
2026-07-01 15:10:25 [INFO]     KEC [331812] Margorejo
2026-07-01 15:10:26 [INFO]       18 kelurahan di Margorejo
2026-07-01 15:10:26 [INFO]     KEC [331813] Gembong
2026-07-01 15:10:26 [INFO]       11 kelurahan di Gembong
2026-07-01 15:10:26 [INFO]     KEC [331814] Tlogowungu
2026-07-01 15:10:27 [INFO]       15 kelurahan di Tlogowungu
2026-07-01 15:10:27 [INFO]     KEC [331815] Wedarijaksa
2026-07-01 15:10:28 [INFO]       18 kelurahan di Wedarijaksa
2026-07-01 15:10:28 [INFO]     KEC [331816] Margoyoso
2026-07-01 15:10:28 [INFO]       22 kelurahan di Margoyoso
2026-07-01 15:10:28 [INFO]     KEC [331817] Gunungwungkal
2026-07-01 15:10:29 [INFO]       15 kelurahan di Gunungwungkal
2026-07-01 15:10:29 [INFO]     KEC [331818] Cluwak
2026-07-01 15:10:29 [INFO]       13 kelurahan di Cluwak
2026-07-01 15:10:29 [INFO]     KEC [331819] Tayu
2026-07-01 15:10:30 [INFO]       21 kelurahan di Tayu
2026-07-01 15:10:30 [INFO]     KEC [331820] Dukuhseti
2026-07-01 15:10:30 [INFO]       12 kelurahan di Dukuhseti
2026-07-01 15:10:30 [INFO]     KEC [331821] Trangkil
2026-07-01 15:10:31 [INFO]       16 kelurahan di Trangkil
2026-07-01 15:10:31 [INFO]   KAB [3319] Kabupaten Kudus
2026-07-01 15:10:32 [INFO]     KEC [331901] Kaliwungu
2026-07-01 15:10:32 [INFO]       15 kelurahan di Kaliwungu
2026-07-01 15:10:32 [INFO]     KEC [331902] Kota Kudus
2026-07-01 15:10:33 [INFO]       25 kelurahan di Kota Kudus
2026-07-01 15:10:33 [INFO]     KEC [331903] Jati
2026-07-01 15:10:33 [INFO]       14 kelurahan di Jati
2026-07-01 15:10:33 [INFO]     KEC [331904] Undaan
2026-07-01 15:10:34 [INFO]       16 kelurahan di Undaan
2026-07-01 15:10:34 [INFO]     KEC [331905] Mejobo
2026-07-01 15:10:35 [INFO]       11 kelurahan di Mejobo
2026-07-01 15:10:35 [INFO]     KEC [331906] Jekulo
2026-07-01 15:10:35 [INFO]       12 kelurahan di Jekulo
2026-07-01 15:10:35 [INFO]     KEC [331907] Bae
2026-07-01 15:10:36 [INFO]       10 kelurahan di Bae
2026-07-01 15:10:36 [INFO]     KEC [331908] Gebog
2026-07-01 15:10:36 [INFO]       11 kelurahan di Gebog
2026-07-01 15:10:36 [INFO]     KEC [331909] Dawe
2026-07-01 15:10:37 [INFO]       18 kelurahan di Dawe
2026-07-01 15:10:37 [INFO]   KAB [3320] Kabupaten Jepara
2026-07-01 15:10:37 [INFO]     KEC [332001] Kedung
2026-07-01 15:10:38 [INFO]       18 kelurahan di Kedung
2026-07-01 15:10:38 [INFO]     KEC [332002] Pecangaan
2026-07-01 15:10:39 [INFO]       12 kelurahan di Pecangaan
2026-07-01 15:10:39 [INFO]     KEC [332003] Welahan
2026-07-01 15:10:39 [INFO]       15 kelurahan di Welahan
2026-07-01 15:10:39 [INFO]     KEC [332004] Mayong
2026-07-01 15:10:40 [INFO]       18 kelurahan di Mayong
2026-07-01 15:10:40 [INFO]     KEC [332005] Batealit
2026-07-01 15:10:40 [INFO]       11 kelurahan di Batealit
2026-07-01 15:10:40 [INFO]     KEC [332006] Jepara
2026-07-01 15:10:41 [INFO]       16 kelurahan di Jepara
2026-07-01 15:10:41 [INFO]     KEC [332007] Mlonggo
2026-07-01 15:10:42 [INFO]       8 kelurahan di Mlonggo
2026-07-01 15:10:42 [INFO]     KEC [332008] Bangsri
2026-07-01 15:10:42 [INFO]       12 kelurahan di Bangsri
2026-07-01 15:10:42 [INFO]     KEC [332009] Keling
2026-07-01 15:10:43 [INFO]       12 kelurahan di Keling
2026-07-01 15:10:43 [INFO]     KEC [332010] Karimunjawa
2026-07-01 15:10:43 [INFO]       4 kelurahan di Karimunjawa
2026-07-01 15:10:43 [INFO]     KEC [332011] Tahunan
2026-07-01 15:10:44 [INFO]       15 kelurahan di Tahunan
2026-07-01 15:10:44 [INFO]     KEC [332012] Nalumsari
2026-07-01 15:10:45 [INFO]       15 kelurahan di Nalumsari
2026-07-01 15:10:45 [INFO]     KEC [332013] Kalinyamatan
2026-07-01 15:10:45 [INFO]       12 kelurahan di Kalinyamatan
2026-07-01 15:10:45 [INFO]     KEC [332014] Kembang
2026-07-01 15:10:46 [INFO]       11 kelurahan di Kembang
2026-07-01 15:10:46 [INFO]     KEC [332015] Pakis Aji
2026-07-01 15:10:46 [INFO]       8 kelurahan di Pakis Aji
2026-07-01 15:10:46 [INFO]     KEC [332016] Donorojo
2026-07-01 15:10:47 [INFO]       8 kelurahan di Donorojo
2026-07-01 15:10:47 [INFO]   KAB [3321] Kabupaten Demak
2026-07-01 15:10:47 [INFO]     KEC [332101] Mranggen
2026-07-01 15:10:48 [INFO]       19 kelurahan di Mranggen
2026-07-01 15:10:48 [INFO]     KEC [332102] Karangawen
2026-07-01 15:10:49 [INFO]       12 kelurahan di Karangawen
2026-07-01 15:10:49 [INFO]     KEC [332103] Guntur
2026-07-01 15:10:49 [INFO]       20 kelurahan di Guntur
2026-07-01 15:10:49 [INFO]     KEC [332104] Sayung
2026-07-01 15:10:50 [INFO]       20 kelurahan di Sayung
2026-07-01 15:10:50 [INFO]     KEC [332105] Karangtengah
2026-07-01 15:10:51 [INFO]       17 kelurahan di Karangtengah
2026-07-01 15:10:51 [INFO]     KEC [332106] Wonosalam
2026-07-01 15:10:51 [INFO]       21 kelurahan di Wonosalam
2026-07-01 15:10:51 [INFO]     KEC [332107] Dempet
2026-07-01 15:10:52 [INFO]       16 kelurahan di Dempet
2026-07-01 15:10:52 [INFO]     KEC [332108] Gajah
2026-07-01 15:10:53 [INFO]       18 kelurahan di Gajah
2026-07-01 15:10:53 [INFO]     KEC [332109] Karanganyar
2026-07-01 15:10:53 [INFO]       17 kelurahan di Karanganyar
2026-07-01 15:10:53 [INFO]     KEC [332110] Mijen
2026-07-01 15:10:54 [INFO]       15 kelurahan di Mijen
2026-07-01 15:10:54 [INFO]     KEC [332111] Demak
2026-07-01 15:10:54 [INFO]       19 kelurahan di Demak
2026-07-01 15:10:54 [INFO]     KEC [332112] Bonang
2026-07-01 15:10:55 [INFO]       21 kelurahan di Bonang
2026-07-01 15:10:55 [INFO]     KEC [332113] Wedung
2026-07-01 15:10:56 [INFO]       20 kelurahan di Wedung
2026-07-01 15:10:56 [INFO]     KEC [332114] Kebonagung
2026-07-01 15:10:56 [INFO]       14 kelurahan di Kebonagung
2026-07-01 15:10:56 [INFO]   KAB [3322] Kabupaten Semarang
2026-07-01 15:10:57 [INFO]     KEC [332201] Getasan
2026-07-01 15:10:58 [INFO]       13 kelurahan di Getasan
2026-07-01 15:10:58 [INFO]     KEC [332202] Tengaran
2026-07-01 15:10:58 [INFO]       15 kelurahan di Tengaran
2026-07-01 15:10:58 [INFO]     KEC [332203] Susukan
2026-07-01 15:10:59 [INFO]       13 kelurahan di Susukan
2026-07-01 15:10:59 [INFO]     KEC [332204] Suruh
2026-07-01 15:11:00 [INFO]       17 kelurahan di Suruh
2026-07-01 15:11:00 [INFO]     KEC [332205] Pabelan
2026-07-01 15:11:00 [INFO]       17 kelurahan di Pabelan
2026-07-01 15:11:00 [INFO]     KEC [332206] Tuntang
2026-07-01 15:11:01 [INFO]       16 kelurahan di Tuntang
2026-07-01 15:11:01 [INFO]     KEC [332207] Banyubiru
2026-07-01 15:11:01 [INFO]       10 kelurahan di Banyubiru
2026-07-01 15:11:01 [INFO]     KEC [332208] Jambu
2026-07-01 15:11:02 [INFO]       10 kelurahan di Jambu
2026-07-01 15:11:02 [INFO]     KEC [332209] Sumowono
2026-07-01 15:11:03 [INFO]       16 kelurahan di Sumowono
2026-07-01 15:11:03 [INFO]     KEC [332210] Ambarawa
2026-07-01 15:11:03 [INFO]       10 kelurahan di Ambarawa
2026-07-01 15:11:03 [INFO]     KEC [332211] Bawen
2026-07-01 15:11:04 [INFO]       9 kelurahan di Bawen
2026-07-01 15:11:04 [INFO]     KEC [332212] Bringin
2026-07-01 15:11:04 [INFO]       16 kelurahan di Bringin
2026-07-01 15:11:04 [INFO]     KEC [332213] Bergas
2026-07-01 15:11:05 [INFO]       13 kelurahan di Bergas
2026-07-01 15:11:05 [INFO]     KEC [332215] Pringapus
2026-07-01 15:11:05 [INFO]       9 kelurahan di Pringapus
2026-07-01 15:11:05 [INFO]     KEC [332216] Bancak
2026-07-01 15:11:06 [INFO]       9 kelurahan di Bancak
2026-07-01 15:11:06 [INFO]     KEC [332217] Kaliwungu
2026-07-01 15:11:07 [INFO]       11 kelurahan di Kaliwungu
2026-07-01 15:11:07 [INFO]     KEC [332218] Ungaran Barat
2026-07-01 15:11:07 [INFO]       11 kelurahan di Ungaran Barat
2026-07-01 15:11:07 [INFO]     KEC [332219] Ungaran Timur
2026-07-01 15:11:08 [INFO]       10 kelurahan di Ungaran Timur
2026-07-01 15:11:08 [INFO]     KEC [332220] Bandungan
2026-07-01 15:11:08 [INFO]       10 kelurahan di Bandungan
2026-07-01 15:11:08 [INFO]   KAB [3323] Kabupaten Temanggung
2026-07-01 15:11:09 [INFO]     KEC [332301] Bulu
2026-07-01 15:11:10 [INFO]       19 kelurahan di Bulu
2026-07-01 15:11:10 [INFO]     KEC [332302] Tembarak
2026-07-01 15:11:10 [INFO]       13 kelurahan di Tembarak
2026-07-01 15:11:10 [INFO]     KEC [332303] Temanggung
2026-07-01 15:11:11 [INFO]       25 kelurahan di Temanggung
2026-07-01 15:11:11 [INFO]     KEC [332304] Pringsurat
2026-07-01 15:11:11 [INFO]       14 kelurahan di Pringsurat
2026-07-01 15:11:11 [INFO]     KEC [332305] Kaloran
2026-07-01 15:11:12 [INFO]       14 kelurahan di Kaloran
2026-07-01 15:11:12 [INFO]     KEC [332306] Kandangan
2026-07-01 15:11:13 [INFO]       16 kelurahan di Kandangan
2026-07-01 15:11:13 [INFO]     KEC [332307] Kedu
2026-07-01 15:11:13 [INFO]       14 kelurahan di Kedu
2026-07-01 15:11:13 [INFO]     KEC [332308] Parakan
2026-07-01 15:11:14 [INFO]       16 kelurahan di Parakan
2026-07-01 15:11:14 [INFO]     KEC [332309] Ngadirejo
2026-07-01 15:11:14 [INFO]       20 kelurahan di Ngadirejo
2026-07-01 15:11:14 [INFO]     KEC [332310] Jumo
2026-07-01 15:11:15 [INFO]       13 kelurahan di Jumo
2026-07-01 15:11:15 [INFO]     KEC [332311] Tretep
2026-07-01 15:11:15 [INFO]       11 kelurahan di Tretep
2026-07-01 15:11:15 [INFO]     KEC [332312] Candiroto
2026-07-01 15:11:16 [INFO]       14 kelurahan di Candiroto
2026-07-01 15:11:16 [INFO]     KEC [332313] Kranggan
2026-07-01 15:11:17 [INFO]       13 kelurahan di Kranggan
2026-07-01 15:11:17 [INFO]     KEC [332314] Tlogomulyo
2026-07-01 15:11:17 [INFO]       12 kelurahan di Tlogomulyo
2026-07-01 15:11:17 [INFO]     KEC [332315] Selopampang
2026-07-01 15:11:18 [INFO]       12 kelurahan di Selopampang
2026-07-01 15:11:18 [INFO]     KEC [332316] Bansari
2026-07-01 15:11:18 [INFO]       13 kelurahan di Bansari
2026-07-01 15:11:18 [INFO]     KEC [332317] Kledung
2026-07-01 15:11:19 [INFO]       13 kelurahan di Kledung
2026-07-01 15:11:19 [INFO]     KEC [332318] Bejen
2026-07-01 15:11:19 [INFO]       14 kelurahan di Bejen
2026-07-01 15:11:19 [INFO]     KEC [332319] Wonoboyo
2026-07-01 15:11:20 [INFO]       13 kelurahan di Wonoboyo
2026-07-01 15:11:20 [INFO]     KEC [332320] Gemawang
2026-07-01 15:11:21 [INFO]       10 kelurahan di Gemawang
2026-07-01 15:11:21 [INFO]   KAB [3324] Kabupaten Kendal
2026-07-01 15:11:21 [INFO]     KEC [332401] Plantungan
2026-07-01 15:11:22 [INFO]       12 kelurahan di Plantungan
2026-07-01 15:11:22 [INFO]     KEC [332402] Pageruyung
2026-07-01 15:11:23 [INFO]       14 kelurahan di Pageruyung
2026-07-01 15:11:23 [INFO]     KEC [332403] Sukorejo
2026-07-01 15:11:23 [INFO]       18 kelurahan di Sukorejo
2026-07-01 15:11:23 [INFO]     KEC [332404] Patean
2026-07-01 15:11:24 [INFO]       14 kelurahan di Patean
2026-07-01 15:11:24 [INFO]     KEC [332405] Singorojo
2026-07-01 15:11:24 [INFO]       13 kelurahan di Singorojo
2026-07-01 15:11:24 [INFO]     KEC [332406] Limbangan
2026-07-01 15:11:25 [INFO]       16 kelurahan di Limbangan
2026-07-01 15:11:25 [INFO]     KEC [332407] Boja
2026-07-01 15:11:25 [INFO]       18 kelurahan di Boja
2026-07-01 15:11:25 [INFO]     KEC [332408] Kaliwungu
2026-07-01 15:11:26 [INFO]       9 kelurahan di Kaliwungu
2026-07-01 15:11:26 [INFO]     KEC [332409] Brangsong
2026-07-01 15:11:27 [INFO]       12 kelurahan di Brangsong
2026-07-01 15:11:27 [INFO]     KEC [332410] Pegandon
2026-07-01 15:11:27 [INFO]       12 kelurahan di Pegandon
2026-07-01 15:11:27 [INFO]     KEC [332411] Gemuh
2026-07-01 15:11:28 [INFO]       16 kelurahan di Gemuh
2026-07-01 15:11:28 [INFO]     KEC [332412] Weleri
2026-07-01 15:11:28 [INFO]       16 kelurahan di Weleri
2026-07-01 15:11:28 [INFO]     KEC [332413] Cepiring
2026-07-01 15:11:29 [INFO]       15 kelurahan di Cepiring
2026-07-01 15:11:29 [INFO]     KEC [332414] Patebon
2026-07-01 15:11:29 [INFO]       18 kelurahan di Patebon
2026-07-01 15:11:30 [INFO]     KEC [332415] Kendal
2026-07-01 15:11:30 [INFO]       20 kelurahan di Kendal
2026-07-01 15:11:30 [INFO]     KEC [332416] Rowosari
2026-07-01 15:11:31 [INFO]       16 kelurahan di Rowosari
2026-07-01 15:11:31 [INFO]     KEC [332417] Kangkung
2026-07-01 15:11:31 [INFO]       15 kelurahan di Kangkung
2026-07-01 15:11:31 [INFO]     KEC [332418] Ringinarum
2026-07-01 15:11:32 [INFO]       12 kelurahan di Ringinarum
2026-07-01 15:11:32 [INFO]     KEC [332419] Ngampel
2026-07-01 15:11:32 [INFO]       12 kelurahan di Ngampel
2026-07-01 15:11:32 [INFO]     KEC [332420] Kaliwungu Selatan
2026-07-01 15:11:33 [INFO]       8 kelurahan di Kaliwungu Selatan
2026-07-01 15:11:33 [INFO]   KAB [3325] Kabupaten Batang
2026-07-01 15:11:34 [INFO]     KEC [332501] Wonotunggal
2026-07-01 15:11:34 [INFO]       15 kelurahan di Wonotunggal
2026-07-01 15:11:34 [INFO]     KEC [332502] Bandar
2026-07-01 15:11:35 [INFO]       17 kelurahan di Bandar
2026-07-01 15:11:35 [INFO]     KEC [332503] Blado
2026-07-01 15:11:35 [INFO]       18 kelurahan di Blado
2026-07-01 15:11:35 [INFO]     KEC [332504] Reban
2026-07-01 15:11:36 [INFO]       19 kelurahan di Reban
2026-07-01 15:11:36 [INFO]     KEC [332505] Bawang
2026-07-01 15:11:36 [INFO]       20 kelurahan di Bawang
2026-07-01 15:11:36 [INFO]     KEC [332506] Tersono
2026-07-01 15:11:37 [INFO]       20 kelurahan di Tersono
2026-07-01 15:11:37 [INFO]     KEC [332507] Gringsing
2026-07-01 15:11:38 [INFO]       15 kelurahan di Gringsing
2026-07-01 15:11:38 [INFO]     KEC [332508] Limpung
2026-07-01 15:11:38 [INFO]       17 kelurahan di Limpung
2026-07-01 15:11:38 [INFO]     KEC [332509] Subah
2026-07-01 15:11:39 [INFO]       17 kelurahan di Subah
2026-07-01 15:11:39 [INFO]     KEC [332510] Tulis
2026-07-01 15:11:39 [INFO]       17 kelurahan di Tulis
2026-07-01 15:11:39 [INFO]     KEC [332511] Batang
2026-07-01 15:11:40 [INFO]       21 kelurahan di Batang
2026-07-01 15:11:40 [INFO]     KEC [332512] Warungasem
2026-07-01 15:11:40 [INFO]       18 kelurahan di Warungasem
2026-07-01 15:11:40 [INFO]     KEC [332513] Kandeman
2026-07-01 15:11:41 [INFO]       13 kelurahan di Kandeman
2026-07-01 15:11:41 [INFO]     KEC [332514] Pecalungan
2026-07-01 15:11:42 [INFO]       10 kelurahan di Pecalungan
2026-07-01 15:11:42 [INFO]     KEC [332515] Banyuputih
2026-07-01 15:11:42 [INFO]       11 kelurahan di Banyuputih
2026-07-01 15:11:42 [INFO]   KAB [3326] Kabupaten Pekalongan
2026-07-01 15:11:43 [INFO]     KEC [332601] Kandangserang
2026-07-01 15:11:43 [INFO]       14 kelurahan di Kandangserang
2026-07-01 15:11:43 [INFO]     KEC [332602] Paninggaran
2026-07-01 15:11:44 [INFO]       15 kelurahan di Paninggaran
2026-07-01 15:11:44 [INFO]     KEC [332603] Lebakbarang
2026-07-01 15:11:44 [INFO]       11 kelurahan di Lebakbarang
2026-07-01 15:11:44 [INFO]     KEC [332604] Petungkriyono
2026-07-01 15:11:45 [INFO]       9 kelurahan di Petungkriyono
2026-07-01 15:11:45 [INFO]     KEC [332605] Talun
2026-07-01 15:11:46 [INFO]       10 kelurahan di Talun
2026-07-01 15:11:46 [INFO]     KEC [332606] Doro
2026-07-01 15:11:46 [INFO]       14 kelurahan di Doro
2026-07-01 15:11:46 [INFO]     KEC [332607] Karanganyar
2026-07-01 15:11:47 [INFO]       15 kelurahan di Karanganyar
2026-07-01 15:11:47 [INFO]     KEC [332608] Kajen
2026-07-01 15:11:47 [INFO]       25 kelurahan di Kajen
2026-07-01 15:11:47 [INFO]     KEC [332609] Kesesi
2026-07-01 15:11:48 [INFO]       23 kelurahan di Kesesi
2026-07-01 15:11:48 [INFO]     KEC [332610] Sragi
2026-07-01 15:11:49 [INFO]       17 kelurahan di Sragi
2026-07-01 15:11:49 [INFO]     KEC [332611] Bojong
2026-07-01 15:11:49 [INFO]       22 kelurahan di Bojong
2026-07-01 15:11:49 [INFO]     KEC [332612] Wonopringgo
2026-07-01 15:11:50 [INFO]       14 kelurahan di Wonopringgo
2026-07-01 15:11:50 [INFO]     KEC [332613] Kedungwuni
2026-07-01 15:11:50 [INFO]       19 kelurahan di Kedungwuni
2026-07-01 15:11:50 [INFO]     KEC [332614] Buaran
2026-07-01 15:11:51 [INFO]       10 kelurahan di Buaran
2026-07-01 15:11:51 [INFO]     KEC [332615] Tirto
2026-07-01 15:11:51 [INFO]       16 kelurahan di Tirto
2026-07-01 15:11:51 [INFO]     KEC [332616] Wiradesa
2026-07-01 15:11:52 [INFO]       16 kelurahan di Wiradesa
2026-07-01 15:11:52 [INFO]     KEC [332617] Siwalan
2026-07-01 15:11:53 [INFO]       13 kelurahan di Siwalan
2026-07-01 15:11:53 [INFO]     KEC [332618] Karangdadap
2026-07-01 15:11:53 [INFO]       11 kelurahan di Karangdadap
2026-07-01 15:11:53 [INFO]     KEC [332619] Wonokerto
2026-07-01 15:11:54 [INFO]       11 kelurahan di Wonokerto
2026-07-01 15:11:54 [INFO]   KAB [3327] Kabupaten Pemalang
2026-07-01 15:11:54 [INFO]     KEC [332701] Moga
2026-07-01 15:11:55 [INFO]       10 kelurahan di Moga
2026-07-01 15:11:55 [INFO]     KEC [332702] Pulosari
2026-07-01 15:11:55 [INFO]       12 kelurahan di Pulosari
2026-07-01 15:11:55 [INFO]     KEC [332703] Belik
2026-07-01 15:11:56 [INFO]       13 kelurahan di Belik
2026-07-01 15:11:56 [INFO]     KEC [332704] Watukumpul
2026-07-01 15:11:57 [INFO]       15 kelurahan di Watukumpul
2026-07-01 15:11:57 [INFO]     KEC [332705] Bodeh
2026-07-01 15:11:57 [INFO]       19 kelurahan di Bodeh
2026-07-01 15:11:57 [INFO]     KEC [332706] Bantarbolang
2026-07-01 15:11:58 [INFO]       17 kelurahan di Bantarbolang
2026-07-01 15:11:58 [INFO]     KEC [332707] Randudongkal
2026-07-01 15:11:58 [INFO]       18 kelurahan di Randudongkal
2026-07-01 15:11:58 [INFO]     KEC [332708] Pemalang
2026-07-01 15:11:59 [INFO]       20 kelurahan di Pemalang
2026-07-01 15:11:59 [INFO]     KEC [332709] Taman
2026-07-01 15:11:59 [INFO]       21 kelurahan di Taman
2026-07-01 15:11:59 [INFO]     KEC [332710] Petarukan
2026-07-01 15:12:00 [INFO]       20 kelurahan di Petarukan
2026-07-01 15:12:00 [INFO]     KEC [332711] Ampelgading
2026-07-01 15:12:01 [INFO]       16 kelurahan di Ampelgading
2026-07-01 15:12:01 [INFO]     KEC [332712] Comal
2026-07-01 15:12:01 [INFO]       18 kelurahan di Comal
2026-07-01 15:12:01 [INFO]     KEC [332713] Ulujami
2026-07-01 15:12:02 [INFO]       18 kelurahan di Ulujami
2026-07-01 15:12:02 [INFO]     KEC [332714] Warungpring
2026-07-01 15:12:02 [INFO]       6 kelurahan di Warungpring
2026-07-01 15:12:02 [INFO]   KAB [3328] Kabupaten Tegal
2026-07-01 15:12:03 [INFO]     KEC [332801] Margasari
2026-07-01 15:12:04 [INFO]       13 kelurahan di Margasari
2026-07-01 15:12:04 [INFO]     KEC [332802] Bumijawa
2026-07-01 15:12:04 [INFO]       18 kelurahan di Bumijawa
2026-07-01 15:12:04 [INFO]     KEC [332803] Bojong
2026-07-01 15:12:05 [INFO]       17 kelurahan di Bojong
2026-07-01 15:12:05 [INFO]     KEC [332804] Balapulang
2026-07-01 15:12:05 [INFO]       20 kelurahan di Balapulang
2026-07-01 15:12:05 [INFO]     KEC [332805] Pagerbarang
2026-07-01 15:12:06 [INFO]       13 kelurahan di Pagerbarang
2026-07-01 15:12:06 [INFO]     KEC [332806] Lebaksiu
2026-07-01 15:12:06 [INFO]       15 kelurahan di Lebaksiu
2026-07-01 15:12:06 [INFO]     KEC [332807] Jatinegara
2026-07-01 15:12:07 [INFO]       17 kelurahan di Jatinegara
2026-07-01 15:12:07 [INFO]     KEC [332808] Kedungbanteng
2026-07-01 15:12:07 [INFO]       10 kelurahan di Kedungbanteng
2026-07-01 15:12:07 [INFO]     KEC [332809] Pangkah
2026-07-01 15:12:08 [INFO]       23 kelurahan di Pangkah
2026-07-01 15:12:08 [INFO]     KEC [332810] Slawi
2026-07-01 15:12:09 [INFO]       10 kelurahan di Slawi
2026-07-01 15:12:09 [INFO]     KEC [332811] Adiwerna
2026-07-01 15:12:09 [INFO]       21 kelurahan di Adiwerna
2026-07-01 15:12:09 [INFO]     KEC [332812] Talang
2026-07-01 15:12:10 [INFO]       19 kelurahan di Talang
2026-07-01 15:12:10 [INFO]     KEC [332813] Dukuhturi
2026-07-01 15:12:10 [INFO]       18 kelurahan di Dukuhturi
2026-07-01 15:12:10 [INFO]     KEC [332814] Tarub
2026-07-01 15:12:11 [INFO]       20 kelurahan di Tarub
2026-07-01 15:12:11 [INFO]     KEC [332815] Kramat
2026-07-01 15:12:11 [INFO]       20 kelurahan di Kramat
2026-07-01 15:12:11 [INFO]     KEC [332816] Suradadi
2026-07-01 15:12:12 [INFO]       11 kelurahan di Suradadi
2026-07-01 15:12:12 [INFO]     KEC [332817] Warureja
2026-07-01 15:12:12 [INFO]       12 kelurahan di Warureja
2026-07-01 15:12:12 [INFO]     KEC [332818] Dukuhwaru
2026-07-01 15:12:13 [INFO]       10 kelurahan di Dukuhwaru
2026-07-01 15:12:13 [INFO]   KAB [3329] Kabupaten Brebes
2026-07-01 15:12:14 [INFO]     KEC [332901] Salem
2026-07-01 15:12:14 [INFO]       21 kelurahan di Salem
2026-07-01 15:12:14 [INFO]     KEC [332902] Bantarkawung
2026-07-01 15:12:15 [INFO]       18 kelurahan di Bantarkawung
2026-07-01 15:12:15 [INFO]     KEC [332903] Bumiayu
2026-07-01 15:12:15 [INFO]       15 kelurahan di Bumiayu
2026-07-01 15:12:15 [INFO]     KEC [332904] Paguyangan
2026-07-01 15:12:16 [INFO]       12 kelurahan di Paguyangan
2026-07-01 15:12:16 [INFO]     KEC [332905] Sirampog
2026-07-01 15:12:16 [INFO]       13 kelurahan di Sirampog
2026-07-01 15:12:16 [INFO]     KEC [332906] Tonjong
2026-07-01 15:12:17 [INFO]       14 kelurahan di Tonjong
2026-07-01 15:12:17 [INFO]     KEC [332907] Jatibarang
2026-07-01 15:12:18 [INFO]       22 kelurahan di Jatibarang
2026-07-01 15:12:18 [INFO]     KEC [332908] Wanasari
2026-07-01 15:12:18 [INFO]       20 kelurahan di Wanasari
2026-07-01 15:12:18 [INFO]     KEC [332909] Brebes
2026-07-01 15:12:19 [INFO]       23 kelurahan di Brebes
2026-07-01 15:12:19 [INFO]     KEC [332910] Songgom
2026-07-01 15:12:19 [INFO]       10 kelurahan di Songgom
2026-07-01 15:12:19 [INFO]     KEC [332911] Kersana
2026-07-01 15:12:20 [INFO]       13 kelurahan di Kersana
2026-07-01 15:12:20 [INFO]     KEC [332912] Losari
2026-07-01 15:12:20 [INFO]       22 kelurahan di Losari
2026-07-01 15:12:20 [INFO]     KEC [332913] Tanjung
2026-07-01 15:12:21 [INFO]       18 kelurahan di Tanjung
2026-07-01 15:12:21 [INFO]     KEC [332914] Bulakamba
2026-07-01 15:12:21 [INFO]       19 kelurahan di Bulakamba
2026-07-01 15:12:21 [INFO]     KEC [332915] Larangan
2026-07-01 15:12:22 [INFO]       11 kelurahan di Larangan
2026-07-01 15:12:22 [INFO]     KEC [332916] Ketanggungan
2026-07-01 15:12:23 [INFO]       21 kelurahan di Ketanggungan
2026-07-01 15:12:23 [INFO]     KEC [332917] Banjarharjo
2026-07-01 15:12:23 [INFO]       25 kelurahan di Banjarharjo
2026-07-01 15:12:23 [INFO]   KAB [3371] Kota Magelang
2026-07-01 15:12:24 [INFO]     KEC [337101] Magelang Selatan
2026-07-01 15:12:25 [INFO]       6 kelurahan di Magelang Selatan
2026-07-01 15:12:25 [INFO]     KEC [337102] Magelang Utara
2026-07-01 15:12:25 [INFO]       5 kelurahan di Magelang Utara
2026-07-01 15:12:25 [INFO]     KEC [337103] Magelang Tengah
2026-07-01 15:12:26 [INFO]       6 kelurahan di Magelang Tengah
2026-07-01 15:12:26 [INFO]   KAB [3372] Kota Surakarta
2026-07-01 15:12:26 [INFO]     KEC [337201] Laweyan
2026-07-01 15:12:27 [INFO]       11 kelurahan di Laweyan
2026-07-01 15:12:27 [INFO]     KEC [337202] Serengan
2026-07-01 15:12:27 [INFO]       7 kelurahan di Serengan
2026-07-01 15:12:27 [INFO]     KEC [337203] Pasar Kliwon
2026-07-01 15:12:28 [INFO]       10 kelurahan di Pasar Kliwon
2026-07-01 15:12:28 [INFO]     KEC [337204] Jebres
2026-07-01 15:12:29 [INFO]       11 kelurahan di Jebres
2026-07-01 15:12:29 [INFO]     KEC [337205] Banjarsari
2026-07-01 15:12:29 [INFO]       15 kelurahan di Banjarsari
2026-07-01 15:12:29 [INFO]   KAB [3373] Kota Salatiga
2026-07-01 15:12:30 [INFO]     KEC [337301] Sidorejo
2026-07-01 15:12:30 [INFO]       6 kelurahan di Sidorejo
2026-07-01 15:12:30 [INFO]     KEC [337302] Tingkir
2026-07-01 15:12:31 [INFO]       7 kelurahan di Tingkir
2026-07-01 15:12:31 [INFO]     KEC [337303] Argomulyo
2026-07-01 15:12:31 [INFO]       6 kelurahan di Argomulyo
2026-07-01 15:12:31 [INFO]     KEC [337304] Sidomukti
2026-07-01 15:12:32 [INFO]       4 kelurahan di Sidomukti
2026-07-01 15:12:32 [INFO]   KAB [3374] Kota Semarang
2026-07-01 15:12:33 [INFO]     KEC [337401] Semarang Tengah
2026-07-01 15:12:33 [INFO]       15 kelurahan di Semarang Tengah
2026-07-01 15:12:33 [INFO]     KEC [337402] Semarang Utara
2026-07-01 15:12:34 [INFO]       9 kelurahan di Semarang Utara
2026-07-01 15:12:34 [INFO]     KEC [337403] Semarang Timur
2026-07-01 15:12:35 [INFO]       10 kelurahan di Semarang Timur
2026-07-01 15:12:35 [INFO]     KEC [337404] Gayamsari
2026-07-01 15:12:35 [INFO]       7 kelurahan di Gayamsari
2026-07-01 15:12:35 [INFO]     KEC [337405] Genuk
2026-07-01 15:12:36 [INFO]       13 kelurahan di Genuk
2026-07-01 15:12:36 [INFO]     KEC [337406] Pedurungan
2026-07-01 15:12:36 [INFO]       12 kelurahan di Pedurungan
2026-07-01 15:12:36 [INFO]     KEC [337407] Semarang Selatan
2026-07-01 15:12:37 [INFO]       10 kelurahan di Semarang Selatan
2026-07-01 15:12:37 [INFO]     KEC [337408] Candisari
2026-07-01 15:12:37 [INFO]       7 kelurahan di Candisari
2026-07-01 15:12:37 [INFO]     KEC [337409] Gajahmungkur
2026-07-01 15:12:38 [INFO]       8 kelurahan di Gajahmungkur
2026-07-01 15:12:38 [INFO]     KEC [337410] Tembalang
2026-07-01 15:12:39 [INFO]       12 kelurahan di Tembalang
2026-07-01 15:12:39 [INFO]     KEC [337411] Banyumanik
2026-07-01 15:12:39 [INFO]       11 kelurahan di Banyumanik
2026-07-01 15:12:39 [INFO]     KEC [337412] Gunungpati
2026-07-01 15:12:40 [INFO]       16 kelurahan di Gunungpati
2026-07-01 15:12:40 [INFO]     KEC [337413] Semarang Barat
2026-07-01 15:12:40 [INFO]       16 kelurahan di Semarang Barat
2026-07-01 15:12:40 [INFO]     KEC [337414] Mijen
2026-07-01 15:12:41 [INFO]       14 kelurahan di Mijen
2026-07-01 15:12:41 [INFO]     KEC [337415] Ngaliyan
2026-07-01 15:12:41 [INFO]       10 kelurahan di Ngaliyan
2026-07-01 15:12:41 [INFO]     KEC [337416] Tugu
2026-07-01 15:12:42 [INFO]       7 kelurahan di Tugu
2026-07-01 15:12:42 [INFO]   KAB [3375] Kota Pekalongan
2026-07-01 15:12:43 [INFO]     KEC [337501] Pekalongan Barat
2026-07-01 15:12:43 [INFO]       7 kelurahan di Pekalongan Barat
2026-07-01 15:12:43 [INFO]     KEC [337502] Pekalongan Timur
2026-07-01 15:12:44 [INFO]       7 kelurahan di Pekalongan Timur
2026-07-01 15:12:44 [INFO]     KEC [337503] Pekalongan Utara
2026-07-01 15:12:44 [INFO]       7 kelurahan di Pekalongan Utara
2026-07-01 15:12:44 [INFO]     KEC [337504] Pekalongan Selatan
2026-07-01 15:12:45 [INFO]       6 kelurahan di Pekalongan Selatan
2026-07-01 15:12:45 [INFO]   KAB [3376] Kota Tegal
2026-07-01 15:12:45 [INFO]     KEC [337601] Tegal Barat
2026-07-01 15:12:46 [INFO]       7 kelurahan di Tegal Barat
2026-07-01 15:12:46 [INFO]     KEC [337602] Tegal Timur
2026-07-01 15:12:46 [INFO]       5 kelurahan di Tegal Timur
2026-07-01 15:12:46 [INFO]     KEC [337603] Tegal Selatan
2026-07-01 15:12:47 [INFO]       8 kelurahan di Tegal Selatan
2026-07-01 15:12:47 [INFO]     KEC [337604] Margadana
2026-07-01 15:12:48 [INFO]       7 kelurahan di Margadana
2026-07-01 15:12:48 [INFO] PROVINSI SELESAI [33] Jawa Tengah
2026-07-01 15:12:48 [INFO] PROVINSI [34] Daerah Istimewa Yogyakarta
2026-07-01 15:12:48 [INFO]   KAB [3401] Kabupaten Kulon Progo
2026-07-01 15:12:49 [INFO]     KEC [340101] Temon
2026-07-01 15:12:49 [INFO]       15 kelurahan di Temon
2026-07-01 15:12:49 [INFO]     KEC [340102] Wates
2026-07-01 15:12:50 [INFO]       8 kelurahan di Wates
2026-07-01 15:12:50 [INFO]     KEC [340103] Panjatan
2026-07-01 15:12:50 [INFO]       11 kelurahan di Panjatan
2026-07-01 15:12:50 [INFO]     KEC [340104] Galur
2026-07-01 15:12:51 [INFO]       7 kelurahan di Galur
2026-07-01 15:12:51 [INFO]     KEC [340105] Lendah
2026-07-01 15:12:52 [INFO]       6 kelurahan di Lendah
2026-07-01 15:12:52 [INFO]     KEC [340106] Sentolo
2026-07-01 15:12:52 [INFO]       8 kelurahan di Sentolo
2026-07-01 15:12:52 [INFO]     KEC [340107] Pengasih
2026-07-01 15:12:53 [INFO]       7 kelurahan di Pengasih
2026-07-01 15:12:53 [INFO]     KEC [340108] Kokap
2026-07-01 15:12:53 [INFO]       5 kelurahan di Kokap
2026-07-01 15:12:53 [INFO]     KEC [340109] Girimulyo
2026-07-01 15:12:54 [INFO]       4 kelurahan di Girimulyo
2026-07-01 15:12:54 [INFO]     KEC [340110] Nanggulan
2026-07-01 15:12:54 [INFO]       6 kelurahan di Nanggulan
2026-07-01 15:12:54 [INFO]     KEC [340111] Samigaluh
2026-07-01 15:12:55 [INFO]       7 kelurahan di Samigaluh
2026-07-01 15:12:55 [INFO]     KEC [340112] Kalibawang
2026-07-01 15:12:55 [INFO]       4 kelurahan di Kalibawang
2026-07-01 15:12:55 [INFO]   KAB [3402] Kabupaten Bantul
2026-07-01 15:12:56 [INFO]     KEC [340201] Srandakan
2026-07-01 15:12:57 [INFO]       2 kelurahan di Srandakan
2026-07-01 15:12:57 [INFO]     KEC [340202] Sanden
2026-07-01 15:12:57 [INFO]       4 kelurahan di Sanden
2026-07-01 15:12:57 [INFO]     KEC [340203] Kretek
2026-07-01 15:12:58 [INFO]       5 kelurahan di Kretek
2026-07-01 15:12:58 [INFO]     KEC [340204] Pundong
2026-07-01 15:12:58 [INFO]       3 kelurahan di Pundong
2026-07-01 15:12:58 [INFO]     KEC [340205] Bambanglipuro
2026-07-01 15:12:59 [INFO]       3 kelurahan di Bambanglipuro
2026-07-01 15:12:59 [INFO]     KEC [340206] Pandak
2026-07-01 15:12:59 [INFO]       4 kelurahan di Pandak
2026-07-01 15:12:59 [INFO]     KEC [340207] Pajangan
2026-07-01 15:13:00 [INFO]       3 kelurahan di Pajangan
2026-07-01 15:13:00 [INFO]     KEC [340208] Bantul
2026-07-01 15:13:01 [INFO]       5 kelurahan di Bantul
2026-07-01 15:13:01 [INFO]     KEC [340209] Jetis
2026-07-01 15:13:01 [INFO]       4 kelurahan di Jetis
2026-07-01 15:13:01 [INFO]     KEC [340210] Imogiri
2026-07-01 15:13:02 [INFO]       8 kelurahan di Imogiri
2026-07-01 15:13:02 [INFO]     KEC [340211] Dlingo
2026-07-01 15:13:02 [INFO]       6 kelurahan di Dlingo
2026-07-01 15:13:02 [INFO]     KEC [340212] Banguntapan
2026-07-01 15:13:03 [INFO]       8 kelurahan di Banguntapan
2026-07-01 15:13:03 [INFO]     KEC [340213] Pleret
2026-07-01 15:13:03 [INFO]       5 kelurahan di Pleret
2026-07-01 15:13:03 [INFO]     KEC [340214] Piyungan
2026-07-01 15:13:04 [INFO]       3 kelurahan di Piyungan
2026-07-01 15:13:04 [INFO]     KEC [340215] Sewon
2026-07-01 15:13:05 [INFO]       4 kelurahan di Sewon
2026-07-01 15:13:05 [INFO]     KEC [340216] Kasihan
2026-07-01 15:13:05 [INFO]       4 kelurahan di Kasihan
2026-07-01 15:13:05 [INFO]     KEC [340217] Sedayu
2026-07-01 15:13:06 [INFO]       4 kelurahan di Sedayu
2026-07-01 15:13:06 [INFO]   KAB [3403] Kabupaten Gunungkidul
2026-07-01 15:13:06 [INFO]     KEC [340301] Wonosari
2026-07-01 15:13:07 [INFO]       14 kelurahan di Wonosari
2026-07-01 15:13:07 [INFO]     KEC [340302] Nglipar
2026-07-01 15:13:07 [INFO]       7 kelurahan di Nglipar
2026-07-01 15:13:07 [INFO]     KEC [340303] Playen
2026-07-01 15:13:08 [INFO]       13 kelurahan di Playen
2026-07-01 15:13:08 [INFO]     KEC [340304] Patuk
2026-07-01 15:13:08 [INFO]       11 kelurahan di Patuk
2026-07-01 15:13:08 [INFO]     KEC [340305] Paliyan
2026-07-01 15:13:09 [INFO]       7 kelurahan di Paliyan
2026-07-01 15:13:09 [INFO]     KEC [340306] Panggang
2026-07-01 15:13:10 [INFO]       6 kelurahan di Panggang
2026-07-01 15:13:10 [INFO]     KEC [340307] Tepus
2026-07-01 15:13:10 [INFO]       5 kelurahan di Tepus
2026-07-01 15:13:10 [INFO]     KEC [340308] Semanu
2026-07-01 15:13:11 [INFO]       5 kelurahan di Semanu
2026-07-01 15:13:11 [INFO]     KEC [340309] Karangmojo
2026-07-01 15:13:11 [INFO]       9 kelurahan di Karangmojo
2026-07-01 15:13:11 [INFO]     KEC [340310] Ponjong
2026-07-01 15:13:12 [INFO]       11 kelurahan di Ponjong
2026-07-01 15:13:12 [INFO]     KEC [340311] Rongkop
2026-07-01 15:13:12 [INFO]       8 kelurahan di Rongkop
2026-07-01 15:13:12 [INFO]     KEC [340312] Semin
2026-07-01 15:13:13 [INFO]       10 kelurahan di Semin
2026-07-01 15:13:13 [INFO]     KEC [340313] Ngawen
2026-07-01 15:13:14 [INFO]       6 kelurahan di Ngawen
2026-07-01 15:13:14 [INFO]     KEC [340314] Gedangsari
2026-07-01 15:13:14 [INFO]       7 kelurahan di Gedangsari
2026-07-01 15:13:14 [INFO]     KEC [340315] Saptosari
2026-07-01 15:13:15 [INFO]       7 kelurahan di Saptosari
2026-07-01 15:13:15 [INFO]     KEC [340316] Girisubo
2026-07-01 15:13:15 [INFO]       8 kelurahan di Girisubo
2026-07-01 15:13:15 [INFO]     KEC [340317] Tanjungsari
2026-07-01 15:13:16 [INFO]       5 kelurahan di Tanjungsari
2026-07-01 15:13:16 [INFO]     KEC [340318] Purwosari
2026-07-01 15:13:16 [INFO]       5 kelurahan di Purwosari
2026-07-01 15:13:16 [INFO]   KAB [3404] Kabupaten Sleman
2026-07-01 15:13:17 [INFO]     KEC [340401] Gamping
2026-07-01 15:13:18 [INFO]       5 kelurahan di Gamping
2026-07-01 15:13:18 [INFO]     KEC [340402] Godean
2026-07-01 15:13:18 [INFO]       7 kelurahan di Godean
2026-07-01 15:13:18 [INFO]     KEC [340403] Moyudan
2026-07-01 15:13:19 [INFO]       4 kelurahan di Moyudan
2026-07-01 15:13:19 [INFO]     KEC [340404] Minggir
2026-07-01 15:13:19 [INFO]       5 kelurahan di Minggir
2026-07-01 15:13:19 [INFO]     KEC [340405] Seyegan
2026-07-01 15:13:20 [INFO]       5 kelurahan di Seyegan
2026-07-01 15:13:20 [INFO]     KEC [340406] Mlati
2026-07-01 15:13:20 [INFO]       5 kelurahan di Mlati
2026-07-01 15:13:20 [INFO]     KEC [340407] Depok
2026-07-01 15:13:21 [INFO]       3 kelurahan di Depok
2026-07-01 15:13:21 [INFO]     KEC [340408] Berbah
2026-07-01 15:13:22 [INFO]       4 kelurahan di Berbah
2026-07-01 15:13:22 [INFO]     KEC [340409] Prambanan
2026-07-01 15:13:22 [INFO]       6 kelurahan di Prambanan
2026-07-01 15:13:22 [INFO]     KEC [340410] Kalasan
2026-07-01 15:13:23 [INFO]       4 kelurahan di Kalasan
2026-07-01 15:13:23 [INFO]     KEC [340411] Ngemplak
2026-07-01 15:13:23 [INFO]       5 kelurahan di Ngemplak
2026-07-01 15:13:23 [INFO]     KEC [340412] Ngaglik
2026-07-01 15:13:24 [INFO]       6 kelurahan di Ngaglik
2026-07-01 15:13:24 [INFO]     KEC [340413] Sleman
2026-07-01 15:13:24 [INFO]       5 kelurahan di Sleman
2026-07-01 15:13:24 [INFO]     KEC [340414] Tempel
2026-07-01 15:13:25 [INFO]       8 kelurahan di Tempel
2026-07-01 15:13:25 [INFO]     KEC [340415] Turi
2026-07-01 15:13:26 [INFO]       4 kelurahan di Turi
2026-07-01 15:13:26 [INFO]     KEC [340416] Pakem
2026-07-01 15:13:27 [INFO]       5 kelurahan di Pakem
2026-07-01 15:13:27 [INFO]     KEC [340417] Cangkringan
2026-07-01 15:13:27 [INFO]       5 kelurahan di Cangkringan
2026-07-01 15:13:27 [INFO]   KAB [3471] Kota Yogyakarta
2026-07-01 15:13:28 [INFO]     KEC [347101] Tegalrejo
2026-07-01 15:13:28 [INFO]       4 kelurahan di Tegalrejo
2026-07-01 15:13:28 [INFO]     KEC [347102] Jetis
2026-07-01 15:13:29 [INFO]       3 kelurahan di Jetis
2026-07-01 15:13:29 [INFO]     KEC [347103] Gondokusuman
2026-07-01 15:13:29 [INFO]       5 kelurahan di Gondokusuman
2026-07-01 15:13:29 [INFO]     KEC [347104] Danurejan
2026-07-01 15:13:30 [INFO]       3 kelurahan di Danurejan
2026-07-01 15:13:30 [INFO]     KEC [347105] Gedongtengen
2026-07-01 15:13:31 [INFO]       2 kelurahan di Gedongtengen
2026-07-01 15:13:31 [INFO]     KEC [347106] Ngampilan
2026-07-01 15:13:31 [INFO]       2 kelurahan di Ngampilan
2026-07-01 15:13:31 [INFO]     KEC [347107] Wirobrajan
2026-07-01 15:13:32 [INFO]       3 kelurahan di Wirobrajan
2026-07-01 15:13:32 [INFO]     KEC [347108] Mantrijeron
2026-07-01 15:13:32 [INFO]       3 kelurahan di Mantrijeron
2026-07-01 15:13:32 [INFO]     KEC [347109] Kraton
2026-07-01 15:13:33 [INFO]       3 kelurahan di Kraton
2026-07-01 15:13:33 [INFO]     KEC [347110] Gondomanan
2026-07-01 15:13:34 [INFO]       2 kelurahan di Gondomanan
2026-07-01 15:13:34 [INFO]     KEC [347111] Pakualaman
2026-07-01 15:13:34 [INFO]       2 kelurahan di Pakualaman
2026-07-01 15:13:34 [INFO]     KEC [347112] Mergangsan
2026-07-01 15:13:35 [INFO]       3 kelurahan di Mergangsan
2026-07-01 15:13:35 [INFO]     KEC [347113] Umbulharjo
2026-07-01 15:13:35 [INFO]       7 kelurahan di Umbulharjo
2026-07-01 15:13:35 [INFO]     KEC [347114] Kotagede
2026-07-01 15:13:36 [INFO]       3 kelurahan di Kotagede
2026-07-01 15:13:36 [INFO] PROVINSI SELESAI [34] Daerah Istimewa Yogyakarta
2026-07-01 15:13:36 [INFO] PROVINSI [35] Jawa Timur
2026-07-01 15:13:37 [INFO]   KAB [3501] Kabupaten Pacitan
2026-07-01 15:13:37 [INFO]     KEC [350101] Donorojo
2026-07-01 15:13:38 [INFO]       12 kelurahan di Donorojo
2026-07-01 15:13:38 [INFO]     KEC [350102] Pringkuku
2026-07-01 15:13:38 [INFO]       13 kelurahan di Pringkuku
2026-07-01 15:13:38 [INFO]     KEC [350103] Punung
2026-07-01 15:13:39 [INFO]       13 kelurahan di Punung
2026-07-01 15:13:39 [INFO]     KEC [350104] Pacitan
2026-07-01 15:13:40 [INFO]       25 kelurahan di Pacitan
2026-07-01 15:13:40 [INFO]     KEC [350105] Kebonagung
2026-07-01 15:13:40 [INFO]       19 kelurahan di Kebonagung
2026-07-01 15:13:40 [INFO]     KEC [350106] Arjosari
2026-07-01 15:13:41 [INFO]       17 kelurahan di Arjosari
2026-07-01 15:13:41 [INFO]     KEC [350107] Nawangan
2026-07-01 15:13:41 [INFO]       9 kelurahan di Nawangan
2026-07-01 15:13:41 [INFO]     KEC [350108] Bandar
2026-07-01 15:13:42 [INFO]       8 kelurahan di Bandar
2026-07-01 15:13:42 [INFO]     KEC [350109] Tegalombo
2026-07-01 15:13:42 [INFO]       11 kelurahan di Tegalombo
2026-07-01 15:13:42 [INFO]     KEC [350110] Tulakan
2026-07-01 15:13:43 [INFO]       17 kelurahan di Tulakan
2026-07-01 15:13:43 [INFO]     KEC [350111] Ngadirojo
2026-07-01 15:13:43 [INFO]       18 kelurahan di Ngadirojo
2026-07-01 15:13:43 [INFO]     KEC [350112] Sudimoro
2026-07-01 15:13:44 [INFO]       10 kelurahan di Sudimoro
2026-07-01 15:13:44 [INFO]   KAB [3502] Kabupaten Ponorogo
2026-07-01 15:13:45 [INFO]     KEC [350201] Slahung
2026-07-01 15:13:45 [INFO]       22 kelurahan di Slahung
2026-07-01 15:13:45 [INFO]     KEC [350202] Ngrayun
2026-07-01 15:13:46 [INFO]       11 kelurahan di Ngrayun
2026-07-01 15:13:46 [INFO]     KEC [350203] Bungkal
2026-07-01 15:13:46 [INFO]       19 kelurahan di Bungkal
2026-07-01 15:13:46 [INFO]     KEC [350204] Sambit
2026-07-01 15:13:47 [INFO]       16 kelurahan di Sambit
2026-07-01 15:13:47 [INFO]     KEC [350205] Sawoo
2026-07-01 15:13:47 [INFO]       14 kelurahan di Sawoo
2026-07-01 15:13:47 [INFO]     KEC [350206] Sooko
2026-07-01 15:13:48 [INFO]       6 kelurahan di Sooko
2026-07-01 15:13:48 [INFO]     KEC [350207] Pulung
2026-07-01 15:13:49 [INFO]       18 kelurahan di Pulung
2026-07-01 15:13:49 [INFO]     KEC [350208] Mlarak
2026-07-01 15:13:49 [INFO]       15 kelurahan di Mlarak
2026-07-01 15:13:49 [INFO]     KEC [350209] Jetis
2026-07-01 15:13:50 [INFO]       14 kelurahan di Jetis
2026-07-01 15:13:50 [INFO]     KEC [350210] Siman
2026-07-01 15:13:50 [INFO]       18 kelurahan di Siman
2026-07-01 15:13:50 [INFO]     KEC [350211] Balong
2026-07-01 15:13:51 [INFO]       20 kelurahan di Balong
2026-07-01 15:13:51 [INFO]     KEC [350212] Kauman
2026-07-01 15:13:51 [INFO]       16 kelurahan di Kauman
2026-07-01 15:13:51 [INFO]     KEC [350213] Badegan
2026-07-01 15:13:52 [INFO]       10 kelurahan di Badegan
2026-07-01 15:13:52 [INFO]     KEC [350214] Sampung
2026-07-01 15:13:52 [INFO]       12 kelurahan di Sampung
2026-07-01 15:13:52 [INFO]     KEC [350215] Sukorejo
2026-07-01 15:13:53 [INFO]       18 kelurahan di Sukorejo
2026-07-01 15:13:53 [INFO]     KEC [350216] Babadan
2026-07-01 15:13:54 [INFO]       15 kelurahan di Babadan
2026-07-01 15:13:54 [INFO]     KEC [350217] Ponorogo
2026-07-01 15:13:54 [INFO]       19 kelurahan di Ponorogo
2026-07-01 15:13:54 [INFO]     KEC [350218] Jenangan
2026-07-01 15:13:55 [INFO]       17 kelurahan di Jenangan
2026-07-01 15:13:55 [INFO]     KEC [350219] Ngebel
2026-07-01 15:13:55 [INFO]       8 kelurahan di Ngebel
2026-07-01 15:13:55 [INFO]     KEC [350220] Jambon
2026-07-01 15:13:56 [INFO]       13 kelurahan di Jambon
2026-07-01 15:13:56 [INFO]     KEC [350221] Pudak
2026-07-01 15:13:57 [INFO]       6 kelurahan di Pudak
2026-07-01 15:13:57 [INFO]   KAB [3503] Kabupaten Trenggalek
2026-07-01 15:13:57 [INFO]     KEC [350301] Panggul
2026-07-01 15:13:58 [INFO]       17 kelurahan di Panggul
2026-07-01 15:13:58 [INFO]     KEC [350302] Munjungan
2026-07-01 15:13:58 [INFO]       11 kelurahan di Munjungan
2026-07-01 15:13:58 [INFO]     KEC [350303] Pule
2026-07-01 15:13:59 [INFO]       10 kelurahan di Pule
2026-07-01 15:13:59 [INFO]     KEC [350304] Dongko
2026-07-01 15:13:59 [INFO]       10 kelurahan di Dongko
2026-07-01 15:14:00 [INFO]     KEC [350305] Tugu
2026-07-01 15:14:00 [INFO]       15 kelurahan di Tugu
2026-07-01 15:14:00 [INFO]     KEC [350306] Karangan
2026-07-01 15:14:01 [INFO]       12 kelurahan di Karangan
2026-07-01 15:14:01 [INFO]     KEC [350307] Kampak
2026-07-01 15:14:01 [INFO]       7 kelurahan di Kampak
2026-07-01 15:14:01 [INFO]     KEC [350308] Watulimo
2026-07-01 15:14:02 [INFO]       12 kelurahan di Watulimo
2026-07-01 15:14:02 [INFO]     KEC [350309] Bendungan
2026-07-01 15:14:02 [INFO]       8 kelurahan di Bendungan
2026-07-01 15:14:02 [INFO]     KEC [350310] Gandusari
2026-07-01 15:14:03 [INFO]       11 kelurahan di Gandusari
2026-07-01 15:14:03 [INFO]     KEC [350311] Trenggalek
2026-07-01 15:14:04 [INFO]       13 kelurahan di Trenggalek
2026-07-01 15:14:04 [INFO]     KEC [350312] Pogalan
2026-07-01 15:14:04 [INFO]       10 kelurahan di Pogalan
2026-07-01 15:14:04 [INFO]     KEC [350313] Durenan
2026-07-01 15:14:05 [INFO]       14 kelurahan di Durenan
2026-07-01 15:14:05 [INFO]     KEC [350314] Suruh
2026-07-01 15:14:05 [INFO]       7 kelurahan di Suruh
2026-07-01 15:14:05 [INFO]   KAB [3504] Kabupaten Tulungagung
2026-07-01 15:14:06 [INFO]     KEC [350401] Tulungagung
2026-07-01 15:14:07 [INFO]       14 kelurahan di Tulungagung
2026-07-01 15:14:07 [INFO]     KEC [350402] Boyolangu
2026-07-01 15:14:07 [INFO]       17 kelurahan di Boyolangu
2026-07-01 15:14:07 [INFO]     KEC [350403] Kedungwaru
2026-07-01 15:14:08 [INFO]       19 kelurahan di Kedungwaru
2026-07-01 15:14:08 [INFO]     KEC [350404] Ngantru
2026-07-01 15:14:08 [INFO]       13 kelurahan di Ngantru
2026-07-01 15:14:08 [INFO]     KEC [350405] Kauman
2026-07-01 15:14:09 [INFO]       13 kelurahan di Kauman
2026-07-01 15:14:09 [INFO]     KEC [350406] Pagerwojo
2026-07-01 15:14:09 [INFO]       11 kelurahan di Pagerwojo
2026-07-01 15:14:09 [INFO]     KEC [350407] Sendang
2026-07-01 15:14:10 [INFO]       11 kelurahan di Sendang
2026-07-01 15:14:10 [INFO]     KEC [350408] Karangrejo
2026-07-01 15:14:11 [INFO]       13 kelurahan di Karangrejo
2026-07-01 15:14:11 [INFO]     KEC [350409] Gondang
2026-07-01 15:14:11 [INFO]       20 kelurahan di Gondang
2026-07-01 15:14:11 [INFO]     KEC [350410] Sumbergempol
2026-07-01 15:14:12 [INFO]       17 kelurahan di Sumbergempol
2026-07-01 15:14:12 [INFO]     KEC [350411] Ngunut
2026-07-01 15:14:12 [INFO]       18 kelurahan di Ngunut
2026-07-01 15:14:12 [INFO]     KEC [350412] Pucanglaban
2026-07-01 15:14:13 [INFO]       9 kelurahan di Pucanglaban
2026-07-01 15:14:13 [INFO]     KEC [350413] Rejotangan
2026-07-01 15:14:13 [INFO]       16 kelurahan di Rejotangan
2026-07-01 15:14:13 [INFO]     KEC [350414] Kalidawir
2026-07-01 15:14:14 [INFO]       17 kelurahan di Kalidawir
2026-07-01 15:14:14 [INFO]     KEC [350415] Besuki
2026-07-01 15:14:15 [INFO]       10 kelurahan di Besuki
2026-07-01 15:14:15 [INFO]     KEC [350416] Campurdarat
2026-07-01 15:14:15 [INFO]       9 kelurahan di Campurdarat
2026-07-01 15:14:15 [INFO]     KEC [350417] Bandung
2026-07-01 15:14:16 [INFO]       18 kelurahan di Bandung
2026-07-01 15:14:16 [INFO]     KEC [350418] Pakel
2026-07-01 15:14:16 [INFO]       19 kelurahan di Pakel
2026-07-01 15:14:16 [INFO]     KEC [350419] Tanggunggunung
2026-07-01 15:14:17 [INFO]       7 kelurahan di Tanggunggunung
2026-07-01 15:14:17 [INFO]   KAB [3505] Kabupaten Blitar
2026-07-01 15:14:17 [INFO]     KEC [350501] Wonodadi
2026-07-01 15:14:18 [INFO]       11 kelurahan di Wonodadi
2026-07-01 15:14:18 [INFO]     KEC [350502] Udanawu
2026-07-01 15:14:19 [INFO]       12 kelurahan di Udanawu
2026-07-01 15:14:19 [INFO]     KEC [350503] Srengat
2026-07-01 15:14:19 [INFO]       16 kelurahan di Srengat
2026-07-01 15:14:19 [INFO]     KEC [350504] Kademangan
2026-07-01 15:14:20 [INFO]       15 kelurahan di Kademangan
2026-07-01 15:14:20 [INFO]     KEC [350505] Bakung
2026-07-01 15:14:20 [INFO]       11 kelurahan di Bakung
2026-07-01 15:14:20 [INFO]     KEC [350506] Ponggok
2026-07-01 15:14:21 [INFO]       15 kelurahan di Ponggok
2026-07-01 15:14:21 [INFO]     KEC [350507] Sanankulon
2026-07-01 15:14:21 [INFO]       12 kelurahan di Sanankulon
2026-07-01 15:14:21 [INFO]     KEC [350508] Wonotirto
2026-07-01 15:14:22 [INFO]       8 kelurahan di Wonotirto
2026-07-01 15:14:22 [INFO]     KEC [350509] Nglegok
2026-07-01 15:14:23 [INFO]       11 kelurahan di Nglegok
2026-07-01 15:14:23 [INFO]     KEC [350510] Kanigoro
2026-07-01 15:14:23 [INFO]       12 kelurahan di Kanigoro
2026-07-01 15:14:23 [INFO]     KEC [350511] Garum
2026-07-01 15:14:24 [INFO]       9 kelurahan di Garum
2026-07-01 15:14:24 [INFO]     KEC [350512] Sutojayan
2026-07-01 15:14:24 [INFO]       11 kelurahan di Sutojayan
2026-07-01 15:14:24 [INFO]     KEC [350513] Panggungrejo
2026-07-01 15:14:25 [INFO]       10 kelurahan di Panggungrejo
2026-07-01 15:14:25 [INFO]     KEC [350514] Talun
2026-07-01 15:14:25 [INFO]       14 kelurahan di Talun
2026-07-01 15:14:26 [INFO]     KEC [350515] Gandusari
2026-07-01 15:14:26 [INFO]       14 kelurahan di Gandusari
2026-07-01 15:14:26 [INFO]     KEC [350516] Binangun
2026-07-01 15:14:27 [INFO]       12 kelurahan di Binangun
2026-07-01 15:14:27 [INFO]     KEC [350517] Wlingi
2026-07-01 15:14:27 [INFO]       9 kelurahan di Wlingi
2026-07-01 15:14:27 [INFO]     KEC [350518] Doko
2026-07-01 15:14:28 [INFO]       10 kelurahan di Doko
2026-07-01 15:14:28 [INFO]     KEC [350519] Kesamben
2026-07-01 15:14:28 [INFO]       10 kelurahan di Kesamben
2026-07-01 15:14:28 [INFO]     KEC [350520] Wates
2026-07-01 15:14:29 [INFO]       8 kelurahan di Wates
2026-07-01 15:14:29 [INFO]     KEC [350521] Selorejo
2026-07-01 15:14:30 [INFO]       10 kelurahan di Selorejo
2026-07-01 15:14:30 [INFO]     KEC [350522] Selopuro
2026-07-01 15:14:30 [INFO]       8 kelurahan di Selopuro
2026-07-01 15:14:30 [INFO]   KAB [3506] Kabupaten Kediri
2026-07-01 15:14:31 [INFO]     KEC [350601] Semen
2026-07-01 15:14:31 [INFO]       12 kelurahan di Semen
2026-07-01 15:14:31 [INFO]     KEC [350602] Mojo
2026-07-01 15:14:32 [INFO]       20 kelurahan di Mojo
2026-07-01 15:14:32 [INFO]     KEC [350603] Kras
2026-07-01 15:14:32 [INFO]       16 kelurahan di Kras
2026-07-01 15:14:32 [INFO]     KEC [350604] Ngadiluwih
2026-07-01 15:14:33 [INFO]       16 kelurahan di Ngadiluwih
2026-07-01 15:14:33 [INFO]     KEC [350605] Kandat
2026-07-01 15:14:34 [INFO]       12 kelurahan di Kandat
2026-07-01 15:14:34 [INFO]     KEC [350606] Wates
2026-07-01 15:14:34 [INFO]       18 kelurahan di Wates
2026-07-01 15:14:34 [INFO]     KEC [350607] Ngancar
2026-07-01 15:14:35 [INFO]       10 kelurahan di Ngancar
2026-07-01 15:14:35 [INFO]     KEC [350608] Puncu
2026-07-01 15:14:35 [INFO]       8 kelurahan di Puncu
2026-07-01 15:14:35 [INFO]     KEC [350609] Plosoklaten
2026-07-01 15:14:36 [INFO]       15 kelurahan di Plosoklaten
2026-07-01 15:14:36 [INFO]     KEC [350610] Gurah
2026-07-01 15:14:37 [INFO]       21 kelurahan di Gurah
2026-07-01 15:14:37 [INFO]     KEC [350611] Pagu
2026-07-01 15:14:37 [INFO]       13 kelurahan di Pagu
2026-07-01 15:14:37 [INFO]     KEC [350612] Gampengrejo
2026-07-01 15:14:38 [INFO]       11 kelurahan di Gampengrejo
2026-07-01 15:14:38 [INFO]     KEC [350613] Grogol
2026-07-01 15:14:39 [INFO]       9 kelurahan di Grogol
2026-07-01 15:14:39 [INFO]     KEC [350614] Papar
2026-07-01 15:14:39 [INFO]       17 kelurahan di Papar
2026-07-01 15:14:39 [INFO]     KEC [350615] Purwoasri
2026-07-01 15:14:40 [INFO]       23 kelurahan di Purwoasri
2026-07-01 15:14:40 [INFO]     KEC [350616] Plemahan
2026-07-01 15:14:40 [INFO]       17 kelurahan di Plemahan
2026-07-01 15:14:40 [INFO]     KEC [350617] Pare
2026-07-01 15:14:41 [INFO]       10 kelurahan di Pare
2026-07-01 15:14:41 [INFO]     KEC [350618] Kepung
2026-07-01 15:14:41 [INFO]       10 kelurahan di Kepung
2026-07-01 15:14:41 [INFO]     KEC [350619] Kandangan
2026-07-01 15:14:42 [INFO]       12 kelurahan di Kandangan
2026-07-01 15:14:42 [INFO]     KEC [350620] Tarokan
2026-07-01 15:14:43 [INFO]       10 kelurahan di Tarokan
2026-07-01 15:14:43 [INFO]     KEC [350621] Kunjang
2026-07-01 15:14:43 [INFO]       12 kelurahan di Kunjang
2026-07-01 15:14:43 [INFO]     KEC [350622] Banyakan
2026-07-01 15:14:44 [INFO]       9 kelurahan di Banyakan
2026-07-01 15:14:44 [INFO]     KEC [350623] Ringinrejo
2026-07-01 15:14:44 [INFO]       11 kelurahan di Ringinrejo
2026-07-01 15:14:44 [INFO]     KEC [350624] Kayen Kidul
2026-07-01 15:14:45 [INFO]       12 kelurahan di Kayen Kidul
2026-07-01 15:14:45 [INFO]     KEC [350625] Ngasem
2026-07-01 15:14:46 [INFO]       12 kelurahan di Ngasem
2026-07-01 15:14:46 [INFO]     KEC [350626] Badas
2026-07-01 15:14:46 [INFO]       8 kelurahan di Badas
2026-07-01 15:14:46 [INFO]   KAB [3507] Kabupaten Malang
2026-07-01 15:14:47 [INFO]     KEC [350701] Donomulyo
2026-07-01 15:14:47 [INFO]       10 kelurahan di Donomulyo
2026-07-01 15:14:47 [INFO]     KEC [350702] Pagak
2026-07-01 15:14:48 [INFO]       8 kelurahan di Pagak
2026-07-01 15:14:48 [INFO]     KEC [350703] Bantur
2026-07-01 15:14:48 [INFO]       10 kelurahan di Bantur
2026-07-01 15:14:48 [INFO]     KEC [350704] Sumbermanjing Wetan
2026-07-01 15:14:49 [INFO]       15 kelurahan di Sumbermanjing Wetan
2026-07-01 15:14:49 [INFO]     KEC [350705] Dampit
2026-07-01 15:14:50 [INFO]       12 kelurahan di Dampit
2026-07-01 15:14:50 [INFO]     KEC [350706] Ampelgading
2026-07-01 15:14:50 [INFO]       13 kelurahan di Ampelgading
2026-07-01 15:14:50 [INFO]     KEC [350707] Poncokusumo
2026-07-01 15:14:51 [INFO]       17 kelurahan di Poncokusumo
2026-07-01 15:14:51 [INFO]     KEC [350708] Wajak
2026-07-01 15:14:51 [INFO]       13 kelurahan di Wajak
2026-07-01 15:14:51 [INFO]     KEC [350709] Turen
2026-07-01 15:14:52 [INFO]       17 kelurahan di Turen
2026-07-01 15:14:52 [INFO]     KEC [350710] Gondanglegi
2026-07-01 15:14:52 [INFO]       14 kelurahan di Gondanglegi
2026-07-01 15:14:52 [INFO]     KEC [350711] Kalipare
2026-07-01 15:14:53 [INFO]       9 kelurahan di Kalipare
2026-07-01 15:14:53 [INFO]     KEC [350712] Sumberpucung
2026-07-01 15:14:54 [INFO]       7 kelurahan di Sumberpucung
2026-07-01 15:14:54 [INFO]     KEC [350713] Kepanjen
2026-07-01 15:14:54 [INFO]       18 kelurahan di Kepanjen
2026-07-01 15:14:54 [INFO]     KEC [350714] Bululawang
2026-07-01 15:14:55 [INFO]       14 kelurahan di Bululawang
2026-07-01 15:14:55 [INFO]     KEC [350715] Tajinan
2026-07-01 15:14:55 [INFO]       12 kelurahan di Tajinan
2026-07-01 15:14:55 [INFO]     KEC [350716] Tumpang
2026-07-01 15:14:56 [INFO]       15 kelurahan di Tumpang
2026-07-01 15:14:56 [INFO]     KEC [350717] Jabung
2026-07-01 15:14:56 [INFO]       15 kelurahan di Jabung
2026-07-01 15:14:56 [INFO]     KEC [350718] Pakis
2026-07-01 15:14:57 [INFO]       15 kelurahan di Pakis
2026-07-01 15:14:57 [INFO]     KEC [350719] Pakisaji
2026-07-01 15:14:58 [INFO]       12 kelurahan di Pakisaji
2026-07-01 15:14:58 [INFO]     KEC [350720] Ngajum
2026-07-01 15:14:58 [INFO]       9 kelurahan di Ngajum
2026-07-01 15:14:58 [INFO]     KEC [350721] Wagir
2026-07-01 15:14:59 [INFO]       12 kelurahan di Wagir
2026-07-01 15:14:59 [INFO]     KEC [350722] Dau
2026-07-01 15:14:59 [INFO]       10 kelurahan di Dau
2026-07-01 15:14:59 [INFO]     KEC [350723] Karangploso
2026-07-01 15:15:00 [INFO]       9 kelurahan di Karangploso
2026-07-01 15:15:00 [INFO]     KEC [350724] Singosari
2026-07-01 15:15:00 [INFO]       17 kelurahan di Singosari
2026-07-01 15:15:00 [INFO]     KEC [350725] Lawang
2026-07-01 15:15:01 [INFO]       12 kelurahan di Lawang
2026-07-01 15:15:01 [INFO]     KEC [350726] Pujon
2026-07-01 15:15:02 [INFO]       10 kelurahan di Pujon
2026-07-01 15:15:02 [INFO]     KEC [350727] Ngantang
2026-07-01 15:15:02 [INFO]       13 kelurahan di Ngantang
2026-07-01 15:15:02 [INFO]     KEC [350728] Kasembon
2026-07-01 15:15:03 [INFO]       6 kelurahan di Kasembon
2026-07-01 15:15:03 [INFO]     KEC [350729] Gedangan
2026-07-01 15:15:03 [INFO]       8 kelurahan di Gedangan
2026-07-01 15:15:03 [INFO]     KEC [350730] Tirtoyudo
2026-07-01 15:15:04 [INFO]       13 kelurahan di Tirtoyudo
2026-07-01 15:15:04 [INFO]     KEC [350731] Kromengan
2026-07-01 15:15:04 [INFO]       7 kelurahan di Kromengan
2026-07-01 15:15:04 [INFO]     KEC [350732] Wonosari
2026-07-01 15:15:05 [INFO]       8 kelurahan di Wonosari
2026-07-01 15:15:05 [INFO]     KEC [350733] Pagelaran
2026-07-01 15:15:06 [INFO]       10 kelurahan di Pagelaran
2026-07-01 15:15:06 [INFO]   KAB [3508] Kabupaten Lumajang
2026-07-01 15:15:06 [INFO]     KEC [350801] Tempursari
2026-07-01 15:15:07 [INFO]       7 kelurahan di Tempursari
2026-07-01 15:15:07 [INFO]     KEC [350802] Pronojiwo
2026-07-01 15:15:07 [INFO]       6 kelurahan di Pronojiwo
2026-07-01 15:15:07 [INFO]     KEC [350803] Candipuro
2026-07-01 15:15:08 [INFO]       10 kelurahan di Candipuro
2026-07-01 15:15:08 [INFO]     KEC [350804] Pasirian
2026-07-01 15:15:08 [INFO]       11 kelurahan di Pasirian
2026-07-01 15:15:08 [INFO]     KEC [350805] Tempeh
2026-07-01 15:15:09 [INFO]       13 kelurahan di Tempeh
2026-07-01 15:15:09 [INFO]     KEC [350806] Kunir
2026-07-01 15:15:10 [INFO]       11 kelurahan di Kunir
2026-07-01 15:15:10 [INFO]     KEC [350807] Yosowilangun
2026-07-01 15:15:10 [INFO]       12 kelurahan di Yosowilangun
2026-07-01 15:15:10 [INFO]     KEC [350808] Rowokangkung
2026-07-01 15:15:11 [INFO]       7 kelurahan di Rowokangkung
2026-07-01 15:15:11 [INFO]     KEC [350809] Tekung
2026-07-01 15:15:11 [INFO]       8 kelurahan di Tekung
2026-07-01 15:15:11 [INFO]     KEC [350810] Lumajang
2026-07-01 15:15:12 [INFO]       12 kelurahan di Lumajang
2026-07-01 15:15:12 [INFO]     KEC [350811] Pasrujambe
2026-07-01 15:15:13 [INFO]       7 kelurahan di Pasrujambe
2026-07-01 15:15:13 [INFO]     KEC [350812] Senduro
2026-07-01 15:15:13 [INFO]       12 kelurahan di Senduro
2026-07-01 15:15:13 [INFO]     KEC [350813] Gucialit
2026-07-01 15:15:14 [INFO]       9 kelurahan di Gucialit
2026-07-01 15:15:14 [INFO]     KEC [350814] Padang
2026-07-01 15:15:14 [INFO]       9 kelurahan di Padang
2026-07-01 15:15:14 [INFO]     KEC [350815] Sukodono
2026-07-01 15:15:15 [INFO]       10 kelurahan di Sukodono
2026-07-01 15:15:15 [INFO]     KEC [350816] Kedungjajang
2026-07-01 15:15:16 [INFO]       12 kelurahan di Kedungjajang
2026-07-01 15:15:16 [INFO]     KEC [350817] Jatiroto
2026-07-01 15:15:16 [INFO]       6 kelurahan di Jatiroto
2026-07-01 15:15:16 [INFO]     KEC [350818] Randuagung
2026-07-01 15:15:17 [INFO]       12 kelurahan di Randuagung
2026-07-01 15:15:17 [INFO]     KEC [350819] Klakah
2026-07-01 15:15:17 [INFO]       12 kelurahan di Klakah
2026-07-01 15:15:17 [INFO]     KEC [350820] Ranuyoso
2026-07-01 15:15:18 [INFO]       11 kelurahan di Ranuyoso
2026-07-01 15:15:18 [INFO]     KEC [350821] Sumbersuko
2026-07-01 15:15:19 [INFO]       8 kelurahan di Sumbersuko
2026-07-01 15:15:19 [INFO]   KAB [3509] Kabupaten Jember
2026-07-01 15:15:19 [INFO]     KEC [350901] Jombang
2026-07-01 15:15:20 [INFO]       6 kelurahan di Jombang
2026-07-01 15:15:20 [INFO]     KEC [350902] Kencong
2026-07-01 15:15:20 [INFO]       5 kelurahan di Kencong
2026-07-01 15:15:20 [INFO]     KEC [350903] Sumberbaru
2026-07-01 15:15:21 [INFO]       10 kelurahan di Sumberbaru
2026-07-01 15:15:21 [INFO]     KEC [350904] Gumukmas
2026-07-01 15:15:22 [INFO]       8 kelurahan di Gumukmas
2026-07-01 15:15:22 [INFO]     KEC [350905] Umbulsari
2026-07-01 15:15:22 [INFO]       10 kelurahan di Umbulsari
2026-07-01 15:15:22 [INFO]     KEC [350906] Tanggul
2026-07-01 15:15:23 [INFO]       8 kelurahan di Tanggul
2026-07-01 15:15:23 [INFO]     KEC [350907] Semboro
2026-07-01 15:15:23 [INFO]       6 kelurahan di Semboro
2026-07-01 15:15:23 [INFO]     KEC [350908] Puger
2026-07-01 15:15:24 [INFO]       12 kelurahan di Puger
2026-07-01 15:15:24 [INFO]     KEC [350909] Bangsalsari
2026-07-01 15:15:24 [INFO]       11 kelurahan di Bangsalsari
2026-07-01 15:15:24 [INFO]     KEC [350910] Balung
2026-07-01 15:15:25 [INFO]       8 kelurahan di Balung
2026-07-01 15:15:25 [INFO]     KEC [350911] Wuluhan
2026-07-01 15:15:26 [INFO]       7 kelurahan di Wuluhan
2026-07-01 15:15:26 [INFO]     KEC [350912] Ambulu
2026-07-01 15:15:26 [INFO]       7 kelurahan di Ambulu
2026-07-01 15:15:26 [INFO]     KEC [350913] Rambipuji
2026-07-01 15:15:27 [INFO]       8 kelurahan di Rambipuji
2026-07-01 15:15:27 [INFO]     KEC [350914] Panti
2026-07-01 15:15:27 [INFO]       7 kelurahan di Panti
2026-07-01 15:15:27 [INFO]     KEC [350915] Sukorambi
2026-07-01 15:15:28 [INFO]       5 kelurahan di Sukorambi
2026-07-01 15:15:28 [INFO]     KEC [350916] Jenggawah
2026-07-01 15:15:28 [INFO]       8 kelurahan di Jenggawah
2026-07-01 15:15:28 [INFO]     KEC [350917] Ajung
2026-07-01 15:15:29 [INFO]       7 kelurahan di Ajung
2026-07-01 15:15:29 [INFO]     KEC [350918] Tempurejo
2026-07-01 15:15:30 [INFO]       8 kelurahan di Tempurejo
2026-07-01 15:15:30 [INFO]     KEC [350919] Kaliwates
2026-07-01 15:15:30 [INFO]       7 kelurahan di Kaliwates
2026-07-01 15:15:30 [INFO]     KEC [350920] Patrang
2026-07-01 15:15:31 [INFO]       8 kelurahan di Patrang
2026-07-01 15:15:31 [INFO]     KEC [350921] Sumbersari
2026-07-01 15:15:31 [INFO]       7 kelurahan di Sumbersari
2026-07-01 15:15:31 [INFO]     KEC [350922] Arjasa
2026-07-01 15:15:32 [INFO]       6 kelurahan di Arjasa
2026-07-01 15:15:32 [INFO]     KEC [350923] Mumbulsari
2026-07-01 15:15:33 [INFO]       7 kelurahan di Mumbulsari
2026-07-01 15:15:33 [INFO]     KEC [350924] Pakusari
2026-07-01 15:15:33 [INFO]       7 kelurahan di Pakusari
2026-07-01 15:15:33 [INFO]     KEC [350925] Jelbuk
2026-07-01 15:15:34 [INFO]       6 kelurahan di Jelbuk
2026-07-01 15:15:34 [INFO]     KEC [350926] Mayang
2026-07-01 15:15:35 [INFO]       7 kelurahan di Mayang
2026-07-01 15:15:35 [INFO]     KEC [350927] Kalisat
2026-07-01 15:15:35 [INFO]       12 kelurahan di Kalisat
2026-07-01 15:15:35 [INFO]     KEC [350928] Ledokombo
2026-07-01 15:15:36 [INFO]       10 kelurahan di Ledokombo
2026-07-01 15:15:36 [INFO]     KEC [350929] Sukowono
2026-07-01 15:15:36 [INFO]       12 kelurahan di Sukowono
2026-07-01 15:15:36 [INFO]     KEC [350930] Silo
2026-07-01 15:15:37 [INFO]       9 kelurahan di Silo
2026-07-01 15:15:37 [INFO]     KEC [350931] Sumberjambe
2026-07-01 15:15:38 [INFO]       9 kelurahan di Sumberjambe
2026-07-01 15:15:38 [INFO]   KAB [3510] Kabupaten Banyuwangi
2026-07-01 15:15:38 [INFO]     KEC [351001] Pesanggaran
2026-07-01 15:15:39 [INFO]       5 kelurahan di Pesanggaran
2026-07-01 15:15:39 [INFO]     KEC [351002] Bangorejo
2026-07-01 15:15:39 [INFO]       7 kelurahan di Bangorejo
2026-07-01 15:15:39 [INFO]     KEC [351003] Purwoharjo
2026-07-01 15:15:40 [INFO]       8 kelurahan di Purwoharjo
2026-07-01 15:15:40 [INFO]     KEC [351004] Tegaldlimo
2026-07-01 15:15:40 [INFO]       9 kelurahan di Tegaldlimo
2026-07-01 15:15:40 [INFO]     KEC [351005] Muncar
2026-07-01 15:15:41 [INFO]       10 kelurahan di Muncar
2026-07-01 15:15:41 [INFO]     KEC [351006] Cluring
2026-07-01 15:15:42 [INFO]       9 kelurahan di Cluring
2026-07-01 15:15:42 [INFO]     KEC [351007] Gambiran
2026-07-01 15:15:42 [INFO]       6 kelurahan di Gambiran
2026-07-01 15:15:42 [INFO]     KEC [351008] Srono
2026-07-01 15:15:43 [INFO]       10 kelurahan di Srono
2026-07-01 15:15:43 [INFO]     KEC [351009] Genteng
2026-07-01 15:15:43 [INFO]       5 kelurahan di Genteng
2026-07-01 15:15:43 [INFO]     KEC [351010] Glenmore
2026-07-01 15:15:44 [INFO]       7 kelurahan di Glenmore
2026-07-01 15:15:44 [INFO]     KEC [351011] Kalibaru
2026-07-01 15:15:44 [INFO]       6 kelurahan di Kalibaru
2026-07-01 15:15:45 [INFO]     KEC [351012] Singojuruh
2026-07-01 15:15:45 [INFO]       11 kelurahan di Singojuruh
2026-07-01 15:15:45 [INFO]     KEC [351013] Rogojampi
2026-07-01 15:15:46 [INFO]       10 kelurahan di Rogojampi
2026-07-01 15:15:46 [INFO]     KEC [351014] Kabat
2026-07-01 15:15:46 [INFO]       14 kelurahan di Kabat
2026-07-01 15:15:46 [INFO]     KEC [351015] Glagah
2026-07-01 15:15:47 [INFO]       10 kelurahan di Glagah
2026-07-01 15:15:47 [INFO]     KEC [351016] Banyuwangi
2026-07-01 15:15:47 [INFO]       18 kelurahan di Banyuwangi
2026-07-01 15:15:47 [INFO]     KEC [351017] Giri
2026-07-01 15:15:48 [INFO]       6 kelurahan di Giri
2026-07-01 15:15:48 [INFO]     KEC [351018] Wongsorejo
2026-07-01 15:15:49 [INFO]       12 kelurahan di Wongsorejo
2026-07-01 15:15:49 [INFO]     KEC [351019] Songgon
2026-07-01 15:15:49 [INFO]       9 kelurahan di Songgon
2026-07-01 15:15:49 [INFO]     KEC [351020] Sempu
2026-07-01 15:15:50 [INFO]       7 kelurahan di Sempu
2026-07-01 15:15:50 [INFO]     KEC [351021] Kalipuro
2026-07-01 15:15:50 [INFO]       9 kelurahan di Kalipuro
2026-07-01 15:15:50 [INFO]     KEC [351022] Siliragung
2026-07-01 15:15:51 [INFO]       5 kelurahan di Siliragung
2026-07-01 15:15:51 [INFO]     KEC [351023] Tegalsari
2026-07-01 15:15:51 [INFO]       6 kelurahan di Tegalsari
2026-07-01 15:15:51 [INFO]     KEC [351024] Licin
2026-07-01 15:15:52 [INFO]       8 kelurahan di Licin
2026-07-01 15:15:52 [INFO]     KEC [351025] Blimbingsari
2026-07-01 15:15:53 [INFO]       10 kelurahan di Blimbingsari
2026-07-01 15:15:53 [INFO]   KAB [3511] Kabupaten Bondowoso
2026-07-01 15:15:53 [INFO]     KEC [351101] Maesan
2026-07-01 15:15:54 [INFO]       12 kelurahan di Maesan
2026-07-01 15:15:54 [INFO]     KEC [351102] Tamanan
2026-07-01 15:15:54 [INFO]       9 kelurahan di Tamanan
2026-07-01 15:15:54 [INFO]     KEC [351103] Tlogosari
2026-07-01 15:15:55 [INFO]       10 kelurahan di Tlogosari
2026-07-01 15:15:55 [INFO]     KEC [351104] Sukosari
2026-07-01 15:15:56 [INFO]       4 kelurahan di Sukosari
2026-07-01 15:15:56 [INFO]     KEC [351105] Pujer
2026-07-01 15:15:56 [INFO]       11 kelurahan di Pujer
2026-07-01 15:15:56 [INFO]     KEC [351106] Grujugan
2026-07-01 15:15:57 [INFO]       11 kelurahan di Grujugan
2026-07-01 15:15:57 [INFO]     KEC [351107] Curahdami
2026-07-01 15:15:57 [INFO]       12 kelurahan di Curahdami
2026-07-01 15:15:57 [INFO]     KEC [351108] Tenggarang
2026-07-01 15:15:58 [INFO]       12 kelurahan di Tenggarang
2026-07-01 15:15:58 [INFO]     KEC [351109] Wonosari
2026-07-01 15:15:59 [INFO]       12 kelurahan di Wonosari
2026-07-01 15:15:59 [INFO]     KEC [351110] Tapen
2026-07-01 15:15:59 [INFO]       9 kelurahan di Tapen
2026-07-01 15:15:59 [INFO]     KEC [351111] Bondowoso
2026-07-01 15:16:00 [INFO]       11 kelurahan di Bondowoso
2026-07-01 15:16:00 [INFO]     KEC [351112] Wringin
2026-07-01 15:16:00 [INFO]       13 kelurahan di Wringin
2026-07-01 15:16:00 [INFO]     KEC [351113] Tegalampel
2026-07-01 15:16:01 [INFO]       8 kelurahan di Tegalampel
2026-07-01 15:16:01 [INFO]     KEC [351114] Klabang
2026-07-01 15:16:01 [INFO]       11 kelurahan di Klabang
2026-07-01 15:16:01 [INFO]     KEC [351115] Cermee
2026-07-01 15:16:02 [INFO]       15 kelurahan di Cermee
2026-07-01 15:16:02 [INFO]     KEC [351116] Prajekan
2026-07-01 15:16:03 [INFO]       7 kelurahan di Prajekan
2026-07-01 15:16:03 [INFO]     KEC [351117] Pakem
2026-07-01 15:16:03 [INFO]       8 kelurahan di Pakem
2026-07-01 15:16:03 [INFO]     KEC [351118] Sumberwringin
2026-07-01 15:16:04 [INFO]       6 kelurahan di Sumberwringin
2026-07-01 15:16:04 [INFO]     KEC [351119] Sempol
2026-07-01 15:16:04 [INFO]       6 kelurahan di Sempol
2026-07-01 15:16:04 [INFO]     KEC [351120] Binakal
2026-07-01 15:16:05 [INFO]       8 kelurahan di Binakal
2026-07-01 15:16:05 [INFO]     KEC [351121] Taman Krocok
2026-07-01 15:16:05 [INFO]       7 kelurahan di Taman Krocok
2026-07-01 15:16:05 [INFO]     KEC [351122] Botolinggo
2026-07-01 15:16:06 [INFO]       8 kelurahan di Botolinggo
2026-07-01 15:16:06 [INFO]     KEC [351123] Jambesari Darus Sholah
2026-07-01 15:16:06 [INFO]       9 kelurahan di Jambesari Darus Sholah
2026-07-01 15:16:06 [INFO]   KAB [3512] Kabupaten Situbondo
2026-07-01 15:16:07 [INFO]     KEC [351201] Jatibanteng
2026-07-01 15:16:08 [INFO]       8 kelurahan di Jatibanteng
2026-07-01 15:16:08 [INFO]     KEC [351202] Besuki
2026-07-01 15:16:08 [INFO]       10 kelurahan di Besuki
2026-07-01 15:16:08 [INFO]     KEC [351203] Suboh
2026-07-01 15:16:09 [INFO]       8 kelurahan di Suboh
2026-07-01 15:16:09 [INFO]     KEC [351204] Mlandingan
2026-07-01 15:16:09 [INFO]       7 kelurahan di Mlandingan
2026-07-01 15:16:09 [INFO]     KEC [351205] Kendit
2026-07-01 15:16:10 [INFO]       7 kelurahan di Kendit
2026-07-01 15:16:10 [INFO]     KEC [351206] Panarukan
2026-07-01 15:16:10 [INFO]       8 kelurahan di Panarukan
2026-07-01 15:16:10 [INFO]     KEC [351207] Situbondo
2026-07-01 15:16:11 [INFO]       6 kelurahan di Situbondo
2026-07-01 15:16:11 [INFO]     KEC [351208] Panji
2026-07-01 15:16:12 [INFO]       12 kelurahan di Panji
2026-07-01 15:16:12 [INFO]     KEC [351209] Mangaran
2026-07-01 15:16:12 [INFO]       6 kelurahan di Mangaran
2026-07-01 15:16:12 [INFO]     KEC [351210] Kapongan
2026-07-01 15:16:13 [INFO]       10 kelurahan di Kapongan
2026-07-01 15:16:13 [INFO]     KEC [351211] Arjasa
2026-07-01 15:16:13 [INFO]       8 kelurahan di Arjasa
2026-07-01 15:16:13 [INFO]     KEC [351212] Jangkar
2026-07-01 15:16:14 [INFO]       8 kelurahan di Jangkar
2026-07-01 15:16:14 [INFO]     KEC [351213] Asembagus
2026-07-01 15:16:14 [INFO]       10 kelurahan di Asembagus
2026-07-01 15:16:14 [INFO]     KEC [351214] Banyuputih
2026-07-01 15:16:15 [INFO]       5 kelurahan di Banyuputih
2026-07-01 15:16:15 [INFO]     KEC [351215] Sumbermalang
2026-07-01 15:16:16 [INFO]       9 kelurahan di Sumbermalang
2026-07-01 15:16:16 [INFO]     KEC [351216] Banyuglugur
2026-07-01 15:16:16 [INFO]       7 kelurahan di Banyuglugur
2026-07-01 15:16:16 [INFO]     KEC [351217] Bungatan
2026-07-01 15:16:17 [INFO]       7 kelurahan di Bungatan
2026-07-01 15:16:17 [INFO]   KAB [3513] Kabupaten Probolinggo
2026-07-01 15:16:17 [INFO]     KEC [351301] Sukapura
2026-07-01 15:16:18 [INFO]       12 kelurahan di Sukapura
2026-07-01 15:16:18 [INFO]     KEC [351302] Sumber
2026-07-01 15:16:18 [INFO]       9 kelurahan di Sumber
2026-07-01 15:16:18 [INFO]     KEC [351303] Kuripan
2026-07-01 15:16:19 [INFO]       7 kelurahan di Kuripan
2026-07-01 15:16:19 [INFO]     KEC [351304] Bantaran
2026-07-01 15:16:19 [INFO]       10 kelurahan di Bantaran
2026-07-01 15:16:19 [INFO]     KEC [351305] Leces
2026-07-01 15:16:20 [INFO]       10 kelurahan di Leces
2026-07-01 15:16:20 [INFO]     KEC [351306] Banyuanyar
2026-07-01 15:16:21 [INFO]       14 kelurahan di Banyuanyar
2026-07-01 15:16:21 [INFO]     KEC [351307] Tiris
2026-07-01 15:16:21 [INFO]       16 kelurahan di Tiris
2026-07-01 15:16:21 [INFO]     KEC [351308] Krucil
2026-07-01 15:16:22 [INFO]       14 kelurahan di Krucil
2026-07-01 15:16:22 [INFO]     KEC [351309] Gading
2026-07-01 15:16:22 [INFO]       19 kelurahan di Gading
2026-07-01 15:16:22 [INFO]     KEC [351310] Pakuniran
2026-07-01 15:16:23 [INFO]       17 kelurahan di Pakuniran
2026-07-01 15:16:23 [INFO]     KEC [351311] Kotaanyar
2026-07-01 15:16:23 [INFO]       13 kelurahan di Kotaanyar
2026-07-01 15:16:23 [INFO]     KEC [351312] Paiton
2026-07-01 15:16:24 [INFO]       20 kelurahan di Paiton
2026-07-01 15:16:24 [INFO]     KEC [351313] Besuk
2026-07-01 15:16:25 [INFO]       17 kelurahan di Besuk
2026-07-01 15:16:25 [INFO]     KEC [351314] Kraksaan
2026-07-01 15:16:25 [INFO]       18 kelurahan di Kraksaan
2026-07-01 15:16:25 [INFO]     KEC [351315] Krejengan
2026-07-01 15:16:26 [INFO]       17 kelurahan di Krejengan
2026-07-01 15:16:26 [INFO]     KEC [351316] Pajarakan
2026-07-01 15:16:26 [INFO]       12 kelurahan di Pajarakan
2026-07-01 15:16:26 [INFO]     KEC [351317] Maron
2026-07-01 15:16:27 [INFO]       18 kelurahan di Maron
2026-07-01 15:16:27 [INFO]     KEC [351318] Gending
2026-07-01 15:16:27 [INFO]       13 kelurahan di Gending
2026-07-01 15:16:27 [INFO]     KEC [351319] Dringu
2026-07-01 15:16:28 [INFO]       14 kelurahan di Dringu
2026-07-01 15:16:28 [INFO]     KEC [351320] Tegalsiwalan
2026-07-01 15:16:29 [INFO]       12 kelurahan di Tegalsiwalan
2026-07-01 15:16:29 [INFO]     KEC [351321] Sumberasih
2026-07-01 15:16:29 [INFO]       13 kelurahan di Sumberasih
2026-07-01 15:16:29 [INFO]     KEC [351322] Wonomerto
2026-07-01 15:16:30 [INFO]       11 kelurahan di Wonomerto
2026-07-01 15:16:30 [INFO]     KEC [351323] Tongas
2026-07-01 15:16:30 [INFO]       14 kelurahan di Tongas
2026-07-01 15:16:30 [INFO]     KEC [351324] Lumbang
2026-07-01 15:16:31 [INFO]       10 kelurahan di Lumbang
2026-07-01 15:16:31 [INFO]   KAB [3514] Kabupaten Pasuruan
2026-07-01 15:16:32 [INFO]     KEC [351401] Purwodadi
2026-07-01 15:16:32 [INFO]       13 kelurahan di Purwodadi
2026-07-01 15:16:32 [INFO]     KEC [351402] Tutur
2026-07-01 15:16:33 [INFO]       12 kelurahan di Tutur
2026-07-01 15:16:33 [INFO]     KEC [351403] Puspo
2026-07-01 15:16:33 [INFO]       7 kelurahan di Puspo
2026-07-01 15:16:33 [INFO]     KEC [351404] Lumbang
2026-07-01 15:16:34 [INFO]       12 kelurahan di Lumbang
2026-07-01 15:16:34 [INFO]     KEC [351405] Pasrepan
2026-07-01 15:16:34 [INFO]       17 kelurahan di Pasrepan
2026-07-01 15:16:34 [INFO]     KEC [351406] Kejayan
2026-07-01 15:16:35 [INFO]       25 kelurahan di Kejayan
2026-07-01 15:16:35 [INFO]     KEC [351407] Wonorejo
2026-07-01 15:16:36 [INFO]       15 kelurahan di Wonorejo
2026-07-01 15:16:36 [INFO]     KEC [351408] Purwosari
2026-07-01 15:16:36 [INFO]       15 kelurahan di Purwosari
2026-07-01 15:16:36 [INFO]     KEC [351409] Sukorejo
2026-07-01 15:16:37 [INFO]       19 kelurahan di Sukorejo
2026-07-01 15:16:37 [INFO]     KEC [351410] Prigen
2026-07-01 15:16:37 [INFO]       14 kelurahan di Prigen
2026-07-01 15:16:37 [INFO]     KEC [351411] Pandaan
2026-07-01 15:16:38 [INFO]       18 kelurahan di Pandaan
2026-07-01 15:16:38 [INFO]     KEC [351412] Gempol
2026-07-01 15:16:38 [INFO]       15 kelurahan di Gempol
2026-07-01 15:16:38 [INFO]     KEC [351413] Beji
2026-07-01 15:16:39 [INFO]       14 kelurahan di Beji
2026-07-01 15:16:39 [INFO]     KEC [351414] Bangil
2026-07-01 15:16:40 [INFO]       15 kelurahan di Bangil
2026-07-01 15:16:40 [INFO]     KEC [351415] Rembang
2026-07-01 15:16:40 [INFO]       17 kelurahan di Rembang
2026-07-01 15:16:40 [INFO]     KEC [351416] Kraton
2026-07-01 15:16:41 [INFO]       25 kelurahan di Kraton
2026-07-01 15:16:41 [INFO]     KEC [351417] Pohjentrek
2026-07-01 15:16:41 [INFO]       9 kelurahan di Pohjentrek
2026-07-01 15:16:41 [INFO]     KEC [351418] Gondangwetan
2026-07-01 15:16:42 [INFO]       20 kelurahan di Gondangwetan
2026-07-01 15:16:42 [INFO]     KEC [351419] Winongan
2026-07-01 15:16:42 [INFO]       18 kelurahan di Winongan
2026-07-01 15:16:42 [INFO]     KEC [351420] Grati
2026-07-01 15:16:43 [INFO]       15 kelurahan di Grati
2026-07-01 15:16:43 [INFO]     KEC [351421] Nguling
2026-07-01 15:16:43 [INFO]       15 kelurahan di Nguling
2026-07-01 15:16:43 [INFO]     KEC [351422] Lekok
2026-07-01 15:16:44 [INFO]       11 kelurahan di Lekok
2026-07-01 15:16:44 [INFO]     KEC [351423] Rejoso
2026-07-01 15:16:45 [INFO]       16 kelurahan di Rejoso
2026-07-01 15:16:45 [INFO]     KEC [351424] Tosari
2026-07-01 15:16:45 [INFO]       8 kelurahan di Tosari
2026-07-01 15:16:45 [INFO]   KAB [3515] Kabupaten Sidoarjo
2026-07-01 15:16:46 [INFO]     KEC [351501] Tarik
2026-07-01 15:16:46 [INFO]       20 kelurahan di Tarik
2026-07-01 15:16:46 [INFO]     KEC [351502] Prambon
2026-07-01 15:16:47 [INFO]       20 kelurahan di Prambon
2026-07-01 15:16:47 [INFO]     KEC [351503] Krembung
2026-07-01 15:16:48 [INFO]       19 kelurahan di Krembung
2026-07-01 15:16:48 [INFO]     KEC [351504] Porong
2026-07-01 15:16:48 [INFO]       15 kelurahan di Porong
2026-07-01 15:16:48 [INFO]     KEC [351505] Jabon
2026-07-01 15:16:49 [INFO]       13 kelurahan di Jabon
2026-07-01 15:16:49 [INFO]     KEC [351506] Tanggulangin
2026-07-01 15:16:49 [INFO]       18 kelurahan di Tanggulangin
2026-07-01 15:16:49 [INFO]     KEC [351507] Candi
2026-07-01 15:16:50 [INFO]       24 kelurahan di Candi
2026-07-01 15:16:50 [INFO]     KEC [351508] Sidoarjo
2026-07-01 15:16:50 [INFO]       24 kelurahan di Sidoarjo
2026-07-01 15:16:50 [INFO]     KEC [351509] Tulangan
2026-07-01 15:16:51 [INFO]       22 kelurahan di Tulangan
2026-07-01 15:16:51 [INFO]     KEC [351510] Wonoayu
2026-07-01 15:16:52 [INFO]       23 kelurahan di Wonoayu
2026-07-01 15:16:52 [INFO]     KEC [351511] Krian
2026-07-01 15:16:52 [INFO]       22 kelurahan di Krian
2026-07-01 15:16:52 [INFO]     KEC [351512] Balongbendo
2026-07-01 15:16:53 [INFO]       20 kelurahan di Balongbendo
2026-07-01 15:16:53 [INFO]     KEC [351513] Taman
2026-07-01 15:16:53 [INFO]       24 kelurahan di Taman
2026-07-01 15:16:53 [INFO]     KEC [351514] Sukodono
2026-07-01 15:16:54 [INFO]       19 kelurahan di Sukodono
2026-07-01 15:16:54 [INFO]     KEC [351515] Buduran
2026-07-01 15:16:54 [INFO]       15 kelurahan di Buduran
2026-07-01 15:16:54 [INFO]     KEC [351516] Gedangan
2026-07-01 15:16:55 [INFO]       15 kelurahan di Gedangan
2026-07-01 15:16:55 [INFO]     KEC [351517] Sedati
2026-07-01 15:16:56 [INFO]       16 kelurahan di Sedati
2026-07-01 15:16:56 [INFO]     KEC [351518] Waru
2026-07-01 15:16:56 [INFO]       17 kelurahan di Waru
2026-07-01 15:16:56 [INFO]   KAB [3516] Kabupaten Mojokerto
2026-07-01 15:16:57 [INFO]     KEC [351601] Jatirejo
2026-07-01 15:16:57 [INFO]       19 kelurahan di Jatirejo
2026-07-01 15:16:57 [INFO]     KEC [351602] Gondang
2026-07-01 15:16:58 [INFO]       18 kelurahan di Gondang
2026-07-01 15:16:58 [INFO]     KEC [351603] Pacet
2026-07-01 15:16:58 [INFO]       20 kelurahan di Pacet
2026-07-01 15:16:58 [INFO]     KEC [351604] Trawas
2026-07-01 15:16:59 [INFO]       13 kelurahan di Trawas
2026-07-01 15:16:59 [INFO]     KEC [351605] Ngoro
2026-07-01 15:17:00 [INFO]       19 kelurahan di Ngoro
2026-07-01 15:17:00 [INFO]     KEC [351606] Pungging
2026-07-01 15:17:00 [INFO]       19 kelurahan di Pungging
2026-07-01 15:17:00 [INFO]     KEC [351607] Kutorejo
2026-07-01 15:17:01 [INFO]       17 kelurahan di Kutorejo
2026-07-01 15:17:01 [INFO]     KEC [351608] Mojosari
2026-07-01 15:17:01 [INFO]       19 kelurahan di Mojosari
2026-07-01 15:17:01 [INFO]     KEC [351609] Dlanggu
2026-07-01 15:17:02 [INFO]       16 kelurahan di Dlanggu
2026-07-01 15:17:02 [INFO]     KEC [351610] Bangsal
2026-07-01 15:17:02 [INFO]       17 kelurahan di Bangsal
2026-07-01 15:17:02 [INFO]     KEC [351611] Puri
2026-07-01 15:17:03 [INFO]       16 kelurahan di Puri
2026-07-01 15:17:03 [INFO]     KEC [351612] Trowulan
2026-07-01 15:17:04 [INFO]       16 kelurahan di Trowulan
2026-07-01 15:17:04 [INFO]     KEC [351613] Sooko
2026-07-01 15:17:04 [INFO]       15 kelurahan di Sooko
2026-07-01 15:17:04 [INFO]     KEC [351614] Gedeg
2026-07-01 15:17:05 [INFO]       14 kelurahan di Gedeg
2026-07-01 15:17:05 [INFO]     KEC [351615] Kemlagi
2026-07-01 15:17:05 [INFO]       20 kelurahan di Kemlagi
2026-07-01 15:17:05 [INFO]     KEC [351616] Jetis
2026-07-01 15:17:06 [INFO]       16 kelurahan di Jetis
2026-07-01 15:17:06 [INFO]     KEC [351617] Dawarblandong
2026-07-01 15:17:06 [INFO]       18 kelurahan di Dawarblandong
2026-07-01 15:17:06 [INFO]     KEC [351618] Mojoanyar
2026-07-01 15:17:07 [INFO]       12 kelurahan di Mojoanyar
2026-07-01 15:17:07 [INFO]   KAB [3517] Kabupaten Jombang
2026-07-01 15:17:08 [INFO]     KEC [351701] Perak
2026-07-01 15:17:08 [INFO]       13 kelurahan di Perak
2026-07-01 15:17:08 [INFO]     KEC [351702] Gudo
2026-07-01 15:17:09 [INFO]       18 kelurahan di Gudo
2026-07-01 15:17:09 [INFO]     KEC [351703] Ngoro
2026-07-01 15:17:09 [INFO]       13 kelurahan di Ngoro
2026-07-01 15:17:09 [INFO]     KEC [351704] Bareng
2026-07-01 15:17:10 [INFO]       13 kelurahan di Bareng
2026-07-01 15:17:10 [INFO]     KEC [351705] Wonosalam
2026-07-01 15:17:10 [INFO]       9 kelurahan di Wonosalam
2026-07-01 15:17:10 [INFO]     KEC [351706] Mojoagung
2026-07-01 15:17:11 [INFO]       18 kelurahan di Mojoagung
2026-07-01 15:17:11 [INFO]     KEC [351707] Mojowarno
2026-07-01 15:17:12 [INFO]       19 kelurahan di Mojowarno
2026-07-01 15:17:12 [INFO]     KEC [351708] Diwek
2026-07-01 15:17:13 [INFO]       20 kelurahan di Diwek
2026-07-01 15:17:13 [INFO]     KEC [351709] Jombang
2026-07-01 15:17:13 [INFO]       20 kelurahan di Jombang
2026-07-01 15:17:13 [INFO]     KEC [351710] Peterongan
2026-07-01 15:17:14 [INFO]       14 kelurahan di Peterongan
2026-07-01 15:17:14 [INFO]     KEC [351711] Sumobito
2026-07-01 15:17:14 [INFO]       21 kelurahan di Sumobito
2026-07-01 15:17:14 [INFO]     KEC [351712] Kesamben
2026-07-01 15:17:15 [INFO]       14 kelurahan di Kesamben
2026-07-01 15:17:15 [INFO]     KEC [351713] Tembelang
2026-07-01 15:17:15 [INFO]       15 kelurahan di Tembelang
2026-07-01 15:17:16 [INFO]     KEC [351714] Ploso
2026-07-01 15:17:16 [INFO]       13 kelurahan di Ploso
2026-07-01 15:17:16 [INFO]     KEC [351715] Plandaan
2026-07-01 15:17:17 [INFO]       13 kelurahan di Plandaan
2026-07-01 15:17:17 [INFO]     KEC [351716] Kabuh
2026-07-01 15:17:18 [INFO]       16 kelurahan di Kabuh
2026-07-01 15:17:18 [INFO]     KEC [351717] Kudu
2026-07-01 15:17:18 [INFO]       11 kelurahan di Kudu
2026-07-01 15:17:18 [INFO]     KEC [351718] Bandarkedungmulyo
2026-07-01 15:17:19 [INFO]       11 kelurahan di Bandarkedungmulyo
2026-07-01 15:17:19 [INFO]     KEC [351719] Jogoroto
2026-07-01 15:17:19 [INFO]       11 kelurahan di Jogoroto
2026-07-01 15:17:19 [INFO]     KEC [351720] Megaluh
2026-07-01 15:17:20 [INFO]       13 kelurahan di Megaluh
2026-07-01 15:17:20 [INFO]     KEC [351721] Ngusikan
2026-07-01 15:17:20 [INFO]       11 kelurahan di Ngusikan
2026-07-01 15:17:20 [INFO]   KAB [3518] Kabupaten Nganjuk
2026-07-01 15:17:21 [INFO]     KEC [351801] Sawahan
2026-07-01 15:17:22 [INFO]       9 kelurahan di Sawahan
2026-07-01 15:17:22 [INFO]     KEC [351802] Ngetos
2026-07-01 15:17:22 [INFO]       9 kelurahan di Ngetos
2026-07-01 15:17:22 [INFO]     KEC [351803] Berbek
2026-07-01 15:17:23 [INFO]       19 kelurahan di Berbek
2026-07-01 15:17:23 [INFO]     KEC [351804] Loceret
2026-07-01 15:17:23 [INFO]       22 kelurahan di Loceret
2026-07-01 15:17:23 [INFO]     KEC [351805] Pace
2026-07-01 15:17:24 [INFO]       18 kelurahan di Pace
2026-07-01 15:17:24 [INFO]     KEC [351806] Prambon
2026-07-01 15:17:25 [INFO]       14 kelurahan di Prambon
2026-07-01 15:17:25 [INFO]     KEC [351807] Ngronggot
2026-07-01 15:17:25 [INFO]       13 kelurahan di Ngronggot
2026-07-01 15:17:25 [INFO]     KEC [351808] Kertosono
2026-07-01 15:17:26 [INFO]       14 kelurahan di Kertosono
2026-07-01 15:17:26 [INFO]     KEC [351809] Patianrowo
2026-07-01 15:17:26 [INFO]       11 kelurahan di Patianrowo
2026-07-01 15:17:26 [INFO]     KEC [351810] Baron
2026-07-01 15:17:27 [INFO]       11 kelurahan di Baron
2026-07-01 15:17:27 [INFO]     KEC [351811] Tanjunganom
2026-07-01 15:17:28 [INFO]       16 kelurahan di Tanjunganom
2026-07-01 15:17:28 [INFO]     KEC [351812] Sukomoro
2026-07-01 15:17:28 [INFO]       12 kelurahan di Sukomoro
2026-07-01 15:17:28 [INFO]     KEC [351813] Nganjuk
2026-07-01 15:17:29 [INFO]       15 kelurahan di Nganjuk
2026-07-01 15:17:29 [INFO]     KEC [351814] Bagor
2026-07-01 15:17:29 [INFO]       21 kelurahan di Bagor
2026-07-01 15:17:29 [INFO]     KEC [351815] Wilangan
2026-07-01 15:17:30 [INFO]       6 kelurahan di Wilangan
2026-07-01 15:17:30 [INFO]     KEC [351816] Rejoso
2026-07-01 15:17:31 [INFO]       24 kelurahan di Rejoso
2026-07-01 15:17:31 [INFO]     KEC [351817] Gondang
2026-07-01 15:17:31 [INFO]       17 kelurahan di Gondang
2026-07-01 15:17:31 [INFO]     KEC [351818] Ngluyu
2026-07-01 15:17:32 [INFO]       6 kelurahan di Ngluyu
2026-07-01 15:17:32 [INFO]     KEC [351819] Lengkong
2026-07-01 15:17:32 [INFO]       16 kelurahan di Lengkong
2026-07-01 15:17:32 [INFO]     KEC [351820] Jatikalen
2026-07-01 15:17:33 [INFO]       11 kelurahan di Jatikalen
2026-07-01 15:17:33 [INFO]   KAB [3519] Kabupaten Madiun
2026-07-01 15:17:34 [INFO]     KEC [351901] Kebonsari
2026-07-01 15:17:34 [INFO]       14 kelurahan di Kebonsari
2026-07-01 15:17:34 [INFO]     KEC [351902] Dolopo
2026-07-01 15:17:35 [INFO]       12 kelurahan di Dolopo
2026-07-01 15:17:35 [INFO]     KEC [351903] Geger
2026-07-01 15:17:35 [INFO]       19 kelurahan di Geger
2026-07-01 15:17:35 [INFO]     KEC [351904] Dagangan
2026-07-01 15:17:36 [INFO]       17 kelurahan di Dagangan
2026-07-01 15:17:36 [INFO]     KEC [351905] Kare
2026-07-01 15:17:36 [INFO]       8 kelurahan di Kare
2026-07-01 15:17:36 [INFO]     KEC [351906] Gemarang
2026-07-01 15:17:37 [INFO]       7 kelurahan di Gemarang
2026-07-01 15:17:37 [INFO]     KEC [351907] Wungu
2026-07-01 15:17:37 [INFO]       14 kelurahan di Wungu
2026-07-01 15:17:38 [INFO]     KEC [351908] Madiun
2026-07-01 15:17:38 [INFO]       13 kelurahan di Madiun
2026-07-01 15:17:38 [INFO]     KEC [351909] Jiwan
2026-07-01 15:17:39 [INFO]       14 kelurahan di Jiwan
2026-07-01 15:17:39 [INFO]     KEC [351910] Balerejo
2026-07-01 15:17:39 [INFO]       18 kelurahan di Balerejo
2026-07-01 15:17:39 [INFO]     KEC [351911] Mejayan
2026-07-01 15:17:40 [INFO]       14 kelurahan di Mejayan
2026-07-01 15:17:40 [INFO]     KEC [351912] Saradan
2026-07-01 15:17:40 [INFO]       15 kelurahan di Saradan
2026-07-01 15:17:40 [INFO]     KEC [351913] Pilangkenceng
2026-07-01 15:17:41 [INFO]       18 kelurahan di Pilangkenceng
2026-07-01 15:17:41 [INFO]     KEC [351914] Sawahan
2026-07-01 15:17:42 [INFO]       13 kelurahan di Sawahan
2026-07-01 15:17:42 [INFO]     KEC [351915] Wonoasri
2026-07-01 15:17:42 [INFO]       10 kelurahan di Wonoasri
2026-07-01 15:17:42 [INFO]   KAB [3520] Kabupaten Magetan
2026-07-01 15:17:43 [INFO]     KEC [352001] Poncol
2026-07-01 15:17:43 [INFO]       8 kelurahan di Poncol
2026-07-01 15:17:43 [INFO]     KEC [352002] Parang
2026-07-01 15:17:44 [INFO]       13 kelurahan di Parang
2026-07-01 15:17:44 [INFO]     KEC [352003] Lembeyan
2026-07-01 15:17:44 [INFO]       10 kelurahan di Lembeyan
2026-07-01 15:17:44 [INFO]     KEC [352004] Takeran
2026-07-01 15:17:45 [INFO]       12 kelurahan di Takeran
2026-07-01 15:17:45 [INFO]     KEC [352005] Kawedanan
2026-07-01 15:17:45 [INFO]       20 kelurahan di Kawedanan
2026-07-01 15:17:45 [INFO]     KEC [352006] Magetan
2026-07-01 15:17:46 [INFO]       14 kelurahan di Magetan
2026-07-01 15:17:46 [INFO]     KEC [352007] Plaosan
2026-07-01 15:17:47 [INFO]       15 kelurahan di Plaosan
2026-07-01 15:17:47 [INFO]     KEC [352008] Panekan
2026-07-01 15:17:47 [INFO]       17 kelurahan di Panekan
2026-07-01 15:17:47 [INFO]     KEC [352009] Sukomoro
2026-07-01 15:17:48 [INFO]       14 kelurahan di Sukomoro
2026-07-01 15:17:48 [INFO]     KEC [352010] Bendo
2026-07-01 15:17:48 [INFO]       16 kelurahan di Bendo
2026-07-01 15:17:48 [INFO]     KEC [352011] Maospati
2026-07-01 15:17:49 [INFO]       15 kelurahan di Maospati
2026-07-01 15:17:49 [INFO]     KEC [352012] Barat
2026-07-01 15:17:50 [INFO]       14 kelurahan di Barat
2026-07-01 15:17:50 [INFO]     KEC [352013] Karangrejo
2026-07-01 15:17:50 [INFO]       13 kelurahan di Karangrejo
2026-07-01 15:17:50 [INFO]     KEC [352014] Karas
2026-07-01 15:17:51 [INFO]       11 kelurahan di Karas
2026-07-01 15:17:51 [INFO]     KEC [352015] Kartoharjo
2026-07-01 15:17:52 [INFO]       12 kelurahan di Kartoharjo
2026-07-01 15:17:52 [INFO]     KEC [352016] Ngariboyo
2026-07-01 15:17:52 [INFO]       12 kelurahan di Ngariboyo
2026-07-01 15:17:52 [INFO]     KEC [352017] Nguntoronadi
2026-07-01 15:17:53 [INFO]       9 kelurahan di Nguntoronadi
2026-07-01 15:17:53 [INFO]     KEC [352018] Sidorejo
2026-07-01 15:17:53 [INFO]       10 kelurahan di Sidorejo
2026-07-01 15:17:53 [INFO]   KAB [3521] Kabupaten Ngawi
2026-07-01 15:17:54 [INFO]     KEC [352101] Sine
2026-07-01 15:17:54 [INFO]       15 kelurahan di Sine
2026-07-01 15:17:54 [INFO]     KEC [352102] Ngrambe
2026-07-01 15:17:55 [INFO]       14 kelurahan di Ngrambe
2026-07-01 15:17:55 [INFO]     KEC [352103] Jogorogo
2026-07-01 15:17:55 [INFO]       12 kelurahan di Jogorogo
2026-07-01 15:17:55 [INFO]     KEC [352104] Kendal
2026-07-01 15:17:56 [INFO]       10 kelurahan di Kendal
2026-07-01 15:17:56 [INFO]     KEC [352105] Geneng
2026-07-01 15:17:57 [INFO]       13 kelurahan di Geneng
2026-07-01 15:17:57 [INFO]     KEC [352106] Kwadungan
2026-07-01 15:17:57 [INFO]       14 kelurahan di Kwadungan
2026-07-01 15:17:57 [INFO]     KEC [352107] Karangjati
2026-07-01 15:17:58 [INFO]       17 kelurahan di Karangjati
2026-07-01 15:17:58 [INFO]     KEC [352108] Padas
2026-07-01 15:17:58 [INFO]       12 kelurahan di Padas
2026-07-01 15:17:58 [INFO]     KEC [352109] Ngawi
2026-07-01 15:17:59 [INFO]       16 kelurahan di Ngawi
2026-07-01 15:17:59 [INFO]     KEC [352110] Paron
2026-07-01 15:17:59 [INFO]       14 kelurahan di Paron
2026-07-01 15:17:59 [INFO]     KEC [352111] Kedunggalar
2026-07-01 15:18:00 [INFO]       12 kelurahan di Kedunggalar
2026-07-01 15:18:00 [INFO]     KEC [352112] Widodaren
2026-07-01 15:18:01 [INFO]       12 kelurahan di Widodaren
2026-07-01 15:18:01 [INFO]     KEC [352113] Mantingan
2026-07-01 15:18:01 [INFO]       7 kelurahan di Mantingan
2026-07-01 15:18:01 [INFO]     KEC [352114] Pangkur
2026-07-01 15:18:02 [INFO]       9 kelurahan di Pangkur
2026-07-01 15:18:02 [INFO]     KEC [352115] Bringin
2026-07-01 15:18:02 [INFO]       10 kelurahan di Bringin
2026-07-01 15:18:02 [INFO]     KEC [352116] Pitu
2026-07-01 15:18:03 [INFO]       10 kelurahan di Pitu
2026-07-01 15:18:03 [INFO]     KEC [352117] Karanganyar
2026-07-01 15:18:03 [INFO]       7 kelurahan di Karanganyar
2026-07-01 15:18:03 [INFO]     KEC [352118] Gerih
2026-07-01 15:18:04 [INFO]       5 kelurahan di Gerih
2026-07-01 15:18:04 [INFO]     KEC [352119] Kasreman
2026-07-01 15:18:05 [INFO]       8 kelurahan di Kasreman
2026-07-01 15:18:05 [INFO]   KAB [3522] Kabupaten Bojonegoro
2026-07-01 15:18:05 [INFO]     KEC [352201] Ngraho
2026-07-01 15:18:06 [INFO]       16 kelurahan di Ngraho
2026-07-01 15:18:06 [INFO]     KEC [352202] Tambakrejo
2026-07-01 15:18:06 [INFO]       18 kelurahan di Tambakrejo
2026-07-01 15:18:06 [INFO]     KEC [352203] Ngambon
2026-07-01 15:18:07 [INFO]       5 kelurahan di Ngambon
2026-07-01 15:18:07 [INFO]     KEC [352204] Ngasem
2026-07-01 15:18:07 [INFO]       17 kelurahan di Ngasem
2026-07-01 15:18:07 [INFO]     KEC [352205] Bubulan
2026-07-01 15:18:08 [INFO]       5 kelurahan di Bubulan
2026-07-01 15:18:08 [INFO]     KEC [352206] Dander
2026-07-01 15:18:09 [INFO]       16 kelurahan di Dander
2026-07-01 15:18:09 [INFO]     KEC [352207] Sugihwaras
2026-07-01 15:18:10 [INFO]       17 kelurahan di Sugihwaras
2026-07-01 15:18:10 [INFO]     KEC [352208] Kedungadem
2026-07-01 15:18:10 [INFO]       23 kelurahan di Kedungadem
2026-07-01 15:18:10 [INFO]     KEC [352209] Kepohbaru
2026-07-01 15:18:11 [INFO]       25 kelurahan di Kepohbaru
2026-07-01 15:18:11 [INFO]     KEC [352210] Baureno
2026-07-01 15:18:11 [INFO]       25 kelurahan di Baureno
2026-07-01 15:18:11 [INFO]     KEC [352211] Kanor
2026-07-01 15:18:12 [INFO]       25 kelurahan di Kanor
2026-07-01 15:18:12 [INFO]     KEC [352212] Sumberrejo
2026-07-01 15:18:12 [INFO]       26 kelurahan di Sumberrejo
2026-07-01 15:18:12 [INFO]     KEC [352213] Balen
2026-07-01 15:18:13 [INFO]       23 kelurahan di Balen
2026-07-01 15:18:13 [INFO]     KEC [352214] Kapas
2026-07-01 15:18:14 [INFO]       21 kelurahan di Kapas
2026-07-01 15:18:14 [INFO]     KEC [352215] Bojonegoro
2026-07-01 15:18:14 [INFO]       18 kelurahan di Bojonegoro
2026-07-01 15:18:14 [INFO]     KEC [352216] Kalitidu
2026-07-01 15:18:15 [INFO]       18 kelurahan di Kalitidu
2026-07-01 15:18:15 [INFO]     KEC [352217] Malo
2026-07-01 15:18:15 [INFO]       20 kelurahan di Malo
2026-07-01 15:18:15 [INFO]     KEC [352218] Purwosari
2026-07-01 15:18:16 [INFO]       12 kelurahan di Purwosari
2026-07-01 15:18:16 [INFO]     KEC [352219] Padangan
2026-07-01 15:18:16 [INFO]       16 kelurahan di Padangan
2026-07-01 15:18:16 [INFO]     KEC [352220] Kasiman
2026-07-01 15:18:17 [INFO]       10 kelurahan di Kasiman
2026-07-01 15:18:17 [INFO]     KEC [352221] Temayang
2026-07-01 15:18:18 [INFO]       12 kelurahan di Temayang
2026-07-01 15:18:18 [INFO]     KEC [352222] Margomulyo
2026-07-01 15:18:18 [INFO]       6 kelurahan di Margomulyo
2026-07-01 15:18:18 [INFO]     KEC [352223] Trucuk
2026-07-01 15:18:19 [INFO]       12 kelurahan di Trucuk
2026-07-01 15:18:19 [INFO]     KEC [352224] Sukosewu
2026-07-01 15:18:19 [INFO]       14 kelurahan di Sukosewu
2026-07-01 15:18:19 [INFO]     KEC [352225] Kedewan
2026-07-01 15:18:20 [INFO]       5 kelurahan di Kedewan
2026-07-01 15:18:20 [INFO]     KEC [352226] Gondang
2026-07-01 15:18:20 [INFO]       7 kelurahan di Gondang
2026-07-01 15:18:20 [INFO]     KEC [352227] Sekar
2026-07-01 15:18:21 [INFO]       6 kelurahan di Sekar
2026-07-01 15:18:21 [INFO]     KEC [352228] Gayam
2026-07-01 15:18:22 [INFO]       12 kelurahan di Gayam
2026-07-01 15:18:22 [INFO]   KAB [3523] Kabupaten Tuban
2026-07-01 15:18:22 [INFO]     KEC [352301] Kenduruan
2026-07-01 15:18:23 [INFO]       9 kelurahan di Kenduruan
2026-07-01 15:18:23 [INFO]     KEC [352302] Jatirogo
2026-07-01 15:18:23 [INFO]       18 kelurahan di Jatirogo
2026-07-01 15:18:23 [INFO]     KEC [352303] Bangilan
2026-07-01 15:18:24 [INFO]       14 kelurahan di Bangilan
2026-07-01 15:18:24 [INFO]     KEC [352304] Bancar
2026-07-01 15:18:25 [INFO]       24 kelurahan di Bancar
2026-07-01 15:18:25 [INFO]     KEC [352305] Senori
2026-07-01 15:18:25 [INFO]       12 kelurahan di Senori
2026-07-01 15:18:25 [INFO]     KEC [352306] Tambakboyo
2026-07-01 15:18:26 [INFO]       18 kelurahan di Tambakboyo
2026-07-01 15:18:26 [INFO]     KEC [352307] Singgahan
2026-07-01 15:18:26 [INFO]       12 kelurahan di Singgahan
2026-07-01 15:18:26 [INFO]     KEC [352308] Kerek
2026-07-01 15:18:27 [INFO]       17 kelurahan di Kerek
2026-07-01 15:18:27 [INFO]     KEC [352309] Parengan
2026-07-01 15:18:27 [INFO]       18 kelurahan di Parengan
2026-07-01 15:18:27 [INFO]     KEC [352310] Montong
2026-07-01 15:18:28 [INFO]       13 kelurahan di Montong
2026-07-01 15:18:28 [INFO]     KEC [352311] Soko
2026-07-01 15:18:29 [INFO]       23 kelurahan di Soko
2026-07-01 15:18:29 [INFO]     KEC [352312] Jenu
2026-07-01 15:18:29 [INFO]       17 kelurahan di Jenu
2026-07-01 15:18:29 [INFO]     KEC [352313] Merakurak
2026-07-01 15:18:30 [INFO]       19 kelurahan di Merakurak
2026-07-01 15:18:30 [INFO]     KEC [352314] Rengel
2026-07-01 15:18:30 [INFO]       16 kelurahan di Rengel
2026-07-01 15:18:30 [INFO]     KEC [352315] Semanding
2026-07-01 15:18:31 [INFO]       17 kelurahan di Semanding
2026-07-01 15:18:31 [INFO]     KEC [352316] Tuban
2026-07-01 15:18:31 [INFO]       17 kelurahan di Tuban
2026-07-01 15:18:31 [INFO]     KEC [352317] Plumpang
2026-07-01 15:18:32 [INFO]       18 kelurahan di Plumpang
2026-07-01 15:18:32 [INFO]     KEC [352318] Palang
2026-07-01 15:18:33 [INFO]       19 kelurahan di Palang
2026-07-01 15:18:33 [INFO]     KEC [352319] Widang
2026-07-01 15:18:33 [INFO]       16 kelurahan di Widang
2026-07-01 15:18:33 [INFO]     KEC [352320] Grabagan
2026-07-01 15:18:34 [INFO]       11 kelurahan di Grabagan
2026-07-01 15:18:34 [INFO]   KAB [3524] Kabupaten Lamongan
2026-07-01 15:18:34 [INFO]     KEC [352401] Sukorame
2026-07-01 15:18:35 [INFO]       9 kelurahan di Sukorame
2026-07-01 15:18:35 [INFO]     KEC [352402] Bluluk
2026-07-01 15:18:36 [INFO]       9 kelurahan di Bluluk
2026-07-01 15:18:36 [INFO]     KEC [352403] Modo
2026-07-01 15:18:36 [INFO]       17 kelurahan di Modo
2026-07-01 15:18:36 [INFO]     KEC [352404] Ngimbang
2026-07-01 15:18:37 [INFO]       19 kelurahan di Ngimbang
2026-07-01 15:18:37 [INFO]     KEC [352405] Babat
2026-07-01 15:18:37 [INFO]       23 kelurahan di Babat
2026-07-01 15:18:37 [INFO]     KEC [352406] Kedungpring
2026-07-01 15:18:38 [INFO]       23 kelurahan di Kedungpring
2026-07-01 15:18:38 [INFO]     KEC [352407] Brondong
2026-07-01 15:18:38 [INFO]       10 kelurahan di Brondong
2026-07-01 15:18:38 [INFO]     KEC [352408] Laren
2026-07-01 15:18:39 [INFO]       20 kelurahan di Laren
2026-07-01 15:18:39 [INFO]     KEC [352409] Sekaran
2026-07-01 15:18:40 [INFO]       21 kelurahan di Sekaran
2026-07-01 15:18:40 [INFO]     KEC [352410] Maduran
2026-07-01 15:18:40 [INFO]       17 kelurahan di Maduran
2026-07-01 15:18:40 [INFO]     KEC [352411] Sambeng
2026-07-01 15:18:41 [INFO]       22 kelurahan di Sambeng
2026-07-01 15:18:41 [INFO]     KEC [352412] Sugio
2026-07-01 15:18:41 [INFO]       21 kelurahan di Sugio
2026-07-01 15:18:41 [INFO]     KEC [352413] Pucuk
2026-07-01 15:18:42 [INFO]       17 kelurahan di Pucuk
2026-07-01 15:18:42 [INFO]     KEC [352414] Paciran
2026-07-01 15:18:42 [INFO]       17 kelurahan di Paciran
2026-07-01 15:18:42 [INFO]     KEC [352415] Solokuro
2026-07-01 15:18:43 [INFO]       10 kelurahan di Solokuro
2026-07-01 15:18:43 [INFO]     KEC [352416] Mantup
2026-07-01 15:18:44 [INFO]       15 kelurahan di Mantup
2026-07-01 15:18:44 [INFO]     KEC [352417] Sukodadi
2026-07-01 15:18:44 [INFO]       20 kelurahan di Sukodadi
2026-07-01 15:18:44 [INFO]     KEC [352418] Karanggeneng
2026-07-01 15:18:45 [INFO]       18 kelurahan di Karanggeneng
2026-07-01 15:18:45 [INFO]     KEC [352419] Kembangbahu
2026-07-01 15:18:45 [INFO]       18 kelurahan di Kembangbahu
2026-07-01 15:18:45 [INFO]     KEC [352420] Kalitengah
2026-07-01 15:18:46 [INFO]       20 kelurahan di Kalitengah
2026-07-01 15:18:46 [INFO]     KEC [352421] Turi
2026-07-01 15:18:46 [INFO]       19 kelurahan di Turi
2026-07-01 15:18:46 [INFO]     KEC [352422] Lamongan
2026-07-01 15:18:47 [INFO]       20 kelurahan di Lamongan
2026-07-01 15:18:47 [INFO]     KEC [352423] Tikung
2026-07-01 15:18:47 [INFO]       13 kelurahan di Tikung
2026-07-01 15:18:47 [INFO]     KEC [352424] Karangbinangun
2026-07-01 15:18:48 [INFO]       21 kelurahan di Karangbinangun
2026-07-01 15:18:48 [INFO]     KEC [352425] Deket
2026-07-01 15:18:49 [INFO]       17 kelurahan di Deket
2026-07-01 15:18:49 [INFO]     KEC [352426] Glagah
2026-07-01 15:18:49 [INFO]       29 kelurahan di Glagah
2026-07-01 15:18:49 [INFO]     KEC [352427] Sarirejo
2026-07-01 15:18:50 [INFO]       9 kelurahan di Sarirejo
2026-07-01 15:18:50 [INFO]   KAB [3525] Kabupaten Gresik
2026-07-01 15:18:50 [INFO]     KEC [352501] Dukun
2026-07-01 15:18:51 [INFO]       26 kelurahan di Dukun
2026-07-01 15:18:51 [INFO]     KEC [352502] Balongpanggang
2026-07-01 15:18:51 [INFO]       25 kelurahan di Balongpanggang
2026-07-01 15:18:51 [INFO]     KEC [352503] Panceng
2026-07-01 15:18:52 [INFO]       14 kelurahan di Panceng
2026-07-01 15:18:52 [INFO]     KEC [352504] Benjeng
2026-07-01 15:18:53 [INFO]       23 kelurahan di Benjeng
2026-07-01 15:18:53 [INFO]     KEC [352505] Duduksampeyan
2026-07-01 15:18:53 [INFO]       23 kelurahan di Duduksampeyan
2026-07-01 15:18:53 [INFO]     KEC [352506] Wringinanom
2026-07-01 15:18:54 [INFO]       16 kelurahan di Wringinanom
2026-07-01 15:18:54 [INFO]     KEC [352507] Ujungpangkah
2026-07-01 15:18:54 [INFO]       13 kelurahan di Ujungpangkah
2026-07-01 15:18:54 [INFO]     KEC [352508] Kedamean
2026-07-01 15:18:55 [INFO]       15 kelurahan di Kedamean
2026-07-01 15:18:55 [INFO]     KEC [352509] Sidayu
2026-07-01 15:18:56 [INFO]       21 kelurahan di Sidayu
2026-07-01 15:18:56 [INFO]     KEC [352510] Manyar
2026-07-01 15:18:56 [INFO]       23 kelurahan di Manyar
2026-07-01 15:18:56 [INFO]     KEC [352511] Cerme
2026-07-01 15:18:57 [INFO]       25 kelurahan di Cerme
2026-07-01 15:18:57 [INFO]     KEC [352512] Bungah
2026-07-01 15:18:57 [INFO]       22 kelurahan di Bungah
2026-07-01 15:18:57 [INFO]     KEC [352513] Menganti
2026-07-01 15:18:58 [INFO]       22 kelurahan di Menganti
2026-07-01 15:18:58 [INFO]     KEC [352514] Kebomas
2026-07-01 15:18:59 [INFO]       21 kelurahan di Kebomas
2026-07-01 15:18:59 [INFO]     KEC [352515] Driyorejo
2026-07-01 15:18:59 [INFO]       16 kelurahan di Driyorejo
2026-07-01 15:18:59 [INFO]     KEC [352516] Gresik
2026-07-01 15:19:00 [INFO]       21 kelurahan di Gresik
2026-07-01 15:19:00 [INFO]     KEC [352517] Sangkapura
2026-07-01 15:19:00 [INFO]       17 kelurahan di Sangkapura
2026-07-01 15:19:00 [INFO]     KEC [352518] Tambak
2026-07-01 15:19:01 [INFO]       13 kelurahan di Tambak
2026-07-01 15:19:01 [INFO]   KAB [3526] Kabupaten Bangkalan
2026-07-01 15:19:01 [INFO]     KEC [352601] Bangkalan
2026-07-01 15:19:02 [INFO]       13 kelurahan di Bangkalan
2026-07-01 15:19:02 [INFO]     KEC [352602] Socah
2026-07-01 15:19:02 [INFO]       11 kelurahan di Socah
2026-07-01 15:19:03 [INFO]     KEC [352603] Burneh
2026-07-01 15:19:03 [INFO]       12 kelurahan di Burneh
2026-07-01 15:19:03 [INFO]     KEC [352604] Kamal
2026-07-01 15:19:04 [INFO]       10 kelurahan di Kamal
2026-07-01 15:19:04 [INFO]     KEC [352605] Arosbaya
2026-07-01 15:19:04 [INFO]       18 kelurahan di Arosbaya
2026-07-01 15:19:04 [INFO]     KEC [352606] Geger
2026-07-01 15:19:05 [INFO]       13 kelurahan di Geger
2026-07-01 15:19:05 [INFO]     KEC [352607] Klampis
2026-07-01 15:19:05 [INFO]       22 kelurahan di Klampis
2026-07-01 15:19:05 [INFO]     KEC [352608] Sepulu
2026-07-01 15:19:06 [INFO]       15 kelurahan di Sepulu
2026-07-01 15:19:06 [INFO]     KEC [352609] Tanjung Bumi
2026-07-01 15:19:06 [INFO]       14 kelurahan di Tanjung Bumi
2026-07-01 15:19:06 [INFO]     KEC [352610] Kokop
2026-07-01 15:19:07 [INFO]       13 kelurahan di Kokop
2026-07-01 15:19:07 [INFO]     KEC [352611] Kwanyar
2026-07-01 15:19:08 [INFO]       16 kelurahan di Kwanyar
2026-07-01 15:19:08 [INFO]     KEC [352612] Labang
2026-07-01 15:19:08 [INFO]       13 kelurahan di Labang
2026-07-01 15:19:08 [INFO]     KEC [352613] Tanah Merah
2026-07-01 15:19:09 [INFO]       23 kelurahan di Tanah Merah
2026-07-01 15:19:09 [INFO]     KEC [352614] Tragah
2026-07-01 15:19:09 [INFO]       18 kelurahan di Tragah
2026-07-01 15:19:09 [INFO]     KEC [352615] Blega
2026-07-01 15:19:10 [INFO]       19 kelurahan di Blega
2026-07-01 15:19:10 [INFO]     KEC [352616] Modung
2026-07-01 15:19:10 [INFO]       17 kelurahan di Modung
2026-07-01 15:19:10 [INFO]     KEC [352617] Konang
2026-07-01 15:19:11 [INFO]       13 kelurahan di Konang
2026-07-01 15:19:11 [INFO]     KEC [352618] Galis
2026-07-01 15:19:12 [INFO]       21 kelurahan di Galis
2026-07-01 15:19:12 [INFO]   KAB [3527] Kabupaten Sampang
2026-07-01 15:19:12 [INFO]     KEC [352701] Sreseh
2026-07-01 15:19:13 [INFO]       12 kelurahan di Sreseh
2026-07-01 15:19:13 [INFO]     KEC [352702] Torjun
2026-07-01 15:19:13 [INFO]       12 kelurahan di Torjun
2026-07-01 15:19:13 [INFO]     KEC [352703] Sampang
2026-07-01 15:19:14 [INFO]       18 kelurahan di Sampang
2026-07-01 15:19:14 [INFO]     KEC [352704] Camplong
2026-07-01 15:19:14 [INFO]       14 kelurahan di Camplong
2026-07-01 15:19:14 [INFO]     KEC [352705] Omben
2026-07-01 15:19:15 [INFO]       20 kelurahan di Omben
2026-07-01 15:19:15 [INFO]     KEC [352706] Kedungdung
2026-07-01 15:19:16 [INFO]       18 kelurahan di Kedungdung
2026-07-01 15:19:16 [INFO]     KEC [352707] Jrengik
2026-07-01 15:19:16 [INFO]       14 kelurahan di Jrengik
2026-07-01 15:19:16 [INFO]     KEC [352708] Tambelangan
2026-07-01 15:19:17 [INFO]       10 kelurahan di Tambelangan
2026-07-01 15:19:17 [INFO]     KEC [352709] Banyuates
2026-07-01 15:19:17 [INFO]       20 kelurahan di Banyuates
2026-07-01 15:19:17 [INFO]     KEC [352710] Robatal
2026-07-01 15:19:18 [INFO]       9 kelurahan di Robatal
2026-07-01 15:19:18 [INFO]     KEC [352711] Sokobanah
2026-07-01 15:19:18 [INFO]       12 kelurahan di Sokobanah
2026-07-01 15:19:18 [INFO]     KEC [352712] Ketapang
2026-07-01 15:19:19 [INFO]       14 kelurahan di Ketapang
2026-07-01 15:19:19 [INFO]     KEC [352713] Pangarengan
2026-07-01 15:19:20 [INFO]       6 kelurahan di Pangarengan
2026-07-01 15:19:20 [INFO]     KEC [352714] Karangpenang
2026-07-01 15:19:20 [INFO]       7 kelurahan di Karangpenang
2026-07-01 15:19:20 [INFO]   KAB [3528] Kabupaten Pamekasan
2026-07-01 15:19:21 [INFO]     KEC [352801] Tlanakan
2026-07-01 15:19:21 [INFO]       17 kelurahan di Tlanakan
2026-07-01 15:19:21 [INFO]     KEC [352802] Pademawu
2026-07-01 15:19:22 [INFO]       22 kelurahan di Pademawu
2026-07-01 15:19:22 [INFO]     KEC [352803] Galis
2026-07-01 15:19:23 [INFO]       10 kelurahan di Galis
2026-07-01 15:19:23 [INFO]     KEC [352804] Pamekasan
2026-07-01 15:19:23 [INFO]       18 kelurahan di Pamekasan
2026-07-01 15:19:23 [INFO]     KEC [352805] Proppo
2026-07-01 15:19:24 [INFO]       27 kelurahan di Proppo
2026-07-01 15:19:24 [INFO]     KEC [352806] Palengaan
2026-07-01 15:19:24 [INFO]       12 kelurahan di Palengaan
2026-07-01 15:19:24 [INFO]     KEC [352807] Pegantenan
2026-07-01 15:19:25 [INFO]       13 kelurahan di Pegantenan
2026-07-01 15:19:25 [INFO]     KEC [352808] Larangan
2026-07-01 15:19:25 [INFO]       14 kelurahan di Larangan
2026-07-01 15:19:25 [INFO]     KEC [352809] Pakong
2026-07-01 15:19:26 [INFO]       12 kelurahan di Pakong
2026-07-01 15:19:26 [INFO]     KEC [352810] Waru
2026-07-01 15:19:26 [INFO]       12 kelurahan di Waru
2026-07-01 15:19:27 [INFO]     KEC [352811] Batumarmar
2026-07-01 15:19:27 [INFO]       13 kelurahan di Batumarmar
2026-07-01 15:19:27 [INFO]     KEC [352812] Kadur
2026-07-01 15:19:28 [INFO]       10 kelurahan di Kadur
2026-07-01 15:19:28 [INFO]     KEC [352813] Pasean
2026-07-01 15:19:28 [INFO]       9 kelurahan di Pasean
2026-07-01 15:19:28 [INFO]   KAB [3529] Kabupaten Sumenep
2026-07-01 15:19:29 [INFO]     KEC [352901] Kota Sumenep
2026-07-01 15:19:29 [INFO]       16 kelurahan di Kota Sumenep
2026-07-01 15:19:29 [INFO]     KEC [352902] Kalianget
2026-07-01 15:19:30 [INFO]       7 kelurahan di Kalianget
2026-07-01 15:19:30 [INFO]     KEC [352903] Manding
2026-07-01 15:19:30 [INFO]       11 kelurahan di Manding
2026-07-01 15:19:30 [INFO]     KEC [352904] Talango
2026-07-01 15:19:31 [INFO]       8 kelurahan di Talango
2026-07-01 15:19:31 [INFO]     KEC [352905] Bluto
2026-07-01 15:19:31 [INFO]       20 kelurahan di Bluto
2026-07-01 15:19:32 [INFO]     KEC [352906] Saronggi
2026-07-01 15:19:32 [INFO]       14 kelurahan di Saronggi
2026-07-01 15:19:32 [INFO]     KEC [352907] Lenteng
2026-07-01 15:19:33 [INFO]       20 kelurahan di Lenteng
2026-07-01 15:19:33 [INFO]     KEC [352908] Giliginting
2026-07-01 15:19:33 [INFO]       8 kelurahan di Giliginting
2026-07-01 15:19:33 [INFO]     KEC [352909] Guluk-Guluk
2026-07-01 15:19:34 [INFO]       12 kelurahan di Guluk-Guluk
2026-07-01 15:19:34 [INFO]     KEC [352910] Ganding
2026-07-01 15:19:34 [INFO]       14 kelurahan di Ganding
2026-07-01 15:19:34 [INFO]     KEC [352911] Pragaan
2026-07-01 15:19:35 [INFO]       14 kelurahan di Pragaan
2026-07-01 15:19:35 [INFO]     KEC [352912] Ambunten
2026-07-01 15:19:36 [INFO]       15 kelurahan di Ambunten
2026-07-01 15:19:36 [INFO]     KEC [352913] Pasongsongan
2026-07-01 15:19:36 [INFO]       10 kelurahan di Pasongsongan
2026-07-01 15:19:36 [INFO]     KEC [352914] Dasuk
2026-07-01 15:19:37 [INFO]       15 kelurahan di Dasuk
2026-07-01 15:19:37 [INFO]     KEC [352915] Rubaru
2026-07-01 15:19:37 [INFO]       11 kelurahan di Rubaru
2026-07-01 15:19:37 [INFO]     KEC [352916] Batang Batang
2026-07-01 15:19:38 [INFO]       16 kelurahan di Batang Batang
2026-07-01 15:19:38 [INFO]     KEC [352917] Batuputih
2026-07-01 15:19:38 [INFO]       14 kelurahan di Batuputih
2026-07-01 15:19:38 [INFO]     KEC [352918] Dungkek
2026-07-01 15:19:39 [INFO]       15 kelurahan di Dungkek
2026-07-01 15:19:39 [INFO]     KEC [352919] Gapura
2026-07-01 15:19:40 [INFO]       17 kelurahan di Gapura
2026-07-01 15:19:40 [INFO]     KEC [352920] Gayam
2026-07-01 15:19:40 [INFO]       10 kelurahan di Gayam
2026-07-01 15:19:40 [INFO]     KEC [352921] Nonggunong
2026-07-01 15:19:41 [INFO]       8 kelurahan di Nonggunong
2026-07-01 15:19:41 [INFO]     KEC [352922] Ra"as
2026-07-01 15:19:41 [INFO]       9 kelurahan di Ra"as
2026-07-01 15:19:42 [INFO]     KEC [352923] Masalembu
2026-07-01 15:19:42 [INFO]       4 kelurahan di Masalembu
2026-07-01 15:19:42 [INFO]     KEC [352924] Arjasa
2026-07-01 15:19:43 [INFO]       19 kelurahan di Arjasa
2026-07-01 15:19:43 [INFO]     KEC [352925] Sapeken
2026-07-01 15:19:43 [INFO]       11 kelurahan di Sapeken
2026-07-01 15:19:43 [INFO]     KEC [352926] Batuan
2026-07-01 15:19:44 [INFO]       7 kelurahan di Batuan
2026-07-01 15:19:44 [INFO]     KEC [352927] Kangayan
2026-07-01 15:19:44 [INFO]       9 kelurahan di Kangayan
2026-07-01 15:19:44 [INFO]   KAB [3571] Kota Kediri
2026-07-01 15:19:45 [INFO]     KEC [357101] Mojoroto
2026-07-01 15:19:45 [INFO]       14 kelurahan di Mojoroto
2026-07-01 15:19:45 [INFO]     KEC [357102] Kota
2026-07-01 15:19:46 [INFO]       17 kelurahan di Kota
2026-07-01 15:19:46 [INFO]     KEC [357103] Pesantren
2026-07-01 15:19:47 [INFO]       15 kelurahan di Pesantren
2026-07-01 15:19:47 [INFO]   KAB [3572] Kota Blitar
2026-07-01 15:19:47 [INFO]     KEC [357201] Kepanjenkidul
2026-07-01 15:19:48 [INFO]       7 kelurahan di Kepanjenkidul
2026-07-01 15:19:48 [INFO]     KEC [357202] Sukorejo
2026-07-01 15:19:48 [INFO]       7 kelurahan di Sukorejo
2026-07-01 15:19:48 [INFO]     KEC [357203] Sananwetan
2026-07-01 15:19:49 [INFO]       7 kelurahan di Sananwetan
2026-07-01 15:19:49 [INFO]   KAB [3573] Kota Malang
2026-07-01 15:19:49 [INFO]     KEC [357301] Blimbing
2026-07-01 15:19:50 [INFO]       11 kelurahan di Blimbing
2026-07-01 15:19:50 [INFO]     KEC [357302] Klojen
2026-07-01 15:19:51 [INFO]       11 kelurahan di Klojen
2026-07-01 15:19:51 [INFO]     KEC [357303] Kedungkandang
2026-07-01 15:19:51 [INFO]       12 kelurahan di Kedungkandang
2026-07-01 15:19:51 [INFO]     KEC [357304] Sukun
2026-07-01 15:19:52 [INFO]       11 kelurahan di Sukun
2026-07-01 15:19:52 [INFO]     KEC [357305] Lowokwaru
2026-07-01 15:19:52 [INFO]       12 kelurahan di Lowokwaru
2026-07-01 15:19:52 [INFO]   KAB [3574] Kota Probolinggo
2026-07-01 15:19:53 [INFO]     KEC [357401] Kademangan
2026-07-01 15:19:54 [INFO]       6 kelurahan di Kademangan
2026-07-01 15:19:54 [INFO]     KEC [357402] Wonoasih
2026-07-01 15:19:54 [INFO]       6 kelurahan di Wonoasih
2026-07-01 15:19:54 [INFO]     KEC [357403] Mayangan
2026-07-01 15:19:55 [INFO]       5 kelurahan di Mayangan
2026-07-01 15:19:55 [INFO]     KEC [357404] Kanigaran
2026-07-01 15:19:55 [INFO]       6 kelurahan di Kanigaran
2026-07-01 15:19:55 [INFO]     KEC [357405] Kedopok
2026-07-01 15:19:56 [INFO]       6 kelurahan di Kedopok
2026-07-01 15:19:56 [INFO]   KAB [3575] Kota Pasuruan
2026-07-01 15:19:56 [INFO]     KEC [357501] Gadingrejo
2026-07-01 15:19:57 [INFO]       8 kelurahan di Gadingrejo
2026-07-01 15:19:57 [INFO]     KEC [357502] Purworejo
2026-07-01 15:19:58 [INFO]       7 kelurahan di Purworejo
2026-07-01 15:19:58 [INFO]     KEC [357503] Bugul Kidul
2026-07-01 15:19:58 [INFO]       6 kelurahan di Bugul Kidul
2026-07-01 15:19:58 [INFO]     KEC [357504] Panggungrejo
2026-07-01 15:19:59 [INFO]       13 kelurahan di Panggungrejo
2026-07-01 15:19:59 [INFO]   KAB [3576] Kota Mojokerto
2026-07-01 15:19:59 [INFO]     KEC [357601] Prajuritkulon
2026-07-01 15:20:00 [INFO]       6 kelurahan di Prajuritkulon
2026-07-01 15:20:00 [INFO]     KEC [357602] Magersari
2026-07-01 15:20:01 [INFO]       6 kelurahan di Magersari
2026-07-01 15:20:01 [INFO]     KEC [357603] Kranggan
2026-07-01 15:20:01 [INFO]       6 kelurahan di Kranggan
2026-07-01 15:20:01 [INFO]   KAB [3577] Kota Madiun
2026-07-01 15:20:02 [INFO]     KEC [357701] Kartoharjo
2026-07-01 15:20:02 [INFO]       9 kelurahan di Kartoharjo
2026-07-01 15:20:02 [INFO]     KEC [357702] Manguharjo
2026-07-01 15:20:03 [INFO]       9 kelurahan di Manguharjo
2026-07-01 15:20:03 [INFO]     KEC [357703] Taman
2026-07-01 15:20:04 [INFO]       9 kelurahan di Taman
2026-07-01 15:20:04 [INFO]   KAB [3578] Kota Surabaya
2026-07-01 15:20:04 [INFO]     KEC [357801] Karang Pilang
2026-07-01 15:20:05 [INFO]       4 kelurahan di Karang Pilang
2026-07-01 15:20:05 [INFO]     KEC [357802] Wonocolo
2026-07-01 15:20:05 [INFO]       5 kelurahan di Wonocolo
2026-07-01 15:20:05 [INFO]     KEC [357803] Rungkut
2026-07-01 15:20:06 [INFO]       6 kelurahan di Rungkut
2026-07-01 15:20:06 [INFO]     KEC [357804] Wonokromo
2026-07-01 15:20:06 [INFO]       6 kelurahan di Wonokromo
2026-07-01 15:20:06 [INFO]     KEC [357805] Tegalsari
2026-07-01 15:20:07 [INFO]       5 kelurahan di Tegalsari
2026-07-01 15:20:07 [INFO]     KEC [357806] Sawahan
2026-07-01 15:20:08 [INFO]       6 kelurahan di Sawahan
2026-07-01 15:20:08 [INFO]     KEC [357807] Genteng
2026-07-01 15:20:08 [INFO]       5 kelurahan di Genteng
2026-07-01 15:20:08 [INFO]     KEC [357808] Gubeng
2026-07-01 15:20:09 [INFO]       6 kelurahan di Gubeng
2026-07-01 15:20:09 [INFO]     KEC [357809] Sukolilo
2026-07-01 15:20:09 [INFO]       7 kelurahan di Sukolilo
2026-07-01 15:20:09 [INFO]     KEC [357810] Tambaksari
2026-07-01 15:20:10 [INFO]       8 kelurahan di Tambaksari
2026-07-01 15:20:10 [INFO]     KEC [357811] Simokerto
2026-07-01 15:20:11 [INFO]       5 kelurahan di Simokerto
2026-07-01 15:20:11 [INFO]     KEC [357812] Pabean Cantian
2026-07-01 15:20:11 [INFO]       4 kelurahan di Pabean Cantian
2026-07-01 15:20:11 [INFO]     KEC [357813] Bubutan
2026-07-01 15:20:12 [INFO]       5 kelurahan di Bubutan
2026-07-01 15:20:12 [INFO]     KEC [357814] Tandes
2026-07-01 15:20:12 [INFO]       6 kelurahan di Tandes
2026-07-01 15:20:12 [INFO]     KEC [357815] Krembangan
2026-07-01 15:20:13 [INFO]       5 kelurahan di Krembangan
2026-07-01 15:20:13 [INFO]     KEC [357816] Semampir
2026-07-01 15:20:13 [INFO]       5 kelurahan di Semampir
2026-07-01 15:20:13 [INFO]     KEC [357817] Kenjeran
2026-07-01 15:20:14 [INFO]       4 kelurahan di Kenjeran
2026-07-01 15:20:14 [INFO]     KEC [357818] Lakarsantri
2026-07-01 15:20:15 [INFO]       6 kelurahan di Lakarsantri
2026-07-01 15:20:15 [INFO]     KEC [357819] Benowo
2026-07-01 15:20:16 [INFO]       4 kelurahan di Benowo
2026-07-01 15:20:16 [INFO]     KEC [357820] Wiyung
2026-07-01 15:20:16 [INFO]       4 kelurahan di Wiyung
2026-07-01 15:20:16 [INFO]     KEC [357821] Dukuh Pakis
2026-07-01 15:20:17 [INFO]       4 kelurahan di Dukuh Pakis
2026-07-01 15:20:17 [INFO]     KEC [357822] Gayungan
2026-07-01 15:20:17 [INFO]       4 kelurahan di Gayungan
2026-07-01 15:20:17 [INFO]     KEC [357823] Jambangan
2026-07-01 15:20:18 [INFO]       4 kelurahan di Jambangan
2026-07-01 15:20:18 [INFO]     KEC [357824] Tenggilis Mejoyo
2026-07-01 15:20:18 [INFO]       4 kelurahan di Tenggilis Mejoyo
2026-07-01 15:20:18 [INFO]     KEC [357825] Gunung Anyar
2026-07-01 15:20:19 [INFO]       4 kelurahan di Gunung Anyar
2026-07-01 15:20:19 [INFO]     KEC [357826] Mulyorejo
2026-07-01 15:20:19 [INFO]       6 kelurahan di Mulyorejo
2026-07-01 15:20:20 [INFO]     KEC [357827] Sukomanunggal
2026-07-01 15:20:20 [INFO]       6 kelurahan di Sukomanunggal
2026-07-01 15:20:20 [INFO]     KEC [357828] Asem Rowo
2026-07-01 15:20:21 [INFO]       3 kelurahan di Asem Rowo
2026-07-01 15:20:21 [INFO]     KEC [357829] Bulak
2026-07-01 15:20:21 [INFO]       4 kelurahan di Bulak
2026-07-01 15:20:21 [INFO]     KEC [357830] Pakal
2026-07-01 15:20:22 [INFO]       4 kelurahan di Pakal
2026-07-01 15:20:22 [INFO]     KEC [357831] Sambikerep
2026-07-01 15:20:23 [INFO]       4 kelurahan di Sambikerep
2026-07-01 15:20:23 [INFO]   KAB [3579] Kota Batu
2026-07-01 15:20:23 [INFO]     KEC [357901] Batu
2026-07-01 15:20:24 [INFO]       8 kelurahan di Batu
2026-07-01 15:20:24 [INFO]     KEC [357902] Bumiaji
2026-07-01 15:20:24 [INFO]       9 kelurahan di Bumiaji
2026-07-01 15:20:24 [INFO]     KEC [357903] Junrejo
2026-07-01 15:20:25 [INFO]       7 kelurahan di Junrejo
2026-07-01 15:20:25 [INFO] PROVINSI SELESAI [35] Jawa Timur
2026-07-01 15:20:25 [INFO] PROVINSI [36] Banten
2026-07-01 15:20:26 [INFO]   KAB [3601] Kabupaten Pandeglang
2026-07-01 15:20:26 [INFO]     KEC [360101] Sumur
2026-07-01 15:20:27 [INFO]       7 kelurahan di Sumur
2026-07-01 15:20:27 [INFO]     KEC [360102] Cimanggu
2026-07-01 15:20:28 [INFO]       12 kelurahan di Cimanggu
2026-07-01 15:20:28 [INFO]     KEC [360103] Cibaliung
2026-07-01 15:20:29 [INFO]       9 kelurahan di Cibaliung
2026-07-01 15:20:29 [INFO]     KEC [360104] Cikeusik
2026-07-01 15:20:29 [INFO]       14 kelurahan di Cikeusik
2026-07-01 15:20:29 [INFO]     KEC [360105] Cigeulis
2026-07-01 15:20:30 [INFO]       9 kelurahan di Cigeulis
2026-07-01 15:20:30 [INFO]     KEC [360106] Panimbang
2026-07-01 15:20:30 [INFO]       6 kelurahan di Panimbang
2026-07-01 15:20:31 [INFO]     KEC [360107] Angsana
2026-07-01 15:20:31 [INFO]       9 kelurahan di Angsana
2026-07-01 15:20:31 [INFO]     KEC [360108] Munjul
2026-07-01 15:20:32 [INFO]       9 kelurahan di Munjul
2026-07-01 15:20:32 [INFO]     KEC [360109] Pagelaran
2026-07-01 15:20:32 [INFO]       13 kelurahan di Pagelaran
2026-07-01 15:20:32 [INFO]     KEC [360110] Bojong
2026-07-01 15:20:33 [INFO]       8 kelurahan di Bojong
2026-07-01 15:20:33 [INFO]     KEC [360111] Picung
2026-07-01 15:20:33 [INFO]       9 kelurahan di Picung
2026-07-01 15:20:33 [INFO]     KEC [360112] Labuan
2026-07-01 15:20:34 [INFO]       9 kelurahan di Labuan
2026-07-01 15:20:34 [INFO]     KEC [360113] Menes
2026-07-01 15:20:34 [INFO]       12 kelurahan di Menes
2026-07-01 15:20:34 [INFO]     KEC [360114] Saketi
2026-07-01 15:20:35 [INFO]       14 kelurahan di Saketi
2026-07-01 15:20:35 [INFO]     KEC [360115] Cipeucang
2026-07-01 15:20:36 [INFO]       10 kelurahan di Cipeucang
2026-07-01 15:20:36 [INFO]     KEC [360116] Jiput
2026-07-01 15:20:36 [INFO]       13 kelurahan di Jiput
2026-07-01 15:20:36 [INFO]     KEC [360117] Mandalawangi
2026-07-01 15:20:37 [INFO]       15 kelurahan di Mandalawangi
2026-07-01 15:20:37 [INFO]     KEC [360118] Cimanuk
2026-07-01 15:20:37 [INFO]       11 kelurahan di Cimanuk
2026-07-01 15:20:37 [INFO]     KEC [360119] Kaduhejo
2026-07-01 15:20:38 [INFO]       10 kelurahan di Kaduhejo
2026-07-01 15:20:38 [INFO]     KEC [360120] Banjar
2026-07-01 15:20:38 [INFO]       11 kelurahan di Banjar
2026-07-01 15:20:38 [INFO]     KEC [360121] Pandeglang
2026-07-01 15:20:39 [INFO]       4 kelurahan di Pandeglang
2026-07-01 15:20:39 [INFO]     KEC [360122] Cadasari
2026-07-01 15:20:40 [INFO]       11 kelurahan di Cadasari
2026-07-01 15:20:40 [INFO]     KEC [360123] Cisata
2026-07-01 15:20:40 [INFO]       9 kelurahan di Cisata
2026-07-01 15:20:40 [INFO]     KEC [360124] Patia
2026-07-01 15:20:41 [INFO]       10 kelurahan di Patia
2026-07-01 15:20:41 [INFO]     KEC [360125] Karang Tanjung
2026-07-01 15:20:41 [INFO]       4 kelurahan di Karang Tanjung
2026-07-01 15:20:41 [INFO]     KEC [360126] Cikedal
2026-07-01 15:20:42 [INFO]       10 kelurahan di Cikedal
2026-07-01 15:20:42 [INFO]     KEC [360127] Cibitung
2026-07-01 15:20:43 [INFO]       10 kelurahan di Cibitung
2026-07-01 15:20:43 [INFO]     KEC [360128] Carita
2026-07-01 15:20:43 [INFO]       10 kelurahan di Carita
2026-07-01 15:20:43 [INFO]     KEC [360129] Sukaresmi
2026-07-01 15:20:44 [INFO]       10 kelurahan di Sukaresmi
2026-07-01 15:20:44 [INFO]     KEC [360130] Mekarjaya
2026-07-01 15:20:45 [INFO]       8 kelurahan di Mekarjaya
2026-07-01 15:20:45 [INFO]     KEC [360131] Sindangresmi
2026-07-01 15:20:45 [INFO]       9 kelurahan di Sindangresmi
2026-07-01 15:20:45 [INFO]     KEC [360132] Pulosari
2026-07-01 15:20:46 [INFO]       9 kelurahan di Pulosari
2026-07-01 15:20:46 [INFO]     KEC [360133] Koroncong
2026-07-01 15:20:46 [INFO]       12 kelurahan di Koroncong
2026-07-01 15:20:46 [INFO]     KEC [360134] Majasari
2026-07-01 15:20:47 [INFO]       5 kelurahan di Majasari
2026-07-01 15:20:47 [INFO]     KEC [360135] Sobang
2026-07-01 15:20:48 [INFO]       8 kelurahan di Sobang
2026-07-01 15:20:48 [INFO]   KAB [3602] Kabupaten Lebak
2026-07-01 15:20:48 [INFO]     KEC [360201] Malingping
2026-07-01 15:20:49 [INFO]       14 kelurahan di Malingping
2026-07-01 15:20:49 [INFO]     KEC [360202] Panggarangan
2026-07-01 15:20:50 [INFO]       11 kelurahan di Panggarangan
2026-07-01 15:20:50 [INFO]     KEC [360203] Bayah
2026-07-01 15:20:50 [INFO]       11 kelurahan di Bayah
2026-07-01 15:20:50 [INFO]     KEC [360204] Cipanas
2026-07-01 15:20:51 [INFO]       14 kelurahan di Cipanas
2026-07-01 15:20:51 [INFO]     KEC [360205] Muncang
2026-07-01 15:20:52 [INFO]       12 kelurahan di Muncang
2026-07-01 15:20:52 [INFO]     KEC [360206] Leuwidamar
2026-07-01 15:20:52 [INFO]       12 kelurahan di Leuwidamar
2026-07-01 15:20:52 [INFO]     KEC [360207] Bojongmanik
2026-07-01 15:20:53 [INFO]       9 kelurahan di Bojongmanik
2026-07-01 15:20:53 [INFO]     KEC [360208] Gunungkencana
2026-07-01 15:20:53 [INFO]       12 kelurahan di Gunungkencana
2026-07-01 15:20:53 [INFO]     KEC [360209] Banjarsari
2026-07-01 15:20:54 [INFO]       20 kelurahan di Banjarsari
2026-07-01 15:20:54 [INFO]     KEC [360210] Cileles
2026-07-01 15:20:55 [INFO]       12 kelurahan di Cileles
2026-07-01 15:20:55 [INFO]     KEC [360211] Cimarga
2026-07-01 15:20:55 [INFO]       17 kelurahan di Cimarga
2026-07-01 15:20:55 [INFO]     KEC [360212] Sajira
2026-07-01 15:20:56 [INFO]       15 kelurahan di Sajira
2026-07-01 15:20:56 [INFO]     KEC [360213] Maja
2026-07-01 15:20:56 [INFO]       14 kelurahan di Maja
2026-07-01 15:20:56 [INFO]     KEC [360214] Rangkasbitung
2026-07-01 15:20:57 [INFO]       16 kelurahan di Rangkasbitung
2026-07-01 15:20:57 [INFO]     KEC [360215] Warunggunung
2026-07-01 15:20:58 [INFO]       12 kelurahan di Warunggunung
2026-07-01 15:20:58 [INFO]     KEC [360216] Cijaku
2026-07-01 15:20:58 [INFO]       10 kelurahan di Cijaku
2026-07-01 15:20:58 [INFO]     KEC [360217] Cikulur
2026-07-01 15:20:59 [INFO]       13 kelurahan di Cikulur
2026-07-01 15:20:59 [INFO]     KEC [360218] Cibadak
2026-07-01 15:20:59 [INFO]       15 kelurahan di Cibadak
2026-07-01 15:20:59 [INFO]     KEC [360219] Cibeber
2026-07-01 15:21:00 [INFO]       22 kelurahan di Cibeber
2026-07-01 15:21:00 [INFO]     KEC [360220] Cilograng
2026-07-01 15:21:01 [INFO]       10 kelurahan di Cilograng
2026-07-01 15:21:01 [INFO]     KEC [360221] Wanasalam
2026-07-01 15:21:01 [INFO]       13 kelurahan di Wanasalam
2026-07-01 15:21:01 [INFO]     KEC [360222] Sobang
2026-07-01 15:21:02 [INFO]       10 kelurahan di Sobang
2026-07-01 15:21:02 [INFO]     KEC [360223] Curugbitung
2026-07-01 15:21:02 [INFO]       10 kelurahan di Curugbitung
2026-07-01 15:21:02 [INFO]     KEC [360224] Kalanganyar
2026-07-01 15:21:03 [INFO]       7 kelurahan di Kalanganyar
2026-07-01 15:21:03 [INFO]     KEC [360225] Lebakgedong
2026-07-01 15:21:03 [INFO]       6 kelurahan di Lebakgedong
2026-07-01 15:21:03 [INFO]     KEC [360226] Cihara
2026-07-01 15:21:04 [INFO]       9 kelurahan di Cihara
2026-07-01 15:21:04 [INFO]     KEC [360227] Cirinten
2026-07-01 15:21:05 [INFO]       10 kelurahan di Cirinten
2026-07-01 15:21:05 [INFO]     KEC [360228] Cigemblong
2026-07-01 15:21:05 [INFO]       9 kelurahan di Cigemblong
2026-07-01 15:21:05 [INFO]   KAB [3603] Kabupaten Tangerang
2026-07-01 15:21:06 [INFO]     KEC [360301] Balaraja
2026-07-01 15:21:06 [INFO]       9 kelurahan di Balaraja
2026-07-01 15:21:06 [INFO]     KEC [360302] Jayanti
2026-07-01 15:21:07 [INFO]       8 kelurahan di Jayanti
2026-07-01 15:21:07 [INFO]     KEC [360303] Tigaraksa
2026-07-01 15:21:07 [INFO]       14 kelurahan di Tigaraksa
2026-07-01 15:21:07 [INFO]     KEC [360304] Jambe
2026-07-01 15:21:08 [INFO]       10 kelurahan di Jambe
2026-07-01 15:21:08 [INFO]     KEC [360305] Cisoka
2026-07-01 15:21:09 [INFO]       10 kelurahan di Cisoka
2026-07-01 15:21:09 [INFO]     KEC [360306] Kresek
2026-07-01 15:21:09 [INFO]       9 kelurahan di Kresek
2026-07-01 15:21:09 [INFO]     KEC [360307] Kronjo
2026-07-01 15:21:10 [INFO]       10 kelurahan di Kronjo
2026-07-01 15:21:10 [INFO]     KEC [360308] Mauk
2026-07-01 15:21:10 [INFO]       12 kelurahan di Mauk
2026-07-01 15:21:10 [INFO]     KEC [360309] Kemiri
2026-07-01 15:21:11 [INFO]       7 kelurahan di Kemiri
2026-07-01 15:21:11 [INFO]     KEC [360310] Sukadiri
2026-07-01 15:21:11 [INFO]       8 kelurahan di Sukadiri
2026-07-01 15:21:11 [INFO]     KEC [360311] Rajeg
2026-07-01 15:21:12 [INFO]       13 kelurahan di Rajeg
2026-07-01 15:21:12 [INFO]     KEC [360312] Pasar Kemis
2026-07-01 15:21:12 [INFO]       9 kelurahan di Pasar Kemis
2026-07-01 15:21:12 [INFO]     KEC [360313] Teluknaga
2026-07-01 15:21:13 [INFO]       13 kelurahan di Teluknaga
2026-07-01 15:21:13 [INFO]     KEC [360314] Kosambi
2026-07-01 15:21:14 [INFO]       10 kelurahan di Kosambi
2026-07-01 15:21:14 [INFO]     KEC [360315] Pakuhaji
2026-07-01 15:21:14 [INFO]       14 kelurahan di Pakuhaji
2026-07-01 15:21:14 [INFO]     KEC [360316] Sepatan
2026-07-01 15:21:15 [INFO]       8 kelurahan di Sepatan
2026-07-01 15:21:15 [INFO]     KEC [360317] Curug
2026-07-01 15:21:15 [INFO]       7 kelurahan di Curug
2026-07-01 15:21:15 [INFO]     KEC [360318] Cikupa
2026-07-01 15:21:16 [INFO]       14 kelurahan di Cikupa
2026-07-01 15:21:16 [INFO]     KEC [360319] Panongan
2026-07-01 15:21:17 [INFO]       8 kelurahan di Panongan
2026-07-01 15:21:17 [INFO]     KEC [360320] Legok
2026-07-01 15:21:17 [INFO]       11 kelurahan di Legok
2026-07-01 15:21:17 [INFO]     KEC [360322] Pagedangan
2026-07-01 15:21:18 [INFO]       11 kelurahan di Pagedangan
2026-07-01 15:21:18 [INFO]     KEC [360323] Cisauk
2026-07-01 15:21:18 [INFO]       6 kelurahan di Cisauk
2026-07-01 15:21:18 [INFO]     KEC [360327] Sukamulya
2026-07-01 15:21:19 [INFO]       8 kelurahan di Sukamulya
2026-07-01 15:21:19 [INFO]     KEC [360328] Kelapa Dua
2026-07-01 15:21:20 [INFO]       6 kelurahan di Kelapa Dua
2026-07-01 15:21:20 [INFO]     KEC [360329] Sindang Jaya
2026-07-01 15:21:20 [INFO]       7 kelurahan di Sindang Jaya
2026-07-01 15:21:20 [INFO]     KEC [360330] Sepatan Timur
2026-07-01 15:21:21 [INFO]       8 kelurahan di Sepatan Timur
2026-07-01 15:21:21 [INFO]     KEC [360331] Solear
2026-07-01 15:21:21 [INFO]       7 kelurahan di Solear
2026-07-01 15:21:21 [INFO]     KEC [360332] Gunung Kaler
2026-07-01 15:21:22 [INFO]       9 kelurahan di Gunung Kaler
2026-07-01 15:21:22 [INFO]     KEC [360333] Mekar Baru
2026-07-01 15:21:22 [INFO]       8 kelurahan di Mekar Baru
2026-07-01 15:21:22 [INFO]   KAB [3604] Kabupaten Serang
2026-07-01 15:21:23 [INFO]     KEC [360405] Kramatwatu
2026-07-01 15:21:24 [INFO]       15 kelurahan di Kramatwatu
2026-07-01 15:21:24 [INFO]     KEC [360406] Waringinkurung
2026-07-01 15:21:24 [INFO]       11 kelurahan di Waringinkurung
2026-07-01 15:21:24 [INFO]     KEC [360407] Bojonegara
2026-07-01 15:21:25 [INFO]       11 kelurahan di Bojonegara
2026-07-01 15:21:25 [INFO]     KEC [360408] Pulo Ampel
2026-07-01 15:21:25 [INFO]       9 kelurahan di Pulo Ampel
2026-07-01 15:21:25 [INFO]     KEC [360409] Ciruas
2026-07-01 15:21:26 [INFO]       15 kelurahan di Ciruas
2026-07-01 15:21:26 [INFO]     KEC [360411] Kragilan
2026-07-01 15:21:26 [INFO]       12 kelurahan di Kragilan
2026-07-01 15:21:26 [INFO]     KEC [360412] Pontang
2026-07-01 15:21:27 [INFO]       11 kelurahan di Pontang
2026-07-01 15:21:27 [INFO]     KEC [360413] Tirtayasa
2026-07-01 15:21:27 [INFO]       14 kelurahan di Tirtayasa
2026-07-01 15:21:27 [INFO]     KEC [360414] Tanara
2026-07-01 15:21:28 [INFO]       9 kelurahan di Tanara
2026-07-01 15:21:28 [INFO]     KEC [360415] Cikande
2026-07-01 15:21:29 [INFO]       13 kelurahan di Cikande
2026-07-01 15:21:29 [INFO]     KEC [360416] Kibin
2026-07-01 15:21:29 [INFO]       9 kelurahan di Kibin
2026-07-01 15:21:29 [INFO]     KEC [360417] Carenang
2026-07-01 15:21:30 [INFO]       8 kelurahan di Carenang
2026-07-01 15:21:30 [INFO]     KEC [360418] Binuang
2026-07-01 15:21:30 [INFO]       7 kelurahan di Binuang
2026-07-01 15:21:30 [INFO]     KEC [360419] Petir
2026-07-01 15:21:31 [INFO]       15 kelurahan di Petir
2026-07-01 15:21:31 [INFO]     KEC [360420] Tunjung Teja
2026-07-01 15:21:32 [INFO]       9 kelurahan di Tunjung Teja
2026-07-01 15:21:32 [INFO]     KEC [360422] Baros
2026-07-01 15:21:32 [INFO]       14 kelurahan di Baros
2026-07-01 15:21:32 [INFO]     KEC [360423] Cikeusal
2026-07-01 15:21:33 [INFO]       17 kelurahan di Cikeusal
2026-07-01 15:21:33 [INFO]     KEC [360424] Pamarayan
2026-07-01 15:21:34 [INFO]       10 kelurahan di Pamarayan
2026-07-01 15:21:34 [INFO]     KEC [360425] Kopo
2026-07-01 15:21:34 [INFO]       10 kelurahan di Kopo
2026-07-01 15:21:34 [INFO]     KEC [360426] Jawilan
2026-07-01 15:21:35 [INFO]       9 kelurahan di Jawilan
2026-07-01 15:21:35 [INFO]     KEC [360427] Ciomas
2026-07-01 15:21:35 [INFO]       11 kelurahan di Ciomas
2026-07-01 15:21:35 [INFO]     KEC [360428] Pabuaran
2026-07-01 15:21:36 [INFO]       8 kelurahan di Pabuaran
2026-07-01 15:21:36 [INFO]     KEC [360429] Padarincang
2026-07-01 15:21:36 [INFO]       14 kelurahan di Padarincang
2026-07-01 15:21:36 [INFO]     KEC [360430] Anyar
2026-07-01 15:21:37 [INFO]       12 kelurahan di Anyar
2026-07-01 15:21:37 [INFO]     KEC [360431] Cinangka
2026-07-01 15:21:38 [INFO]       14 kelurahan di Cinangka
2026-07-01 15:21:38 [INFO]     KEC [360432] Mancak
2026-07-01 15:21:38 [INFO]       14 kelurahan di Mancak
2026-07-01 15:21:38 [INFO]     KEC [360433] Gunungsari
2026-07-01 15:21:39 [INFO]       7 kelurahan di Gunungsari
2026-07-01 15:21:39 [INFO]     KEC [360434] Bandung
2026-07-01 15:21:39 [INFO]       8 kelurahan di Bandung
2026-07-01 15:21:39 [INFO]     KEC [360435] Lebak Wangi
2026-07-01 15:21:40 [INFO]       10 kelurahan di Lebak Wangi
2026-07-01 15:21:40 [INFO]   KAB [3671] Kota Tangerang
2026-07-01 15:21:40 [INFO]     KEC [367101] Tangerang
2026-07-01 15:21:41 [INFO]       8 kelurahan di Tangerang
2026-07-01 15:21:41 [INFO]     KEC [367102] Jatiuwung
2026-07-01 15:21:41 [INFO]       6 kelurahan di Jatiuwung
2026-07-01 15:21:41 [INFO]     KEC [367103] Batuceper
2026-07-01 15:21:42 [INFO]       7 kelurahan di Batuceper
2026-07-01 15:21:42 [INFO]     KEC [367104] Benda
2026-07-01 15:21:42 [INFO]       5 kelurahan di Benda
2026-07-01 15:21:42 [INFO]     KEC [367105] Cipondoh
2026-07-01 15:21:43 [INFO]       10 kelurahan di Cipondoh
2026-07-01 15:21:43 [INFO]     KEC [367106] Ciledug
2026-07-01 15:21:44 [INFO]       8 kelurahan di Ciledug
2026-07-01 15:21:44 [INFO]     KEC [367107] Karawaci
2026-07-01 15:21:44 [INFO]       16 kelurahan di Karawaci
2026-07-01 15:21:44 [INFO]     KEC [367108] Periuk
2026-07-01 15:21:45 [INFO]       5 kelurahan di Periuk
2026-07-01 15:21:45 [INFO]     KEC [367109] Cibodas
2026-07-01 15:21:45 [INFO]       6 kelurahan di Cibodas
2026-07-01 15:21:45 [INFO]     KEC [367110] Neglasari
2026-07-01 15:21:46 [INFO]       7 kelurahan di Neglasari
2026-07-01 15:21:46 [INFO]     KEC [367111] Pinang
2026-07-01 15:21:46 [INFO]       11 kelurahan di Pinang
2026-07-01 15:21:46 [INFO]     KEC [367112] Karang Tengah
2026-07-01 15:21:47 [INFO]       7 kelurahan di Karang Tengah
2026-07-01 15:21:47 [INFO]     KEC [367113] Larangan
2026-07-01 15:21:48 [INFO]       8 kelurahan di Larangan
2026-07-01 15:21:48 [INFO]   KAB [3672] Kota Cilegon
2026-07-01 15:21:48 [INFO]     KEC [367201] Cibeber
2026-07-01 15:21:49 [INFO]       6 kelurahan di Cibeber
2026-07-01 15:21:49 [INFO]     KEC [367202] Cilegon
2026-07-01 15:21:49 [INFO]       5 kelurahan di Cilegon
2026-07-01 15:21:49 [INFO]     KEC [367203] Pulomerak
2026-07-01 15:21:50 [INFO]       4 kelurahan di Pulomerak
2026-07-01 15:21:50 [INFO]     KEC [367204] Ciwandan
2026-07-01 15:21:50 [INFO]       6 kelurahan di Ciwandan
2026-07-01 15:21:50 [INFO]     KEC [367205] Jombang
2026-07-01 15:21:51 [INFO]       5 kelurahan di Jombang
2026-07-01 15:21:51 [INFO]     KEC [367206] Gerogol
2026-07-01 15:21:52 [INFO]       4 kelurahan di Gerogol
2026-07-01 15:21:52 [INFO]     KEC [367207] Purwakarta
2026-07-01 15:21:52 [INFO]       6 kelurahan di Purwakarta
2026-07-01 15:21:52 [INFO]     KEC [367208] Citangkil
2026-07-01 15:21:53 [INFO]       7 kelurahan di Citangkil
2026-07-01 15:21:53 [INFO]   KAB [3673] Kota Serang
2026-07-01 15:21:53 [INFO]     KEC [367301] Serang
2026-07-01 15:21:54 [INFO]       12 kelurahan di Serang
2026-07-01 15:21:54 [INFO]     KEC [367302] Kasemen
2026-07-01 15:21:55 [INFO]       10 kelurahan di Kasemen
2026-07-01 15:21:55 [INFO]     KEC [367303] Walantaka
2026-07-01 15:21:55 [INFO]       14 kelurahan di Walantaka
2026-07-01 15:21:55 [INFO]     KEC [367304] Curug
2026-07-01 15:21:56 [INFO]       10 kelurahan di Curug
2026-07-01 15:21:56 [INFO]     KEC [367305] Cipocok Jaya
2026-07-01 15:21:57 [INFO]       8 kelurahan di Cipocok Jaya
2026-07-01 15:21:57 [INFO]     KEC [367306] Taktakan
2026-07-01 15:21:57 [INFO]       13 kelurahan di Taktakan
2026-07-01 15:21:57 [INFO]   KAB [3674] Kota Tangerang Selatan
2026-07-01 15:21:58 [INFO]     KEC [367401] Serpong
2026-07-01 15:21:58 [INFO]       9 kelurahan di Serpong
2026-07-01 15:21:58 [INFO]     KEC [367402] Serpong Utara
2026-07-01 15:21:59 [INFO]       7 kelurahan di Serpong Utara
2026-07-01 15:21:59 [INFO]     KEC [367403] Pondok Aren
2026-07-01 15:21:59 [INFO]       11 kelurahan di Pondok Aren
2026-07-01 15:21:59 [INFO]     KEC [367404] Ciputat
2026-07-01 15:22:00 [INFO]       7 kelurahan di Ciputat
2026-07-01 15:22:00 [INFO]     KEC [367405] Ciputat Timur
2026-07-01 15:22:00 [INFO]       6 kelurahan di Ciputat Timur
2026-07-01 15:22:00 [INFO]     KEC [367406] Pamulang
2026-07-01 15:22:01 [INFO]       8 kelurahan di Pamulang
2026-07-01 15:22:01 [INFO]     KEC [367407] Setu
2026-07-01 15:22:02 [INFO]       6 kelurahan di Setu
2026-07-01 15:22:02 [INFO] PROVINSI SELESAI [36] Banten
2026-07-01 15:22:02 [INFO] PROVINSI [51] Bali
2026-07-01 15:22:02 [INFO]   KAB [5101] Kabupaten Jembrana
2026-07-01 15:22:03 [INFO]     KEC [510101] Negara
2026-07-01 15:22:03 [INFO]       12 kelurahan di Negara
2026-07-01 15:22:03 [INFO]     KEC [510102] Mendoyo
2026-07-01 15:22:04 [INFO]       11 kelurahan di Mendoyo
2026-07-01 15:22:04 [INFO]     KEC [510103] Pekutatan
2026-07-01 15:22:05 [INFO]       8 kelurahan di Pekutatan
2026-07-01 15:22:05 [INFO]     KEC [510104] Melaya
2026-07-01 15:22:05 [INFO]       10 kelurahan di Melaya
2026-07-01 15:22:05 [INFO]     KEC [510105] Jembrana
2026-07-01 15:22:06 [INFO]       10 kelurahan di Jembrana
2026-07-01 15:22:06 [INFO]   KAB [5102] Kabupaten Tabanan
2026-07-01 15:22:06 [INFO]     KEC [510201] Selemadeg
2026-07-01 15:22:07 [INFO]       10 kelurahan di Selemadeg
2026-07-01 15:22:07 [INFO]     KEC [510202] Selemadeg Timur
2026-07-01 15:22:07 [INFO]       10 kelurahan di Selemadeg Timur
2026-07-01 15:22:07 [INFO]     KEC [510203] Selemadeg Barat
2026-07-01 15:22:08 [INFO]       11 kelurahan di Selemadeg Barat
2026-07-01 15:22:08 [INFO]     KEC [510204] Kerambitan
2026-07-01 15:22:09 [INFO]       15 kelurahan di Kerambitan
2026-07-01 15:22:09 [INFO]     KEC [510205] Tabanan
2026-07-01 15:22:09 [INFO]       12 kelurahan di Tabanan
2026-07-01 15:22:09 [INFO]     KEC [510206] Kediri
2026-07-01 15:22:10 [INFO]       15 kelurahan di Kediri
2026-07-01 15:22:10 [INFO]     KEC [510207] Marga
2026-07-01 15:22:10 [INFO]       16 kelurahan di Marga
2026-07-01 15:22:10 [INFO]     KEC [510208] Penebel
2026-07-01 15:22:11 [INFO]       18 kelurahan di Penebel
2026-07-01 15:22:11 [INFO]     KEC [510209] Baturiti
2026-07-01 15:22:11 [INFO]       12 kelurahan di Baturiti
2026-07-01 15:22:11 [INFO]     KEC [510210] Pupuan
2026-07-01 15:22:12 [INFO]       14 kelurahan di Pupuan
2026-07-01 15:22:12 [INFO]   KAB [5103] Kabupaten Badung
2026-07-01 15:22:12 [INFO]     KEC [510301] Kuta
2026-07-01 15:22:13 [INFO]       5 kelurahan di Kuta
2026-07-01 15:22:13 [INFO]     KEC [510302] Mengwi
2026-07-01 15:22:14 [INFO]       20 kelurahan di Mengwi
2026-07-01 15:22:14 [INFO]     KEC [510303] Abiansemal
2026-07-01 15:22:14 [INFO]       18 kelurahan di Abiansemal
2026-07-01 15:22:14 [INFO]     KEC [510304] Petang
2026-07-01 15:22:15 [INFO]       7 kelurahan di Petang
2026-07-01 15:22:15 [INFO]     KEC [510305] Kuta Selatan
2026-07-01 15:22:15 [INFO]       6 kelurahan di Kuta Selatan
2026-07-01 15:22:15 [INFO]     KEC [510306] Kuta Utara
2026-07-01 15:22:16 [INFO]       6 kelurahan di Kuta Utara
2026-07-01 15:22:16 [INFO]   KAB [5104] Kabupaten Gianyar
2026-07-01 15:22:16 [INFO]     KEC [510401] Sukawati
2026-07-01 15:22:17 [INFO]       12 kelurahan di Sukawati
2026-07-01 15:22:17 [INFO]     KEC [510402] Blahbatuh
2026-07-01 15:22:18 [INFO]       9 kelurahan di Blahbatuh
2026-07-01 15:22:18 [INFO]     KEC [510403] Gianyar
2026-07-01 15:22:18 [INFO]       17 kelurahan di Gianyar
2026-07-01 15:22:18 [INFO]     KEC [510404] Tampaksiring
2026-07-01 15:22:19 [INFO]       8 kelurahan di Tampaksiring
2026-07-01 15:22:19 [INFO]     KEC [510405] Ubud
2026-07-01 15:22:19 [INFO]       8 kelurahan di Ubud
2026-07-01 15:22:19 [INFO]     KEC [510406] Tegallalang
2026-07-01 15:22:20 [INFO]       7 kelurahan di Tegallalang
2026-07-01 15:22:20 [INFO]     KEC [510407] Payangan
2026-07-01 15:22:20 [INFO]       9 kelurahan di Payangan
2026-07-01 15:22:20 [INFO]   KAB [5105] Kabupaten Klungkung
2026-07-01 15:22:21 [INFO]     KEC [510501] Nusa Penida
2026-07-01 15:22:22 [INFO]       16 kelurahan di Nusa Penida
2026-07-01 15:22:22 [INFO]     KEC [510502] Banjarangkan
2026-07-01 15:22:22 [INFO]       13 kelurahan di Banjarangkan
2026-07-01 15:22:22 [INFO]     KEC [510503] Klungkung
2026-07-01 15:22:23 [INFO]       18 kelurahan di Klungkung
2026-07-01 15:22:23 [INFO]     KEC [510504] Dawan
2026-07-01 15:22:23 [INFO]       12 kelurahan di Dawan
2026-07-01 15:22:23 [INFO]   KAB [5106] Kabupaten Bangli
2026-07-01 15:22:24 [INFO]     KEC [510601] Susut
2026-07-01 15:22:24 [INFO]       9 kelurahan di Susut
2026-07-01 15:22:24 [INFO]     KEC [510602] Bangli
2026-07-01 15:22:25 [INFO]       9 kelurahan di Bangli
2026-07-01 15:22:25 [INFO]     KEC [510603] Tembuku
2026-07-01 15:22:26 [INFO]       6 kelurahan di Tembuku
2026-07-01 15:22:26 [INFO]     KEC [510604] Kintamani
2026-07-01 15:22:26 [INFO]       48 kelurahan di Kintamani
2026-07-01 15:22:26 [INFO]   KAB [5107] Kabupaten Karangasem
2026-07-01 15:22:27 [INFO]     KEC [510701] Rendang
2026-07-01 15:22:27 [INFO]       6 kelurahan di Rendang
2026-07-01 15:22:27 [INFO]     KEC [510702] Sidemen
2026-07-01 15:22:28 [INFO]       10 kelurahan di Sidemen
2026-07-01 15:22:28 [INFO]     KEC [510703] Manggis
2026-07-01 15:22:28 [INFO]       12 kelurahan di Manggis
2026-07-01 15:22:29 [INFO]     KEC [510704] Karangasem
2026-07-01 15:22:29 [INFO]       11 kelurahan di Karangasem
2026-07-01 15:22:29 [INFO]     KEC [510705] Abang
2026-07-01 15:22:30 [INFO]       14 kelurahan di Abang
2026-07-01 15:22:30 [INFO]     KEC [510706] Bebandem
2026-07-01 15:22:30 [INFO]       8 kelurahan di Bebandem
2026-07-01 15:22:30 [INFO]     KEC [510707] Selat
2026-07-01 15:22:31 [INFO]       8 kelurahan di Selat
2026-07-01 15:22:31 [INFO]     KEC [510708] Kubu
2026-07-01 15:22:31 [INFO]       9 kelurahan di Kubu
2026-07-01 15:22:31 [INFO]   KAB [5108] Kabupaten Buleleng
2026-07-01 15:22:32 [INFO]     KEC [510801] Gerokgak
2026-07-01 15:22:33 [INFO]       14 kelurahan di Gerokgak
2026-07-01 15:22:33 [INFO]     KEC [510802] Seririt
2026-07-01 15:22:33 [INFO]       21 kelurahan di Seririt
2026-07-01 15:22:33 [INFO]     KEC [510803] Busungbiu
2026-07-01 15:22:34 [INFO]       15 kelurahan di Busungbiu
2026-07-01 15:22:34 [INFO]     KEC [510804] Banjar
2026-07-01 15:22:34 [INFO]       17 kelurahan di Banjar
2026-07-01 15:22:34 [INFO]     KEC [510805] Sukasada
2026-07-01 15:22:35 [INFO]       15 kelurahan di Sukasada
2026-07-01 15:22:35 [INFO]     KEC [510806] Buleleng
2026-07-01 15:22:35 [INFO]       29 kelurahan di Buleleng
2026-07-01 15:22:35 [INFO]     KEC [510807] Sawan
2026-07-01 15:22:36 [INFO]       14 kelurahan di Sawan
2026-07-01 15:22:36 [INFO]     KEC [510808] Kubutambahan
2026-07-01 15:22:37 [INFO]       13 kelurahan di Kubutambahan
2026-07-01 15:22:37 [INFO]     KEC [510809] Tejakula
2026-07-01 15:22:37 [INFO]       10 kelurahan di Tejakula
2026-07-01 15:22:37 [INFO]   KAB [5171] Kota Denpasar
2026-07-01 15:22:38 [INFO]     KEC [517101] Denpasar Selatan
2026-07-01 15:22:39 [INFO]       10 kelurahan di Denpasar Selatan
2026-07-01 15:22:39 [INFO]     KEC [517102] Denpasar Timur
2026-07-01 15:22:39 [INFO]       11 kelurahan di Denpasar Timur
2026-07-01 15:22:39 [INFO]     KEC [517103] Denpasar Barat
2026-07-01 15:22:40 [INFO]       11 kelurahan di Denpasar Barat
2026-07-01 15:22:40 [INFO]     KEC [517104] Denpasar Utara
2026-07-01 15:22:40 [INFO]       11 kelurahan di Denpasar Utara
2026-07-01 15:22:40 [INFO] PROVINSI SELESAI [51] Bali
2026-07-01 15:22:40 [INFO] PROVINSI [52] Nusa Tenggara Barat
2026-07-01 15:22:41 [INFO]   KAB [5201] Kabupaten Lombok Barat
2026-07-01 15:22:41 [INFO]     KEC [520101] Gerung
2026-07-01 15:22:42 [INFO]       14 kelurahan di Gerung
2026-07-01 15:22:42 [INFO]     KEC [520102] Kediri
2026-07-01 15:22:43 [INFO]       10 kelurahan di Kediri
2026-07-01 15:22:43 [INFO]     KEC [520103] Narmada
2026-07-01 15:22:43 [INFO]       21 kelurahan di Narmada
2026-07-01 15:22:43 [INFO]     KEC [520107] Sekotong
2026-07-01 15:22:44 [INFO]       9 kelurahan di Sekotong
2026-07-01 15:22:44 [INFO]     KEC [520108] Labuapi
2026-07-01 15:22:44 [INFO]       12 kelurahan di Labuapi
2026-07-01 15:22:44 [INFO]     KEC [520109] Gunungsari
2026-07-01 15:22:45 [INFO]       16 kelurahan di Gunungsari
2026-07-01 15:22:45 [INFO]     KEC [520112] Lingsar
2026-07-01 15:22:45 [INFO]       15 kelurahan di Lingsar
2026-07-01 15:22:45 [INFO]     KEC [520113] Lembar
2026-07-01 15:22:46 [INFO]       10 kelurahan di Lembar
2026-07-01 15:22:46 [INFO]     KEC [520114] Batu Layar
2026-07-01 15:22:46 [INFO]       9 kelurahan di Batu Layar
2026-07-01 15:22:46 [INFO]     KEC [520115] Kuripan
2026-07-01 15:22:47 [INFO]       6 kelurahan di Kuripan
2026-07-01 15:22:47 [INFO]   KAB [5202] Kabupaten Lombok Tengah
2026-07-01 15:22:48 [INFO]     KEC [520201] Praya
2026-07-01 15:22:48 [INFO]       15 kelurahan di Praya
2026-07-01 15:22:48 [INFO]     KEC [520202] Jonggat
2026-07-01 15:22:49 [INFO]       13 kelurahan di Jonggat
2026-07-01 15:22:49 [INFO]     KEC [520203] Batukliang
2026-07-01 15:22:49 [INFO]       11 kelurahan di Batukliang
2026-07-01 15:22:49 [INFO]     KEC [520204] Pujut
2026-07-01 15:22:50 [INFO]       18 kelurahan di Pujut
2026-07-01 15:22:50 [INFO]     KEC [520205] Praya Barat
2026-07-01 15:22:50 [INFO]       10 kelurahan di Praya Barat
2026-07-01 15:22:50 [INFO]     KEC [520206] Praya Timur
2026-07-01 15:22:51 [INFO]       14 kelurahan di Praya Timur
2026-07-01 15:22:51 [INFO]     KEC [520207] Janapria
2026-07-01 15:22:52 [INFO]       16 kelurahan di Janapria
2026-07-01 15:22:52 [INFO]     KEC [520208] Pringgarata
2026-07-01 15:22:52 [INFO]       11 kelurahan di Pringgarata
2026-07-01 15:22:52 [INFO]     KEC [520209] Kopang
2026-07-01 15:22:53 [INFO]       13 kelurahan di Kopang
2026-07-01 15:22:53 [INFO]     KEC [520210] Praya Tengah
2026-07-01 15:22:53 [INFO]       13 kelurahan di Praya Tengah
2026-07-01 15:22:53 [INFO]     KEC [520211] Praya Barat Daya
2026-07-01 15:22:54 [INFO]       12 kelurahan di Praya Barat Daya
2026-07-01 15:22:54 [INFO]     KEC [520212] Batukliang Utara
2026-07-01 15:22:54 [INFO]       8 kelurahan di Batukliang Utara
2026-07-01 15:22:54 [INFO]   KAB [5203] Kabupaten Lombok Timur
2026-07-01 15:22:55 [INFO]     KEC [520301] Keruak
2026-07-01 15:22:56 [INFO]       15 kelurahan di Keruak
2026-07-01 15:22:56 [INFO]     KEC [520302] Sakra
2026-07-01 15:22:56 [INFO]       12 kelurahan di Sakra
2026-07-01 15:22:56 [INFO]     KEC [520303] Terara
2026-07-01 15:22:57 [INFO]       16 kelurahan di Terara
2026-07-01 15:22:57 [INFO]     KEC [520304] Sikur
2026-07-01 15:22:57 [INFO]       14 kelurahan di Sikur
2026-07-01 15:22:57 [INFO]     KEC [520305] Masbagik
2026-07-01 15:22:58 [INFO]       10 kelurahan di Masbagik
2026-07-01 15:22:58 [INFO]     KEC [520306] Sukamulia
2026-07-01 15:22:59 [INFO]       9 kelurahan di Sukamulia
2026-07-01 15:22:59 [INFO]     KEC [520307] Selong
2026-07-01 15:22:59 [INFO]       12 kelurahan di Selong
2026-07-01 15:22:59 [INFO]     KEC [520308] Pringgabaya
2026-07-01 15:23:00 [INFO]       15 kelurahan di Pringgabaya
2026-07-01 15:23:00 [INFO]     KEC [520309] Aikmel
2026-07-01 15:23:00 [INFO]       14 kelurahan di Aikmel
2026-07-01 15:23:00 [INFO]     KEC [520310] Sambelia
2026-07-01 15:23:01 [INFO]       11 kelurahan di Sambelia
2026-07-01 15:23:01 [INFO]     KEC [520311] Montong Gading
2026-07-01 15:23:02 [INFO]       8 kelurahan di Montong Gading
2026-07-01 15:23:02 [INFO]     KEC [520312] Pringgasela
2026-07-01 15:23:02 [INFO]       10 kelurahan di Pringgasela
2026-07-01 15:23:02 [INFO]     KEC [520313] Suralaga
2026-07-01 15:23:03 [INFO]       15 kelurahan di Suralaga
2026-07-01 15:23:03 [INFO]     KEC [520314] Wanasaba
2026-07-01 15:23:03 [INFO]       14 kelurahan di Wanasaba
2026-07-01 15:23:03 [INFO]     KEC [520315] Sembalun
2026-07-01 15:23:04 [INFO]       6 kelurahan di Sembalun
2026-07-01 15:23:04 [INFO]     KEC [520316] Suwela
2026-07-01 15:23:04 [INFO]       8 kelurahan di Suwela
2026-07-01 15:23:04 [INFO]     KEC [520317] Labuhan Haji
2026-07-01 15:23:05 [INFO]       12 kelurahan di Labuhan Haji
2026-07-01 15:23:05 [INFO]     KEC [520318] Sakra Timur
2026-07-01 15:23:06 [INFO]       10 kelurahan di Sakra Timur
2026-07-01 15:23:06 [INFO]     KEC [520319] Sakra Barat
2026-07-01 15:23:06 [INFO]       18 kelurahan di Sakra Barat
2026-07-01 15:23:06 [INFO]     KEC [520320] Jerowaru
2026-07-01 15:23:07 [INFO]       15 kelurahan di Jerowaru
2026-07-01 15:23:07 [INFO]     KEC [520321] Lenek
2026-07-01 15:23:07 [INFO]       10 kelurahan di Lenek
2026-07-01 15:23:07 [INFO]   KAB [5204] Kabupaten Sumbawa
2026-07-01 15:23:08 [INFO]     KEC [520402] Lunyuk
2026-07-01 15:23:08 [INFO]       7 kelurahan di Lunyuk
2026-07-01 15:23:08 [INFO]     KEC [520405] Alas
2026-07-01 15:23:09 [INFO]       8 kelurahan di Alas
2026-07-01 15:23:09 [INFO]     KEC [520406] Utan
2026-07-01 15:23:10 [INFO]       9 kelurahan di Utan
2026-07-01 15:23:10 [INFO]     KEC [520407] Batu Lanteh
2026-07-01 15:23:10 [INFO]       6 kelurahan di Batu Lanteh
2026-07-01 15:23:10 [INFO]     KEC [520408] Sumbawa
2026-07-01 15:23:11 [INFO]       8 kelurahan di Sumbawa
2026-07-01 15:23:11 [INFO]     KEC [520409] Moyo Hilir
2026-07-01 15:23:11 [INFO]       10 kelurahan di Moyo Hilir
2026-07-01 15:23:11 [INFO]     KEC [520410] Moyo Hulu
2026-07-01 15:23:12 [INFO]       12 kelurahan di Moyo Hulu
2026-07-01 15:23:12 [INFO]     KEC [520411] Ropang
2026-07-01 15:23:13 [INFO]       5 kelurahan di Ropang
2026-07-01 15:23:13 [INFO]     KEC [520412] Lape
2026-07-01 15:23:13 [INFO]       4 kelurahan di Lape
2026-07-01 15:23:13 [INFO]     KEC [520413] Plampang
2026-07-01 15:23:14 [INFO]       11 kelurahan di Plampang
2026-07-01 15:23:14 [INFO]     KEC [520414] Empang
2026-07-01 15:23:14 [INFO]       10 kelurahan di Empang
2026-07-01 15:23:14 [INFO]     KEC [520417] Alas Barat
2026-07-01 15:23:15 [INFO]       8 kelurahan di Alas Barat
2026-07-01 15:23:15 [INFO]     KEC [520418] Labuhan Badas
2026-07-01 15:23:16 [INFO]       7 kelurahan di Labuhan Badas
2026-07-01 15:23:16 [INFO]     KEC [520419] Labangka
2026-07-01 15:23:16 [INFO]       5 kelurahan di Labangka
2026-07-01 15:23:16 [INFO]     KEC [520420] Buer
2026-07-01 15:23:17 [INFO]       6 kelurahan di Buer
2026-07-01 15:23:17 [INFO]     KEC [520421] Rhee
2026-07-01 15:23:17 [INFO]       4 kelurahan di Rhee
2026-07-01 15:23:17 [INFO]     KEC [520422] Unter Iwes
2026-07-01 15:23:18 [INFO]       8 kelurahan di Unter Iwes
2026-07-01 15:23:18 [INFO]     KEC [520423] Moyo Utara
2026-07-01 15:23:18 [INFO]       6 kelurahan di Moyo Utara
2026-07-01 15:23:18 [INFO]     KEC [520424] Maronge
2026-07-01 15:23:19 [INFO]       4 kelurahan di Maronge
2026-07-01 15:23:19 [INFO]     KEC [520425] Tarano
2026-07-01 15:23:19 [INFO]       8 kelurahan di Tarano
2026-07-01 15:23:20 [INFO]     KEC [520426] Lopok
2026-07-01 15:23:20 [INFO]       7 kelurahan di Lopok
2026-07-01 15:23:20 [INFO]     KEC [520427] Lenangguar
2026-07-01 15:23:21 [INFO]       4 kelurahan di Lenangguar
2026-07-01 15:23:21 [INFO]     KEC [520428] Orong Telu
2026-07-01 15:23:21 [INFO]       4 kelurahan di Orong Telu
2026-07-01 15:23:21 [INFO]     KEC [520429] Lantung
2026-07-01 15:23:22 [INFO]       4 kelurahan di Lantung
2026-07-01 15:23:22 [INFO]   KAB [5205] Kabupaten Dompu
2026-07-01 15:23:22 [INFO]     KEC [520501] Dompu
2026-07-01 15:23:23 [INFO]       15 kelurahan di Dompu
2026-07-01 15:23:23 [INFO]     KEC [520502] Kempo
2026-07-01 15:23:23 [INFO]       8 kelurahan di Kempo
2026-07-01 15:23:23 [INFO]     KEC [520503] Hu'u
2026-07-01 15:23:24 [INFO]       8 kelurahan di Hu'u
2026-07-01 15:23:24 [INFO]     KEC [520504] Kilo
2026-07-01 15:23:25 [INFO]       6 kelurahan di Kilo
2026-07-01 15:23:25 [INFO]     KEC [520505] Woja
2026-07-01 15:23:25 [INFO]       14 kelurahan di Woja
2026-07-01 15:23:25 [INFO]     KEC [520506] Pekat
2026-07-01 15:23:26 [INFO]       12 kelurahan di Pekat
2026-07-01 15:23:26 [INFO]     KEC [520507] Manggalewa
2026-07-01 15:23:26 [INFO]       12 kelurahan di Manggalewa
2026-07-01 15:23:26 [INFO]     KEC [520508] Pajo
2026-07-01 15:23:27 [INFO]       6 kelurahan di Pajo
2026-07-01 15:23:27 [INFO]   KAB [5206] Kabupaten Bima
2026-07-01 15:23:28 [INFO]     KEC [520601] Monta
2026-07-01 15:23:28 [INFO]       14 kelurahan di Monta
2026-07-01 15:23:28 [INFO]     KEC [520602] Bolo
2026-07-01 15:23:29 [INFO]       14 kelurahan di Bolo
2026-07-01 15:23:29 [INFO]     KEC [520603] Woha
2026-07-01 15:23:29 [INFO]       15 kelurahan di Woha
2026-07-01 15:23:29 [INFO]     KEC [520604] Belo
2026-07-01 15:23:30 [INFO]       9 kelurahan di Belo
2026-07-01 15:23:30 [INFO]     KEC [520605] Wawo
2026-07-01 15:23:30 [INFO]       9 kelurahan di Wawo
2026-07-01 15:23:30 [INFO]     KEC [520606] Sape
2026-07-01 15:23:31 [INFO]       18 kelurahan di Sape
2026-07-01 15:23:31 [INFO]     KEC [520607] Wera
2026-07-01 15:23:32 [INFO]       14 kelurahan di Wera
2026-07-01 15:23:32 [INFO]     KEC [520608] Donggo
2026-07-01 15:23:32 [INFO]       9 kelurahan di Donggo
2026-07-01 15:23:32 [INFO]     KEC [520609] Sanggar
2026-07-01 15:23:33 [INFO]       6 kelurahan di Sanggar
2026-07-01 15:23:33 [INFO]     KEC [520610] Ambalawi
2026-07-01 15:23:33 [INFO]       6 kelurahan di Ambalawi
2026-07-01 15:23:33 [INFO]     KEC [520611] Langgudu
2026-07-01 15:23:34 [INFO]       15 kelurahan di Langgudu
2026-07-01 15:23:34 [INFO]     KEC [520612] Lambu
2026-07-01 15:23:35 [INFO]       14 kelurahan di Lambu
2026-07-01 15:23:35 [INFO]     KEC [520613] Madapangga
2026-07-01 15:23:35 [INFO]       11 kelurahan di Madapangga
2026-07-01 15:23:35 [INFO]     KEC [520614] Tambora
2026-07-01 15:23:36 [INFO]       7 kelurahan di Tambora
2026-07-01 15:23:36 [INFO]     KEC [520615] Soromandi
2026-07-01 15:23:36 [INFO]       7 kelurahan di Soromandi
2026-07-01 15:23:36 [INFO]     KEC [520616] Parado
2026-07-01 15:23:37 [INFO]       5 kelurahan di Parado
2026-07-01 15:23:37 [INFO]     KEC [520617] Lambitu
2026-07-01 15:23:37 [INFO]       6 kelurahan di Lambitu
2026-07-01 15:23:37 [INFO]     KEC [520618] Palibelo
2026-07-01 15:23:38 [INFO]       12 kelurahan di Palibelo
2026-07-01 15:23:38 [INFO]   KAB [5207] Kabupaten Sumbawa Barat
2026-07-01 15:23:38 [INFO]     KEC [520701] Jereweh
2026-07-01 15:23:39 [INFO]       4 kelurahan di Jereweh
2026-07-01 15:23:39 [INFO]     KEC [520702] Taliwang
2026-07-01 15:23:40 [INFO]       16 kelurahan di Taliwang
2026-07-01 15:23:40 [INFO]     KEC [520703] Seteluk
2026-07-01 15:23:40 [INFO]       10 kelurahan di Seteluk
2026-07-01 15:23:40 [INFO]     KEC [520704] Sekongkang
2026-07-01 15:23:41 [INFO]       7 kelurahan di Sekongkang
2026-07-01 15:23:41 [INFO]     KEC [520705] Brang Rea
2026-07-01 15:23:42 [INFO]       9 kelurahan di Brang Rea
2026-07-01 15:23:42 [INFO]     KEC [520706] Poto Tano
2026-07-01 15:23:42 [INFO]       8 kelurahan di Poto Tano
2026-07-01 15:23:42 [INFO]     KEC [520707] Brang Ene
2026-07-01 15:23:43 [INFO]       6 kelurahan di Brang Ene
2026-07-01 15:23:43 [INFO]     KEC [520708] Maluk
2026-07-01 15:23:44 [INFO]       5 kelurahan di Maluk
2026-07-01 15:23:44 [INFO]   KAB [5208] Kabupaten Lombok Utara
2026-07-01 15:23:44 [INFO]     KEC [520801] Tanjung
2026-07-01 15:23:45 [INFO]       8 kelurahan di Tanjung
2026-07-01 15:23:45 [INFO]     KEC [520802] Gangga
2026-07-01 15:23:45 [INFO]       8 kelurahan di Gangga
2026-07-01 15:23:45 [INFO]     KEC [520803] Kayangan
2026-07-01 15:23:46 [INFO]       10 kelurahan di Kayangan
2026-07-01 15:23:46 [INFO]     KEC [520804] Bayan
2026-07-01 15:23:46 [INFO]       12 kelurahan di Bayan
2026-07-01 15:23:46 [INFO]     KEC [520805] Pemenang
2026-07-01 15:23:47 [INFO]       5 kelurahan di Pemenang
2026-07-01 15:23:47 [INFO]   KAB [5271] Kota Mataram
2026-07-01 15:23:48 [INFO]     KEC [527101] Ampenan
2026-07-01 15:23:48 [INFO]       10 kelurahan di Ampenan
2026-07-01 15:23:48 [INFO]     KEC [527102] Mataram
2026-07-01 15:23:49 [INFO]       9 kelurahan di Mataram
2026-07-01 15:23:49 [INFO]     KEC [527103] Cakranegara
2026-07-01 15:23:49 [INFO]       10 kelurahan di Cakranegara
2026-07-01 15:23:49 [INFO]     KEC [527104] Sekarbela
2026-07-01 15:23:50 [INFO]       5 kelurahan di Sekarbela
2026-07-01 15:23:50 [INFO]     KEC [527105] Selaparang
2026-07-01 15:23:50 [INFO]       9 kelurahan di Selaparang
2026-07-01 15:23:50 [INFO]     KEC [527106] Sandubaya
2026-07-01 15:23:51 [INFO]       7 kelurahan di Sandubaya
2026-07-01 15:23:51 [INFO]   KAB [5272] Kota Bima
2026-07-01 15:23:51 [INFO]     KEC [527201] Rasanae Barat
2026-07-01 15:23:52 [INFO]       6 kelurahan di Rasanae Barat
2026-07-01 15:23:52 [INFO]     KEC [527202] Rasanae Timur
2026-07-01 15:23:53 [INFO]       8 kelurahan di Rasanae Timur
2026-07-01 15:23:53 [INFO]     KEC [527203] Asakota
2026-07-01 15:23:53 [INFO]       6 kelurahan di Asakota
2026-07-01 15:23:53 [INFO]     KEC [527204] Raba
2026-07-01 15:23:54 [INFO]       11 kelurahan di Raba
2026-07-01 15:23:54 [INFO]     KEC [527205] Mpunda
2026-07-01 15:23:54 [INFO]       10 kelurahan di Mpunda
2026-07-01 15:23:54 [INFO] PROVINSI SELESAI [52] Nusa Tenggara Barat
2026-07-01 15:23:54 [INFO] PROVINSI [53] Nusa Tenggara Timur
2026-07-01 15:23:55 [INFO]   KAB [5301] Kabupaten Kupang
2026-07-01 15:23:56 [INFO]     KEC [530104] Semau
2026-07-01 15:23:56 [INFO]       8 kelurahan di Semau
2026-07-01 15:23:56 [INFO]     KEC [530105] Kupang Barat
2026-07-01 15:23:57 [INFO]       12 kelurahan di Kupang Barat
2026-07-01 15:23:57 [INFO]     KEC [530106] Kupang Timur
2026-07-01 15:23:57 [INFO]       13 kelurahan di Kupang Timur
2026-07-01 15:23:57 [INFO]     KEC [530107] Sulamu
2026-07-01 15:23:58 [INFO]       7 kelurahan di Sulamu
2026-07-01 15:23:58 [INFO]     KEC [530108] Kupang Tengah
2026-07-01 15:23:59 [INFO]       8 kelurahan di Kupang Tengah
2026-07-01 15:23:59 [INFO]     KEC [530109] Amarasi
2026-07-01 15:23:59 [INFO]       9 kelurahan di Amarasi
2026-07-01 15:23:59 [INFO]     KEC [530110] Fatuleu
2026-07-01 15:24:00 [INFO]       10 kelurahan di Fatuleu
2026-07-01 15:24:00 [INFO]     KEC [530111] Takari
2026-07-01 15:24:00 [INFO]       10 kelurahan di Takari
2026-07-01 15:24:00 [INFO]     KEC [530112] Amfoang Selatan
2026-07-01 15:24:01 [INFO]       7 kelurahan di Amfoang Selatan
2026-07-01 15:24:01 [INFO]     KEC [530113] Amfoang Utara
2026-07-01 15:24:01 [INFO]       6 kelurahan di Amfoang Utara
2026-07-01 15:24:01 [INFO]     KEC [530116] Nekamese
2026-07-01 15:24:02 [INFO]       11 kelurahan di Nekamese
2026-07-01 15:24:02 [INFO]     KEC [530117] Amarasi Barat
2026-07-01 15:24:03 [INFO]       8 kelurahan di Amarasi Barat
2026-07-01 15:24:03 [INFO]     KEC [530118] Amarasi Selatan
2026-07-01 15:24:03 [INFO]       5 kelurahan di Amarasi Selatan
2026-07-01 15:24:03 [INFO]     KEC [530119] Amarasi Timur
2026-07-01 15:24:04 [INFO]       4 kelurahan di Amarasi Timur
2026-07-01 15:24:04 [INFO]     KEC [530120] Amabi Oefeto Timur
2026-07-01 15:24:04 [INFO]       10 kelurahan di Amabi Oefeto Timur
2026-07-01 15:24:04 [INFO]     KEC [530121] Amfoang Barat Daya
2026-07-01 15:24:05 [INFO]       4 kelurahan di Amfoang Barat Daya
2026-07-01 15:24:05 [INFO]     KEC [530122] Amfoang Barat Laut
2026-07-01 15:24:06 [INFO]       6 kelurahan di Amfoang Barat Laut
2026-07-01 15:24:06 [INFO]     KEC [530123] Semau Selatan
2026-07-01 15:24:06 [INFO]       6 kelurahan di Semau Selatan
2026-07-01 15:24:06 [INFO]     KEC [530124] Taebenu
2026-07-01 15:24:07 [INFO]       8 kelurahan di Taebenu
2026-07-01 15:24:07 [INFO]     KEC [530125] Amabi Oefeto
2026-07-01 15:24:07 [INFO]       7 kelurahan di Amabi Oefeto
2026-07-01 15:24:07 [INFO]     KEC [530126] Amfoang Timur
2026-07-01 15:24:08 [INFO]       5 kelurahan di Amfoang Timur
2026-07-01 15:24:08 [INFO]     KEC [530127] Fatuleu Barat
2026-07-01 15:24:08 [INFO]       5 kelurahan di Fatuleu Barat
2026-07-01 15:24:08 [INFO]     KEC [530128] Fatuleu Tengah
2026-07-01 15:24:09 [INFO]       4 kelurahan di Fatuleu Tengah
2026-07-01 15:24:09 [INFO]     KEC [530130] Amfoang Tengah
2026-07-01 15:24:10 [INFO]       4 kelurahan di Amfoang Tengah
2026-07-01 15:24:10 [INFO]   KAB [5302] Kab Timor Tengah Selatan
2026-07-01 15:24:10 [INFO]     KEC [530201] Kota Soe
2026-07-01 15:24:11 [INFO]       13 kelurahan di Kota Soe
2026-07-01 15:24:11 [INFO]     KEC [530202] Mollo Selatan
2026-07-01 15:24:11 [INFO]       7 kelurahan di Mollo Selatan
2026-07-01 15:24:11 [INFO]     KEC [530203] Mollo Utara
2026-07-01 15:24:12 [INFO]       18 kelurahan di Mollo Utara
2026-07-01 15:24:12 [INFO]     KEC [530204] Amanuban Timur
2026-07-01 15:24:12 [INFO]       10 kelurahan di Amanuban Timur
2026-07-01 15:24:12 [INFO]     KEC [530205] Amanuban Tengah
2026-07-01 15:24:13 [INFO]       11 kelurahan di Amanuban Tengah
2026-07-01 15:24:13 [INFO]     KEC [530206] Amanuban Selatan
2026-07-01 15:24:13 [INFO]       10 kelurahan di Amanuban Selatan
2026-07-01 15:24:13 [INFO]     KEC [530207] Amanuban Barat
2026-07-01 15:24:14 [INFO]       8 kelurahan di Amanuban Barat
2026-07-01 15:24:14 [INFO]     KEC [530208] Amanatun Selatan
2026-07-01 15:24:15 [INFO]       13 kelurahan di Amanatun Selatan
2026-07-01 15:24:15 [INFO]     KEC [530209] Amanatun Utara
2026-07-01 15:24:15 [INFO]       9 kelurahan di Amanatun Utara
2026-07-01 15:24:15 [INFO]     KEC [530210] KI'E
2026-07-01 15:24:16 [INFO]       13 kelurahan di KI'E
2026-07-01 15:24:16 [INFO]     KEC [530211] Kuanfatu
2026-07-01 15:24:16 [INFO]       13 kelurahan di Kuanfatu
2026-07-01 15:24:16 [INFO]     KEC [530212] Fatumnasi
2026-07-01 15:24:17 [INFO]       5 kelurahan di Fatumnasi
2026-07-01 15:24:17 [INFO]     KEC [530213] Polen
2026-07-01 15:24:17 [INFO]       11 kelurahan di Polen
2026-07-01 15:24:17 [INFO]     KEC [530214] Batu Putih
2026-07-01 15:24:18 [INFO]       7 kelurahan di Batu Putih
2026-07-01 15:24:18 [INFO]     KEC [530215] Boking
2026-07-01 15:24:19 [INFO]       7 kelurahan di Boking
2026-07-01 15:24:19 [INFO]     KEC [530216] Toianas
2026-07-01 15:24:19 [INFO]       9 kelurahan di Toianas
2026-07-01 15:24:19 [INFO]     KEC [530217] Nunkolo
2026-07-01 15:24:20 [INFO]       9 kelurahan di Nunkolo
2026-07-01 15:24:20 [INFO]     KEC [530218] Oenino
2026-07-01 15:24:20 [INFO]       7 kelurahan di Oenino
2026-07-01 15:24:20 [INFO]     KEC [530219] Kolbano
2026-07-01 15:24:21 [INFO]       12 kelurahan di Kolbano
2026-07-01 15:24:21 [INFO]     KEC [530220] Kot olin
2026-07-01 15:24:21 [INFO]       8 kelurahan di Kot olin
2026-07-01 15:24:21 [INFO]     KEC [530221] Kualin
2026-07-01 15:24:22 [INFO]       8 kelurahan di Kualin
2026-07-01 15:24:22 [INFO]     KEC [530222] Mollo Barat
2026-07-01 15:24:23 [INFO]       5 kelurahan di Mollo Barat
2026-07-01 15:24:23 [INFO]     KEC [530223] Kok Baun
2026-07-01 15:24:23 [INFO]       6 kelurahan di Kok Baun
2026-07-01 15:24:23 [INFO]     KEC [530224] Noebana
2026-07-01 15:24:24 [INFO]       5 kelurahan di Noebana
2026-07-01 15:24:24 [INFO]     KEC [530225] Santian
2026-07-01 15:24:24 [INFO]       5 kelurahan di Santian
2026-07-01 15:24:24 [INFO]     KEC [530226] Noebeba
2026-07-01 15:24:25 [INFO]       7 kelurahan di Noebeba
2026-07-01 15:24:25 [INFO]     KEC [530227] Kuatnana
2026-07-01 15:24:25 [INFO]       8 kelurahan di Kuatnana
2026-07-01 15:24:25 [INFO]     KEC [530228] Fautmolo
2026-07-01 15:24:26 [INFO]       7 kelurahan di Fautmolo
2026-07-01 15:24:26 [INFO]     KEC [530229] Fatukopa
2026-07-01 15:24:27 [INFO]       7 kelurahan di Fatukopa
2026-07-01 15:24:27 [INFO]     KEC [530230] Mollo Tengah
2026-07-01 15:24:27 [INFO]       6 kelurahan di Mollo Tengah
2026-07-01 15:24:27 [INFO]     KEC [530231] Tobu
2026-07-01 15:24:28 [INFO]       8 kelurahan di Tobu
2026-07-01 15:24:28 [INFO]     KEC [530232] Nunbena
2026-07-01 15:24:28 [INFO]       6 kelurahan di Nunbena
2026-07-01 15:24:28 [INFO]   KAB [5303] Kabupaten Timor Tengah Utara
2026-07-01 15:24:29 [INFO]     KEC [530301] Miomaffo Timur
2026-07-01 15:24:29 [INFO]       11 kelurahan di Miomaffo Timur
2026-07-01 15:24:29 [INFO]     KEC [530302] Miomaffo Barat
2026-07-01 15:24:30 [INFO]       13 kelurahan di Miomaffo Barat
2026-07-01 15:24:30 [INFO]     KEC [530303] Biboki Selatan
2026-07-01 15:24:31 [INFO]       8 kelurahan di Biboki Selatan
2026-07-01 15:24:31 [INFO]     KEC [530304] Noemuti
2026-07-01 15:24:31 [INFO]       12 kelurahan di Noemuti
2026-07-01 15:24:31 [INFO]     KEC [530305] Kota Kefamenanu
2026-07-01 15:24:32 [INFO]       9 kelurahan di Kota Kefamenanu
2026-07-01 15:24:32 [INFO]     KEC [530306] Biboki Utara
2026-07-01 15:24:32 [INFO]       10 kelurahan di Biboki Utara
2026-07-01 15:24:32 [INFO]     KEC [530307] Biboki Anleu
2026-07-01 15:24:33 [INFO]       9 kelurahan di Biboki Anleu
2026-07-01 15:24:33 [INFO]     KEC [530308] Insana
2026-07-01 15:24:33 [INFO]       17 kelurahan di Insana
2026-07-01 15:24:33 [INFO]     KEC [530309] Insana Utara
2026-07-01 15:24:34 [INFO]       5 kelurahan di Insana Utara
2026-07-01 15:24:34 [INFO]     KEC [530310] Noemuti Timur
2026-07-01 15:24:35 [INFO]       4 kelurahan di Noemuti Timur
2026-07-01 15:24:35 [INFO]     KEC [530311] Miomaffo Tengah
2026-07-01 15:24:35 [INFO]       6 kelurahan di Miomaffo Tengah
2026-07-01 15:24:35 [INFO]     KEC [530312] Musi
2026-07-01 15:24:36 [INFO]       6 kelurahan di Musi
2026-07-01 15:24:36 [INFO]     KEC [530313] Mutis
2026-07-01 15:24:36 [INFO]       4 kelurahan di Mutis
2026-07-01 15:24:36 [INFO]     KEC [530314] Bikomi Selatan
2026-07-01 15:24:37 [INFO]       10 kelurahan di Bikomi Selatan
2026-07-01 15:24:37 [INFO]     KEC [530315] Bikomi Tengah
2026-07-01 15:24:37 [INFO]       9 kelurahan di Bikomi Tengah
2026-07-01 15:24:37 [INFO]     KEC [530316] Bikomi Nilulat
2026-07-01 15:24:38 [INFO]       6 kelurahan di Bikomi Nilulat
2026-07-01 15:24:38 [INFO]     KEC [530317] Bikomi Utara
2026-07-01 15:24:39 [INFO]       9 kelurahan di Bikomi Utara
2026-07-01 15:24:39 [INFO]     KEC [530318] Naibenu
2026-07-01 15:24:39 [INFO]       4 kelurahan di Naibenu
2026-07-01 15:24:39 [INFO]     KEC [530319] Insana Fafinesu
2026-07-01 15:24:40 [INFO]       6 kelurahan di Insana Fafinesu
2026-07-01 15:24:40 [INFO]     KEC [530320] Insana Barat
2026-07-01 15:24:40 [INFO]       12 kelurahan di Insana Barat
2026-07-01 15:24:40 [INFO]     KEC [530321] Insana Tengah
2026-07-01 15:24:41 [INFO]       7 kelurahan di Insana Tengah
2026-07-01 15:24:41 [INFO]     KEC [530322] Biboki Tan Pah
2026-07-01 15:24:41 [INFO]       4 kelurahan di Biboki Tan Pah
2026-07-01 15:24:41 [INFO]     KEC [530323] Biboki Moenleu
2026-07-01 15:24:42 [INFO]       7 kelurahan di Biboki Moenleu
2026-07-01 15:24:42 [INFO]     KEC [530324] Biboki Feotleu
2026-07-01 15:24:43 [INFO]       5 kelurahan di Biboki Feotleu
2026-07-01 15:24:43 [INFO]   KAB [5304] Kabupaten Belu
2026-07-01 15:24:43 [INFO]     KEC [530401] Lamaknen
2026-07-01 15:24:44 [INFO]       9 kelurahan di Lamaknen
2026-07-01 15:24:44 [INFO]     KEC [530402] Tasifeto Timur
2026-07-01 15:24:45 [INFO]       12 kelurahan di Tasifeto Timur
2026-07-01 15:24:45 [INFO]     KEC [530403] Raihat
2026-07-01 15:24:45 [INFO]       6 kelurahan di Raihat
2026-07-01 15:24:45 [INFO]     KEC [530404] Tasifeto Barat
2026-07-01 15:24:46 [INFO]       8 kelurahan di Tasifeto Barat
2026-07-01 15:24:46 [INFO]     KEC [530405] Kakuluk Mesak
2026-07-01 15:24:46 [INFO]       6 kelurahan di Kakuluk Mesak
2026-07-01 15:24:46 [INFO]     KEC [530412] Kota Atambua
2026-07-01 15:24:47 [INFO]       4 kelurahan di Kota Atambua
2026-07-01 15:24:47 [INFO]     KEC [530413] Raimanuk
2026-07-01 15:24:48 [INFO]       9 kelurahan di Raimanuk
2026-07-01 15:24:48 [INFO]     KEC [530417] Lasiolat
2026-07-01 15:24:48 [INFO]       7 kelurahan di Lasiolat
2026-07-01 15:24:48 [INFO]     KEC [530418] Lamaknen Selatan
2026-07-01 15:24:49 [INFO]       8 kelurahan di Lamaknen Selatan
2026-07-01 15:24:49 [INFO]     KEC [530421] Atambua Barat
2026-07-01 15:24:49 [INFO]       4 kelurahan di Atambua Barat
2026-07-01 15:24:49 [INFO]     KEC [530422] Atambua Selatan
2026-07-01 15:24:50 [INFO]       4 kelurahan di Atambua Selatan
2026-07-01 15:24:50 [INFO]     KEC [530423] Nanaet Duabesi
2026-07-01 15:24:50 [INFO]       4 kelurahan di Nanaet Duabesi
2026-07-01 15:24:50 [INFO]   KAB [5305] Kabupaten Alor
2026-07-01 15:24:51 [INFO]     KEC [530501] Teluk Mutiara
2026-07-01 15:24:52 [INFO]       16 kelurahan di Teluk Mutiara
2026-07-01 15:24:52 [INFO]     KEC [530502] Alor Barat Laut
2026-07-01 15:24:52 [INFO]       19 kelurahan di Alor Barat Laut
2026-07-01 15:24:52 [INFO]     KEC [530503] Alor Barat Daya
2026-07-01 15:24:53 [INFO]       13 kelurahan di Alor Barat Daya
2026-07-01 15:24:53 [INFO]     KEC [530504] Alor Selatan
2026-07-01 15:24:53 [INFO]       14 kelurahan di Alor Selatan
2026-07-01 15:24:53 [INFO]     KEC [530505] Alor Timur
2026-07-01 15:24:54 [INFO]       10 kelurahan di Alor Timur
2026-07-01 15:24:54 [INFO]     KEC [530506] Pantar
2026-07-01 15:24:55 [INFO]       11 kelurahan di Pantar
2026-07-01 15:24:55 [INFO]     KEC [530507] Alor Tengah Utara
2026-07-01 15:24:55 [INFO]       14 kelurahan di Alor Tengah Utara
2026-07-01 15:24:55 [INFO]     KEC [530508] Alor Timur Laut
2026-07-01 15:24:56 [INFO]       8 kelurahan di Alor Timur Laut
2026-07-01 15:24:56 [INFO]     KEC [530509] Pantar Barat
2026-07-01 15:24:56 [INFO]       7 kelurahan di Pantar Barat
2026-07-01 15:24:56 [INFO]     KEC [530510] Kabola
2026-07-01 15:24:57 [INFO]       5 kelurahan di Kabola
2026-07-01 15:24:57 [INFO]     KEC [530511] Pulau Pura
2026-07-01 15:24:57 [INFO]       6 kelurahan di Pulau Pura
2026-07-01 15:24:57 [INFO]     KEC [530512] Mataru
2026-07-01 15:24:58 [INFO]       7 kelurahan di Mataru
2026-07-01 15:24:58 [INFO]     KEC [530513] Pureman
2026-07-01 15:24:59 [INFO]       4 kelurahan di Pureman
2026-07-01 15:24:59 [INFO]     KEC [530514] Pantar Timur
2026-07-01 15:24:59 [INFO]       11 kelurahan di Pantar Timur
2026-07-01 15:24:59 [INFO]     KEC [530515] Lembur
2026-07-01 15:25:00 [INFO]       6 kelurahan di Lembur
2026-07-01 15:25:00 [INFO]     KEC [530516] Pantar Tengah
2026-07-01 15:25:00 [INFO]       10 kelurahan di Pantar Tengah
2026-07-01 15:25:00 [INFO]     KEC [530517] Pantar Barat Laut
2026-07-01 15:25:01 [INFO]       7 kelurahan di Pantar Barat Laut
2026-07-01 15:25:01 [INFO]     KEC [530518] Abad Selatan
2026-07-01 15:25:02 [INFO]       7 kelurahan di Abad Selatan
2026-07-01 15:25:02 [INFO]   KAB [5306] Kabupaten Flores Timur
2026-07-01 15:25:02 [INFO]     KEC [530601] Wulanggitang
2026-07-01 15:25:03 [INFO]       11 kelurahan di Wulanggitang
2026-07-01 15:25:03 [INFO]     KEC [530602] Titehena
2026-07-01 15:25:03 [INFO]       14 kelurahan di Titehena
2026-07-01 15:25:03 [INFO]     KEC [530603] Larantuka
2026-07-01 15:25:04 [INFO]       20 kelurahan di Larantuka
2026-07-01 15:25:04 [INFO]     KEC [530604] Ile Mandiri
2026-07-01 15:25:04 [INFO]       8 kelurahan di Ile Mandiri
2026-07-01 15:25:04 [INFO]     KEC [530605] Tanjung Bunga
2026-07-01 15:25:05 [INFO]       16 kelurahan di Tanjung Bunga
2026-07-01 15:25:05 [INFO]     KEC [530606] Solor Barat
2026-07-01 15:25:06 [INFO]       15 kelurahan di Solor Barat
2026-07-01 15:25:06 [INFO]     KEC [530607] Solor Timur
2026-07-01 15:25:06 [INFO]       17 kelurahan di Solor Timur
2026-07-01 15:25:06 [INFO]     KEC [530608] Adonara Barat
2026-07-01 15:25:07 [INFO]       18 kelurahan di Adonara Barat
2026-07-01 15:25:07 [INFO]     KEC [530609] Wotan Ulumando
2026-07-01 15:25:07 [INFO]       12 kelurahan di Wotan Ulumando
2026-07-01 15:25:07 [INFO]     KEC [530610] Adonara Timur
2026-07-01 15:25:08 [INFO]       21 kelurahan di Adonara Timur
2026-07-01 15:25:08 [INFO]     KEC [530611] Kelubagolit
2026-07-01 15:25:08 [INFO]       12 kelurahan di Kelubagolit
2026-07-01 15:25:08 [INFO]     KEC [530612] Witihama
2026-07-01 15:25:09 [INFO]       16 kelurahan di Witihama
2026-07-01 15:25:09 [INFO]     KEC [530613] Ile Boleng
2026-07-01 15:25:10 [INFO]       21 kelurahan di Ile Boleng
2026-07-01 15:25:10 [INFO]     KEC [530614] Demon Pagong
2026-07-01 15:25:10 [INFO]       7 kelurahan di Demon Pagong
2026-07-01 15:25:10 [INFO]     KEC [530615] Lewolema
2026-07-01 15:25:11 [INFO]       7 kelurahan di Lewolema
2026-07-01 15:25:11 [INFO]     KEC [530616] Ile Bura
2026-07-01 15:25:11 [INFO]       7 kelurahan di Ile Bura
2026-07-01 15:25:11 [INFO]     KEC [530617] Adonara
2026-07-01 15:25:12 [INFO]       8 kelurahan di Adonara
2026-07-01 15:25:12 [INFO]     KEC [530618] Adonara Tengah
2026-07-01 15:25:13 [INFO]       13 kelurahan di Adonara Tengah
2026-07-01 15:25:13 [INFO]     KEC [530619] Solor Selatan
2026-07-01 15:25:13 [INFO]       7 kelurahan di Solor Selatan
2026-07-01 15:25:13 [INFO]   KAB [5307] Kabupaten Sikka
2026-07-01 15:25:14 [INFO]     KEC [530701] Paga
2026-07-01 15:25:14 [INFO]       14 kelurahan di Paga
2026-07-01 15:25:14 [INFO]     KEC [530702] Mego
2026-07-01 15:25:15 [INFO]       12 kelurahan di Mego
2026-07-01 15:25:15 [INFO]     KEC [530703] Lela
2026-07-01 15:25:15 [INFO]       9 kelurahan di Lela
2026-07-01 15:25:15 [INFO]     KEC [530704] Nita
2026-07-01 15:25:16 [INFO]       15 kelurahan di Nita
2026-07-01 15:25:16 [INFO]     KEC [530705] Alok
2026-07-01 15:25:17 [INFO]       7 kelurahan di Alok
2026-07-01 15:25:17 [INFO]     KEC [530706] Palue
2026-07-01 15:25:17 [INFO]       8 kelurahan di Palue
2026-07-01 15:25:17 [INFO]     KEC [530707] Nelle
2026-07-01 15:25:18 [INFO]       5 kelurahan di Nelle
2026-07-01 15:25:18 [INFO]     KEC [530708] Talibura
2026-07-01 15:25:18 [INFO]       20 kelurahan di Talibura
2026-07-01 15:25:18 [INFO]     KEC [530709] Waigete
2026-07-01 15:25:19 [INFO]       11 kelurahan di Waigete
2026-07-01 15:25:19 [INFO]     KEC [530710] Kewapante
2026-07-01 15:25:20 [INFO]       9 kelurahan di Kewapante
2026-07-01 15:25:20 [INFO]     KEC [530711] Bola
2026-07-01 15:25:20 [INFO]       8 kelurahan di Bola
2026-07-01 15:25:20 [INFO]     KEC [530712] Magepanda
2026-07-01 15:25:21 [INFO]       8 kelurahan di Magepanda
2026-07-01 15:25:21 [INFO]     KEC [530713] Waiblama
2026-07-01 15:25:21 [INFO]       7 kelurahan di Waiblama
2026-07-01 15:25:21 [INFO]     KEC [530714] Alok Barat
2026-07-01 15:25:22 [INFO]       4 kelurahan di Alok Barat
2026-07-01 15:25:22 [INFO]     KEC [530715] Alok Timur
2026-07-01 15:25:23 [INFO]       11 kelurahan di Alok Timur
2026-07-01 15:25:23 [INFO]     KEC [530716] Koting
2026-07-01 15:25:23 [INFO]       7 kelurahan di Koting
2026-07-01 15:25:23 [INFO]     KEC [530717] Tana Wawo
2026-07-01 15:25:24 [INFO]       10 kelurahan di Tana Wawo
2026-07-01 15:25:24 [INFO]     KEC [530718] Hewokloang
2026-07-01 15:25:24 [INFO]       7 kelurahan di Hewokloang
2026-07-01 15:25:25 [INFO]     KEC [530719] Kangae
2026-07-01 15:25:25 [INFO]       9 kelurahan di Kangae
2026-07-01 15:25:25 [INFO]     KEC [530720] Doreng
2026-07-01 15:25:26 [INFO]       9 kelurahan di Doreng
2026-07-01 15:25:26 [INFO]     KEC [530721] Mapitara
2026-07-01 15:25:26 [INFO]       4 kelurahan di Mapitara
2026-07-01 15:25:26 [INFO]   KAB [5308] Kabupaten Ende
2026-07-01 15:25:27 [INFO]     KEC [530801] Nangapanda
2026-07-01 15:25:27 [INFO]       29 kelurahan di Nangapanda
2026-07-01 15:25:27 [INFO]     KEC [530802] Pulau Ende
2026-07-01 15:25:28 [INFO]       9 kelurahan di Pulau Ende
2026-07-01 15:25:28 [INFO]     KEC [530803] Ende
2026-07-01 15:25:28 [INFO]       32 kelurahan di Ende
2026-07-01 15:25:28 [INFO]     KEC [530804] Ende Selatan
2026-07-01 15:25:29 [INFO]       5 kelurahan di Ende Selatan
2026-07-01 15:25:29 [INFO]     KEC [530805] Ndona
2026-07-01 15:25:30 [INFO]       14 kelurahan di Ndona
2026-07-01 15:25:30 [INFO]     KEC [530806] Detusoko
2026-07-01 15:25:30 [INFO]       21 kelurahan di Detusoko
2026-07-01 15:25:30 [INFO]     KEC [530807] Wewaria
2026-07-01 15:25:31 [INFO]       22 kelurahan di Wewaria
2026-07-01 15:25:31 [INFO]     KEC [530808] Wolowaru
2026-07-01 15:25:31 [INFO]       17 kelurahan di Wolowaru
2026-07-01 15:25:31 [INFO]     KEC [530809] Wolojita
2026-07-01 15:25:32 [INFO]       6 kelurahan di Wolojita
2026-07-01 15:25:32 [INFO]     KEC [530810] Maurole
2026-07-01 15:25:33 [INFO]       13 kelurahan di Maurole
2026-07-01 15:25:33 [INFO]     KEC [530811] Maukaro
2026-07-01 15:25:33 [INFO]       11 kelurahan di Maukaro
2026-07-01 15:25:33 [INFO]     KEC [530812] Lio Timur
2026-07-01 15:25:34 [INFO]       13 kelurahan di Lio Timur
2026-07-01 15:25:34 [INFO]     KEC [530813] Kota Baru
2026-07-01 15:25:34 [INFO]       13 kelurahan di Kota Baru
2026-07-01 15:25:34 [INFO]     KEC [530814] Kelimutu
2026-07-01 15:25:35 [INFO]       9 kelurahan di Kelimutu
2026-07-01 15:25:35 [INFO]     KEC [530815] Detukeli
2026-07-01 15:25:35 [INFO]       13 kelurahan di Detukeli
2026-07-01 15:25:35 [INFO]     KEC [530816] Ndona Timur
2026-07-01 15:25:36 [INFO]       7 kelurahan di Ndona Timur
2026-07-01 15:25:36 [INFO]     KEC [530817] Ndori
2026-07-01 15:25:37 [INFO]       10 kelurahan di Ndori
2026-07-01 15:25:37 [INFO]     KEC [530818] Ende Utara
2026-07-01 15:25:37 [INFO]       10 kelurahan di Ende Utara
2026-07-01 15:25:37 [INFO]     KEC [530819] Ende Tengah
2026-07-01 15:25:38 [INFO]       4 kelurahan di Ende Tengah
2026-07-01 15:25:38 [INFO]     KEC [530820] Ende Timur
2026-07-01 15:25:39 [INFO]       6 kelurahan di Ende Timur
2026-07-01 15:25:39 [INFO]     KEC [530821] Lepembusu Kelisoke
2026-07-01 15:25:39 [INFO]       14 kelurahan di Lepembusu Kelisoke
2026-07-01 15:25:39 [INFO]   KAB [5309] Kabupaten Ngada
2026-07-01 15:25:40 [INFO]     KEC [530901] Aimere
2026-07-01 15:25:41 [INFO]       11 kelurahan di Aimere
2026-07-01 15:25:41 [INFO]     KEC [530902] Golewa
2026-07-01 15:25:41 [INFO]       22 kelurahan di Golewa
2026-07-01 15:25:41 [INFO]     KEC [530906] Bajawa
2026-07-01 15:25:42 [INFO]       28 kelurahan di Bajawa
2026-07-01 15:25:42 [INFO]     KEC [530907] Soa
2026-07-01 15:25:42 [INFO]       16 kelurahan di Soa
2026-07-01 15:25:42 [INFO]     KEC [530909] Riung
2026-07-01 15:25:43 [INFO]       29 kelurahan di Riung
2026-07-01 15:25:43 [INFO]     KEC [530912] Jerebuu
2026-07-01 15:25:43 [INFO]       14 kelurahan di Jerebuu
2026-07-01 15:25:43 [INFO]     KEC [530914] Riung Barat
2026-07-01 15:25:44 [INFO]       19 kelurahan di Riung Barat
2026-07-01 15:25:44 [INFO]     KEC [530915] Bajawa Utara
2026-07-01 15:25:45 [INFO]       12 kelurahan di Bajawa Utara
2026-07-01 15:25:45 [INFO]     KEC [530916] Wolomeze
2026-07-01 15:25:45 [INFO]       11 kelurahan di Wolomeze
2026-07-01 15:25:45 [INFO]     KEC [530918] Golewa Selatan
2026-07-01 15:25:46 [INFO]       18 kelurahan di Golewa Selatan
2026-07-01 15:25:46 [INFO]     KEC [530919] Golewa Barat
2026-07-01 15:25:46 [INFO]       13 kelurahan di Golewa Barat
2026-07-01 15:25:46 [INFO]     KEC [530920] Inerie
2026-07-01 15:25:47 [INFO]       13 kelurahan di Inerie
2026-07-01 15:25:47 [INFO]   KAB [5310] Kabupaten Manggarai
2026-07-01 15:25:48 [INFO]     KEC [531001] Wae Rii
2026-07-01 15:25:48 [INFO]       17 kelurahan di Wae Rii
2026-07-01 15:25:48 [INFO]     KEC [531003] Ruteng
2026-07-01 15:25:49 [INFO]       19 kelurahan di Ruteng
2026-07-01 15:25:49 [INFO]     KEC [531005] Satar Mese
2026-07-01 15:25:49 [INFO]       23 kelurahan di Satar Mese
2026-07-01 15:25:49 [INFO]     KEC [531006] Cibal
2026-07-01 15:25:50 [INFO]       17 kelurahan di Cibal
2026-07-01 15:25:50 [INFO]     KEC [531011] Reok
2026-07-01 15:25:51 [INFO]       10 kelurahan di Reok
2026-07-01 15:25:51 [INFO]     KEC [531012] Langke Rembong
2026-07-01 15:25:51 [INFO]       20 kelurahan di Langke Rembong
2026-07-01 15:25:51 [INFO]     KEC [531013] Satar Mese Barat
2026-07-01 15:25:52 [INFO]       12 kelurahan di Satar Mese Barat
2026-07-01 15:25:52 [INFO]     KEC [531014] Rahong Utara
2026-07-01 15:25:53 [INFO]       12 kelurahan di Rahong Utara
2026-07-01 15:25:53 [INFO]     KEC [531015] Lelak
2026-07-01 15:25:53 [INFO]       10 kelurahan di Lelak
2026-07-01 15:25:53 [INFO]     KEC [531016] Reok Barat
2026-07-01 15:25:54 [INFO]       10 kelurahan di Reok Barat
2026-07-01 15:25:54 [INFO]     KEC [531017] Cibal barat
2026-07-01 15:25:54 [INFO]       10 kelurahan di Cibal barat
2026-07-01 15:25:54 [INFO]     KEC [531018] Satar Mese Utara
2026-07-01 15:25:55 [INFO]       11 kelurahan di Satar Mese Utara
2026-07-01 15:25:55 [INFO]   KAB [5311] Kabupaten Sumba Timur
2026-07-01 15:25:55 [INFO]     KEC [531101] Kota Waingapu
2026-07-01 15:25:56 [INFO]       7 kelurahan di Kota Waingapu
2026-07-01 15:25:56 [INFO]     KEC [531102] Haharu
2026-07-01 15:25:56 [INFO]       7 kelurahan di Haharu
2026-07-01 15:25:56 [INFO]     KEC [531103] Lewa
2026-07-01 15:25:57 [INFO]       8 kelurahan di Lewa
2026-07-01 15:25:57 [INFO]     KEC [531104] Nggaha Ori Angu
2026-07-01 15:25:58 [INFO]       8 kelurahan di Nggaha Ori Angu
2026-07-01 15:25:58 [INFO]     KEC [531105] Tabundung
2026-07-01 15:25:58 [INFO]       10 kelurahan di Tabundung
2026-07-01 15:25:58 [INFO]     KEC [531106] Pinu Pahar
2026-07-01 15:25:59 [INFO]       6 kelurahan di Pinu Pahar
2026-07-01 15:25:59 [INFO]     KEC [531107] Pandawai
2026-07-01 15:25:59 [INFO]       7 kelurahan di Pandawai
2026-07-01 15:25:59 [INFO]     KEC [531108] Umalulu
2026-07-01 15:26:00 [INFO]       10 kelurahan di Umalulu
2026-07-01 15:26:00 [INFO]     KEC [531109] Rindi
2026-07-01 15:26:00 [INFO]       8 kelurahan di Rindi
2026-07-01 15:26:00 [INFO]     KEC [531110] Pahunga Lodu
2026-07-01 15:26:01 [INFO]       8 kelurahan di Pahunga Lodu
2026-07-01 15:26:01 [INFO]     KEC [531111] Wulla Waijelu
2026-07-01 15:26:02 [INFO]       7 kelurahan di Wulla Waijelu
2026-07-01 15:26:02 [INFO]     KEC [531112] Paberiwai
2026-07-01 15:26:02 [INFO]       7 kelurahan di Paberiwai
2026-07-01 15:26:02 [INFO]     KEC [531113] Karera
2026-07-01 15:26:03 [INFO]       7 kelurahan di Karera
2026-07-01 15:26:03 [INFO]     KEC [531114] Kahaungu Eti
2026-07-01 15:26:03 [INFO]       9 kelurahan di Kahaungu Eti
2026-07-01 15:26:03 [INFO]     KEC [531115] Matawai La Pawu
2026-07-01 15:26:04 [INFO]       6 kelurahan di Matawai La Pawu
2026-07-01 15:26:04 [INFO]     KEC [531116] Kambera
2026-07-01 15:26:05 [INFO]       8 kelurahan di Kambera
2026-07-01 15:26:05 [INFO]     KEC [531117] Kambata Mapambuhang
2026-07-01 15:26:05 [INFO]       6 kelurahan di Kambata Mapambuhang
2026-07-01 15:26:05 [INFO]     KEC [531118] Lewa Tidahu
2026-07-01 15:26:06 [INFO]       6 kelurahan di Lewa Tidahu
2026-07-01 15:26:06 [INFO]     KEC [531119] Katala Hamu Lingu
2026-07-01 15:26:06 [INFO]       5 kelurahan di Katala Hamu Lingu
2026-07-01 15:26:06 [INFO]     KEC [531120] Kanatang
2026-07-01 15:26:07 [INFO]       5 kelurahan di Kanatang
2026-07-01 15:26:07 [INFO]     KEC [531121] Ngadu Ngala
2026-07-01 15:26:08 [INFO]       5 kelurahan di Ngadu Ngala
2026-07-01 15:26:08 [INFO]     KEC [531122] Mahu
2026-07-01 15:26:08 [INFO]       6 kelurahan di Mahu
2026-07-01 15:26:08 [INFO]   KAB [5312] Kabupaten Sumba Barat
2026-07-01 15:26:09 [INFO]     KEC [531204] Tana Righu
2026-07-01 15:26:09 [INFO]       18 kelurahan di Tana Righu
2026-07-01 15:26:10 [INFO]     KEC [531210] Loli
2026-07-01 15:26:10 [INFO]       14 kelurahan di Loli
2026-07-01 15:26:10 [INFO]     KEC [531211] Wanokaka
2026-07-01 15:26:11 [INFO]       14 kelurahan di Wanokaka
2026-07-01 15:26:11 [INFO]     KEC [531212] Lamboya
2026-07-01 15:26:11 [INFO]       11 kelurahan di Lamboya
2026-07-01 15:26:11 [INFO]     KEC [531215] Kota Waikabubak
2026-07-01 15:26:12 [INFO]       13 kelurahan di Kota Waikabubak
2026-07-01 15:26:12 [INFO]     KEC [531218] Laboya Barat
2026-07-01 15:26:12 [INFO]       4 kelurahan di Laboya Barat
2026-07-01 15:26:12 [INFO]   KAB [5313] Kabupaten Lembata
2026-07-01 15:26:13 [INFO]     KEC [531301] Naga Wutung
2026-07-01 15:26:13 [INFO]       18 kelurahan di Naga Wutung
2026-07-01 15:26:13 [INFO]     KEC [531302] Atadei
2026-07-01 15:26:14 [INFO]       15 kelurahan di Atadei
2026-07-01 15:26:14 [INFO]     KEC [531303] Ile Ape
2026-07-01 15:26:15 [INFO]       17 kelurahan di Ile Ape
2026-07-01 15:26:15 [INFO]     KEC [531304] Lebatukan
2026-07-01 15:26:15 [INFO]       17 kelurahan di Lebatukan
2026-07-01 15:26:15 [INFO]     KEC [531305] Nubatukan
2026-07-01 15:26:16 [INFO]       18 kelurahan di Nubatukan
2026-07-01 15:26:16 [INFO]     KEC [531306] Omesuri
2026-07-01 15:26:16 [INFO]       22 kelurahan di Omesuri
2026-07-01 15:26:16 [INFO]     KEC [531307] Buyasuri
2026-07-01 15:26:17 [INFO]       20 kelurahan di Buyasuri
2026-07-01 15:26:17 [INFO]     KEC [531308] Wulandoni
2026-07-01 15:26:17 [INFO]       15 kelurahan di Wulandoni
2026-07-01 15:26:17 [INFO]     KEC [531309] Ile Ape Timur
2026-07-01 15:26:18 [INFO]       9 kelurahan di Ile Ape Timur
2026-07-01 15:26:18 [INFO]   KAB [5314] Kabupaten Rote Ndao
2026-07-01 15:26:19 [INFO]     KEC [531401] Rote Barat Daya
2026-07-01 15:26:19 [INFO]       19 kelurahan di Rote Barat Daya
2026-07-01 15:26:19 [INFO]     KEC [531402] Rote Barat Laut
2026-07-01 15:26:20 [INFO]       12 kelurahan di Rote Barat Laut
2026-07-01 15:26:20 [INFO]     KEC [531403] Lobalain
2026-07-01 15:26:21 [INFO]       18 kelurahan di Lobalain
2026-07-01 15:26:21 [INFO]     KEC [531404] Rote Tengah
2026-07-01 15:26:21 [INFO]       8 kelurahan di Rote Tengah
2026-07-01 15:26:21 [INFO]     KEC [531405] Pantai Baru
2026-07-01 15:26:22 [INFO]       15 kelurahan di Pantai Baru
2026-07-01 15:26:22 [INFO]     KEC [531406] Rote Timur
2026-07-01 15:26:22 [INFO]       11 kelurahan di Rote Timur
2026-07-01 15:26:22 [INFO]     KEC [531407] Rote Barat
2026-07-01 15:26:23 [INFO]       7 kelurahan di Rote Barat
2026-07-01 15:26:23 [INFO]     KEC [531408] Rote  Selatan
2026-07-01 15:26:23 [INFO]       7 kelurahan di Rote  Selatan
2026-07-01 15:26:23 [INFO]     KEC [531409] Ndao Nuse
2026-07-01 15:26:24 [INFO]       5 kelurahan di Ndao Nuse
2026-07-01 15:26:24 [INFO]     KEC [531410] Landu Leko
2026-07-01 15:26:25 [INFO]       7 kelurahan di Landu Leko
2026-07-01 15:26:25 [INFO]     KEC [531411] Loaholu
2026-07-01 15:26:25 [INFO]       10 kelurahan di Loaholu
2026-07-01 15:26:25 [INFO]   KAB [5315] Kabupaten Manggarai Barat
2026-07-01 15:26:26 [INFO]     KEC [531501] Macang Pacar
2026-07-01 15:26:26 [INFO]       13 kelurahan di Macang Pacar
2026-07-01 15:26:26 [INFO]     KEC [531502] Kuwus
2026-07-01 15:26:27 [INFO]       12 kelurahan di Kuwus
2026-07-01 15:26:27 [INFO]     KEC [531503] Lembor
2026-07-01 15:26:27 [INFO]       15 kelurahan di Lembor
2026-07-01 15:26:27 [INFO]     KEC [531504] Sano Nggoang
2026-07-01 15:26:28 [INFO]       15 kelurahan di Sano Nggoang
2026-07-01 15:26:28 [INFO]     KEC [531505] Komodo
2026-07-01 15:26:29 [INFO]       19 kelurahan di Komodo
2026-07-01 15:26:29 [INFO]     KEC [531506] Boleng
2026-07-01 15:26:29 [INFO]       11 kelurahan di Boleng
2026-07-01 15:26:29 [INFO]     KEC [531507] Welak
2026-07-01 15:26:30 [INFO]       16 kelurahan di Welak
2026-07-01 15:26:30 [INFO]     KEC [531508] Ndoso
2026-07-01 15:26:30 [INFO]       15 kelurahan di Ndoso
2026-07-01 15:26:30 [INFO]     KEC [531509] Lembor Selatan
2026-07-01 15:26:31 [INFO]       15 kelurahan di Lembor Selatan
2026-07-01 15:26:31 [INFO]     KEC [531510] Mbeliling
2026-07-01 15:26:32 [INFO]       15 kelurahan di Mbeliling
2026-07-01 15:26:32 [INFO]     KEC [531511] Pacar
2026-07-01 15:26:32 [INFO]       13 kelurahan di Pacar
2026-07-01 15:26:32 [INFO]     KEC [531512] Kuwus Barat
2026-07-01 15:26:33 [INFO]       10 kelurahan di Kuwus Barat
2026-07-01 15:26:33 [INFO]   KAB [5316] Kabupaten Nagekeo
2026-07-01 15:26:33 [INFO]     KEC [531601] Aesesa
2026-07-01 15:26:34 [INFO]       18 kelurahan di Aesesa
2026-07-01 15:26:34 [INFO]     KEC [531602] Nangaroro
2026-07-01 15:26:35 [INFO]       19 kelurahan di Nangaroro
2026-07-01 15:26:35 [INFO]     KEC [531603] Boawae
2026-07-01 15:26:35 [INFO]       27 kelurahan di Boawae
2026-07-01 15:26:35 [INFO]     KEC [531604] Mauponggo
2026-07-01 15:26:36 [INFO]       21 kelurahan di Mauponggo
2026-07-01 15:26:36 [INFO]     KEC [531605] Wolowae
2026-07-01 15:26:36 [INFO]       5 kelurahan di Wolowae
2026-07-01 15:26:36 [INFO]     KEC [531606] Keo Tengah
2026-07-01 15:26:37 [INFO]       16 kelurahan di Keo Tengah
2026-07-01 15:26:37 [INFO]     KEC [531607] Aesesa Selatan
2026-07-01 15:26:37 [INFO]       7 kelurahan di Aesesa Selatan
2026-07-01 15:26:37 [INFO]   KAB [5317] Kabupaten Sumba Tengah
2026-07-01 15:26:38 [INFO]     KEC [531701] Katiku Tana
2026-07-01 15:26:39 [INFO]       7 kelurahan di Katiku Tana
2026-07-01 15:26:39 [INFO]     KEC [531702] Umbu Ratu Nggay Barat
2026-07-01 15:26:39 [INFO]       15 kelurahan di Umbu Ratu Nggay Barat
2026-07-01 15:26:39 [INFO]     KEC [531703] Mamboro
2026-07-01 15:26:40 [INFO]       13 kelurahan di Mamboro
2026-07-01 15:26:40 [INFO]     KEC [531704] Umbu Ratu Nggay
2026-07-01 15:26:40 [INFO]       11 kelurahan di Umbu Ratu Nggay
2026-07-01 15:26:40 [INFO]     KEC [531705] Katiku Tana Selatan
2026-07-01 15:26:41 [INFO]       9 kelurahan di Katiku Tana Selatan
2026-07-01 15:26:41 [INFO]     KEC [531706] Umbu Ratu Nggay Tengah
2026-07-01 15:26:41 [INFO]       10 kelurahan di Umbu Ratu Nggay Tengah
2026-07-01 15:26:41 [INFO]   KAB [5318] Kabupaten Sumba Barat Daya
2026-07-01 15:26:42 [INFO]     KEC [531801] Loura
2026-07-01 15:26:42 [INFO]       11 kelurahan di Loura
2026-07-01 15:26:42 [INFO]     KEC [531802] Wewewa Utara
2026-07-01 15:26:43 [INFO]       12 kelurahan di Wewewa Utara
2026-07-01 15:26:43 [INFO]     KEC [531803] Wewewa Timur
2026-07-01 15:26:44 [INFO]       19 kelurahan di Wewewa Timur
2026-07-01 15:26:44 [INFO]     KEC [531804] Wewewa Barat
2026-07-01 15:26:44 [INFO]       20 kelurahan di Wewewa Barat
2026-07-01 15:26:44 [INFO]     KEC [531805] Wewewa Selatan
2026-07-01 15:26:45 [INFO]       14 kelurahan di Wewewa Selatan
2026-07-01 15:26:45 [INFO]     KEC [531806] Kodi Bangedo
2026-07-01 15:26:45 [INFO]       21 kelurahan di Kodi Bangedo
2026-07-01 15:26:45 [INFO]     KEC [531807] Kodi
2026-07-01 15:26:46 [INFO]       19 kelurahan di Kodi
2026-07-01 15:26:46 [INFO]     KEC [531808] Kodi Utara
2026-07-01 15:26:46 [INFO]       21 kelurahan di Kodi Utara
2026-07-01 15:26:46 [INFO]     KEC [531809] Kota Tambolaka
2026-07-01 15:26:47 [INFO]       10 kelurahan di Kota Tambolaka
2026-07-01 15:26:47 [INFO]     KEC [531810] Wewewa Tengah
2026-07-01 15:26:47 [INFO]       20 kelurahan di Wewewa Tengah
2026-07-01 15:26:48 [INFO]     KEC [531811] Kodi Balaghar
2026-07-01 15:26:48 [INFO]       8 kelurahan di Kodi Balaghar
2026-07-01 15:26:48 [INFO]   KAB [5319] Kabupaten Manggarai Timur
2026-07-01 15:26:49 [INFO]     KEC [531901] Borong
2026-07-01 15:26:49 [INFO]       18 kelurahan di Borong
2026-07-01 15:26:49 [INFO]     KEC [531902] Lamba Leda Selatan
2026-07-01 15:26:50 [INFO]       24 kelurahan di Lamba Leda Selatan
2026-07-01 15:26:50 [INFO]     KEC [531903] Lamba Leda
2026-07-01 15:26:50 [INFO]       13 kelurahan di Lamba Leda
2026-07-01 15:26:50 [INFO]     KEC [531904] Sambi Rampas
2026-07-01 15:26:51 [INFO]       10 kelurahan di Sambi Rampas
2026-07-01 15:26:51 [INFO]     KEC [531905] Elar
2026-07-01 15:26:52 [INFO]       15 kelurahan di Elar
2026-07-01 15:26:52 [INFO]     KEC [531906] Kota Komba
2026-07-01 15:26:52 [INFO]       11 kelurahan di Kota Komba
2026-07-01 15:26:52 [INFO]     KEC [531907] Rana Mese
2026-07-01 15:26:53 [INFO]       21 kelurahan di Rana Mese
2026-07-01 15:26:53 [INFO]     KEC [531908] Lamba Leda Timur
2026-07-01 15:26:54 [INFO]       18 kelurahan di Lamba Leda Timur
2026-07-01 15:26:54 [INFO]     KEC [531909] Elar Selatan
2026-07-01 15:26:54 [INFO]       14 kelurahan di Elar Selatan
2026-07-01 15:26:54 [INFO]     KEC [531910] Kota Komba Utara
2026-07-01 15:26:55 [INFO]       11 kelurahan di Kota Komba Utara
2026-07-01 15:26:55 [INFO]     KEC [531911] Lamba Leda Utara
2026-07-01 15:26:55 [INFO]       11 kelurahan di Lamba Leda Utara
2026-07-01 15:26:55 [INFO]     KEC [531912] Congkar
2026-07-01 15:26:56 [INFO]       10 kelurahan di Congkar
2026-07-01 15:26:56 [INFO]   KAB [5320] Kabupaten Sabu Raijua
2026-07-01 15:26:56 [INFO]     KEC [532001] Sabu Barat
2026-07-01 15:26:57 [INFO]       18 kelurahan di Sabu Barat
2026-07-01 15:26:57 [INFO]     KEC [532002] Sabu Tengah
2026-07-01 15:26:58 [INFO]       8 kelurahan di Sabu Tengah
2026-07-01 15:26:58 [INFO]     KEC [532003] Sabu Timur
2026-07-01 15:26:58 [INFO]       10 kelurahan di Sabu Timur
2026-07-01 15:26:58 [INFO]     KEC [532004] Sabu Liae
2026-07-01 15:26:59 [INFO]       12 kelurahan di Sabu Liae
2026-07-01 15:26:59 [INFO]     KEC [532005] Hawu Mehara
2026-07-01 15:26:59 [INFO]       10 kelurahan di Hawu Mehara
2026-07-01 15:26:59 [INFO]     KEC [532006] Raijua
2026-07-01 15:27:00 [INFO]       5 kelurahan di Raijua
2026-07-01 15:27:00 [INFO]   KAB [5321] Kabupaten Malaka
2026-07-01 15:27:00 [INFO]     KEC [532101] Malaka Tengah
2026-07-01 15:27:01 [INFO]       17 kelurahan di Malaka Tengah
2026-07-01 15:27:01 [INFO]     KEC [532102] Malaka Barat
2026-07-01 15:27:02 [INFO]       16 kelurahan di Malaka Barat
2026-07-01 15:27:02 [INFO]     KEC [532103] Wewiku
2026-07-01 15:27:02 [INFO]       12 kelurahan di Wewiku
2026-07-01 15:27:02 [INFO]     KEC [532104] Weliman
2026-07-01 15:27:03 [INFO]       14 kelurahan di Weliman
2026-07-01 15:27:03 [INFO]     KEC [532105] Rinhat
2026-07-01 15:27:03 [INFO]       20 kelurahan di Rinhat
2026-07-01 15:27:03 [INFO]     KEC [532106] Io Kufeu
2026-07-01 15:27:04 [INFO]       7 kelurahan di Io Kufeu
2026-07-01 15:27:04 [INFO]     KEC [532107] Sasitamean
2026-07-01 15:27:04 [INFO]       9 kelurahan di Sasitamean
2026-07-01 15:27:04 [INFO]     KEC [532108] Laenmanen
2026-07-01 15:27:05 [INFO]       9 kelurahan di Laenmanen
2026-07-01 15:27:05 [INFO]     KEC [532109] Malaka Timur
2026-07-01 15:27:06 [INFO]       6 kelurahan di Malaka Timur
2026-07-01 15:27:06 [INFO]     KEC [532110] Kobalima Timur
2026-07-01 15:27:06 [INFO]       4 kelurahan di Kobalima Timur
2026-07-01 15:27:06 [INFO]     KEC [532111] Kobalima
2026-07-01 15:27:07 [INFO]       8 kelurahan di Kobalima
2026-07-01 15:27:07 [INFO]     KEC [532112] Botin Leobele
2026-07-01 15:27:07 [INFO]       5 kelurahan di Botin Leobele
2026-07-01 15:27:07 [INFO]   KAB [5371] Kota Kupang
2026-07-01 15:27:08 [INFO]     KEC [537101] Alak
2026-07-01 15:27:09 [INFO]       12 kelurahan di Alak
2026-07-01 15:27:09 [INFO]     KEC [537102] Maulafa
2026-07-01 15:27:09 [INFO]       9 kelurahan di Maulafa
2026-07-01 15:27:09 [INFO]     KEC [537103] Kelapa Lima
2026-07-01 15:27:10 [INFO]       5 kelurahan di Kelapa Lima
2026-07-01 15:27:10 [INFO]     KEC [537104] Oebobo
2026-07-01 15:27:10 [INFO]       7 kelurahan di Oebobo
2026-07-01 15:27:10 [INFO]     KEC [537105] Kota Raja
2026-07-01 15:27:11 [INFO]       8 kelurahan di Kota Raja
2026-07-01 15:27:11 [INFO]     KEC [537106] Kota Lama
2026-07-01 15:27:11 [INFO]       10 kelurahan di Kota Lama
2026-07-01 15:27:11 [INFO] PROVINSI SELESAI [53] Nusa Tenggara Timur
2026-07-01 15:27:11 [INFO] PROVINSI [61] Kalimantan Barat
2026-07-01 15:27:12 [INFO]   KAB [6101] Kabupaten Sambas
2026-07-01 15:27:12 [INFO]     KEC [610101] Sambas
2026-07-01 15:27:13 [INFO]       18 kelurahan di Sambas
2026-07-01 15:27:13 [INFO]     KEC [610102] Teluk Keramat
2026-07-01 15:27:14 [INFO]       25 kelurahan di Teluk Keramat
2026-07-01 15:27:14 [INFO]     KEC [610103] Jawai
2026-07-01 15:27:14 [INFO]       13 kelurahan di Jawai
2026-07-01 15:27:14 [INFO]     KEC [610104] Tebas
2026-07-01 15:27:15 [INFO]       23 kelurahan di Tebas
2026-07-01 15:27:15 [INFO]     KEC [610105] Pemangkat
2026-07-01 15:27:15 [INFO]       8 kelurahan di Pemangkat
2026-07-01 15:27:15 [INFO]     KEC [610106] Sejangkung
2026-07-01 15:27:16 [INFO]       12 kelurahan di Sejangkung
2026-07-01 15:27:16 [INFO]     KEC [610107] Selakau
2026-07-01 15:27:16 [INFO]       11 kelurahan di Selakau
2026-07-01 15:27:16 [INFO]     KEC [610108] Paloh
2026-07-01 15:27:17 [INFO]       8 kelurahan di Paloh
2026-07-01 15:27:17 [INFO]     KEC [610109] Sajingan Besar
2026-07-01 15:27:17 [INFO]       5 kelurahan di Sajingan Besar
2026-07-01 15:27:17 [INFO]     KEC [610110] Subah
2026-07-01 15:27:18 [INFO]       13 kelurahan di Subah
2026-07-01 15:27:18 [INFO]     KEC [610111] Galing
2026-07-01 15:27:19 [INFO]       10 kelurahan di Galing
2026-07-01 15:27:19 [INFO]     KEC [610112] Tekarang
2026-07-01 15:27:19 [INFO]       7 kelurahan di Tekarang
2026-07-01 15:27:19 [INFO]     KEC [610113] Semparuk
2026-07-01 15:27:20 [INFO]       5 kelurahan di Semparuk
2026-07-01 15:27:20 [INFO]     KEC [610114] Sajad
2026-07-01 15:27:20 [INFO]       4 kelurahan di Sajad
2026-07-01 15:27:20 [INFO]     KEC [610115] Sebawi
2026-07-01 15:27:21 [INFO]       7 kelurahan di Sebawi
2026-07-01 15:27:21 [INFO]     KEC [610116] Jawai Selatan
2026-07-01 15:27:22 [INFO]       9 kelurahan di Jawai Selatan
2026-07-01 15:27:22 [INFO]     KEC [610117] Tangaran
2026-07-01 15:27:22 [INFO]       8 kelurahan di Tangaran
2026-07-01 15:27:22 [INFO]     KEC [610118] Salatiga
2026-07-01 15:27:23 [INFO]       5 kelurahan di Salatiga
2026-07-01 15:27:23 [INFO]     KEC [610119] Selakau Timur
2026-07-01 15:27:23 [INFO]       4 kelurahan di Selakau Timur
2026-07-01 15:27:23 [INFO]   KAB [6102] Kabupaten Mempawah
2026-07-01 15:27:24 [INFO]     KEC [610201] Mempawah Hilir
2026-07-01 15:27:25 [INFO]       8 kelurahan di Mempawah Hilir
2026-07-01 15:27:25 [INFO]     KEC [610206] Toho
2026-07-01 15:27:25 [INFO]       8 kelurahan di Toho
2026-07-01 15:27:25 [INFO]     KEC [610207] Sungai Pinyuh
2026-07-01 15:27:26 [INFO]       9 kelurahan di Sungai Pinyuh
2026-07-01 15:27:26 [INFO]     KEC [610208] Jongkat
2026-07-01 15:27:26 [INFO]       5 kelurahan di Jongkat
2026-07-01 15:27:26 [INFO]     KEC [610212] Sungai Kunyit
2026-07-01 15:27:27 [INFO]       12 kelurahan di Sungai Kunyit
2026-07-01 15:27:27 [INFO]     KEC [610215] Segedong
2026-07-01 15:27:28 [INFO]       6 kelurahan di Segedong
2026-07-01 15:27:28 [INFO]     KEC [610216] Anjongan
2026-07-01 15:27:28 [INFO]       5 kelurahan di Anjongan
2026-07-01 15:27:28 [INFO]     KEC [610217] Sadaniang
2026-07-01 15:27:29 [INFO]       6 kelurahan di Sadaniang
2026-07-01 15:27:29 [INFO]     KEC [610218] Mempawah Timur
2026-07-01 15:27:29 [INFO]       8 kelurahan di Mempawah Timur
2026-07-01 15:27:29 [INFO]   KAB [6103] Kabupaten Sanggau
2026-07-01 15:27:30 [INFO]     KEC [610301] Kapuas
2026-07-01 15:27:30 [INFO]       26 kelurahan di Kapuas
2026-07-01 15:27:30 [INFO]     KEC [610302] Mukok
2026-07-01 15:27:31 [INFO]       9 kelurahan di Mukok
2026-07-01 15:27:31 [INFO]     KEC [610303] Noyan
2026-07-01 15:27:32 [INFO]       5 kelurahan di Noyan
2026-07-01 15:27:32 [INFO]     KEC [610304] Jangkang
2026-07-01 15:27:32 [INFO]       11 kelurahan di Jangkang
2026-07-01 15:27:32 [INFO]     KEC [610305] Bonti
2026-07-01 15:27:33 [INFO]       9 kelurahan di Bonti
2026-07-01 15:27:33 [INFO]     KEC [610306] Beduai
2026-07-01 15:27:33 [INFO]       5 kelurahan di Beduai
2026-07-01 15:27:33 [INFO]     KEC [610307] Sekayam
2026-07-01 15:27:34 [INFO]       10 kelurahan di Sekayam
2026-07-01 15:27:34 [INFO]     KEC [610308] Kembayan
2026-07-01 15:27:35 [INFO]       11 kelurahan di Kembayan
2026-07-01 15:27:35 [INFO]     KEC [610309] Parindu
2026-07-01 15:27:35 [INFO]       14 kelurahan di Parindu
2026-07-01 15:27:35 [INFO]     KEC [610310] Tayan Hulu
2026-07-01 15:27:36 [INFO]       11 kelurahan di Tayan Hulu
2026-07-01 15:27:36 [INFO]     KEC [610311] Tayan Hilir
2026-07-01 15:27:36 [INFO]       15 kelurahan di Tayan Hilir
2026-07-01 15:27:36 [INFO]     KEC [610312] Balai
2026-07-01 15:27:37 [INFO]       12 kelurahan di Balai
2026-07-01 15:27:37 [INFO]     KEC [610313] Toba
2026-07-01 15:27:38 [INFO]       7 kelurahan di Toba
2026-07-01 15:27:38 [INFO]     KEC [610320] Meliau
2026-07-01 15:27:38 [INFO]       19 kelurahan di Meliau
2026-07-01 15:27:38 [INFO]     KEC [610321] Entikong
2026-07-01 15:27:39 [INFO]       5 kelurahan di Entikong
2026-07-01 15:27:39 [INFO]   KAB [6104] Kabupaten Ketapang
2026-07-01 15:27:39 [INFO]     KEC [610401] Matan Hilir Utara
2026-07-01 15:27:40 [INFO]       5 kelurahan di Matan Hilir Utara
2026-07-01 15:27:40 [INFO]     KEC [610402] Marau
2026-07-01 15:27:41 [INFO]       10 kelurahan di Marau
2026-07-01 15:27:41 [INFO]     KEC [610403] Manis Mata
2026-07-01 15:27:41 [INFO]       22 kelurahan di Manis Mata
2026-07-01 15:27:41 [INFO]     KEC [610404] Kendawangan
2026-07-01 15:27:42 [INFO]       19 kelurahan di Kendawangan
2026-07-01 15:27:42 [INFO]     KEC [610405] Sandai
2026-07-01 15:27:42 [INFO]       13 kelurahan di Sandai
2026-07-01 15:27:42 [INFO]     KEC [610407] Sungai Laur
2026-07-01 15:27:43 [INFO]       19 kelurahan di Sungai Laur
2026-07-01 15:27:43 [INFO]     KEC [610408] Simpang Hulu
2026-07-01 15:27:43 [INFO]       15 kelurahan di Simpang Hulu
2026-07-01 15:27:43 [INFO]     KEC [610411] Nanga Tayap
2026-07-01 15:27:44 [INFO]       20 kelurahan di Nanga Tayap
2026-07-01 15:27:44 [INFO]     KEC [610412] Matan Hilir Selatan
2026-07-01 15:27:45 [INFO]       11 kelurahan di Matan Hilir Selatan
2026-07-01 15:27:45 [INFO]     KEC [610413] Tumbang Titi
2026-07-01 15:27:45 [INFO]       25 kelurahan di Tumbang Titi
2026-07-01 15:27:45 [INFO]     KEC [610414] Jelai Hulu
2026-07-01 15:27:46 [INFO]       22 kelurahan di Jelai Hulu
2026-07-01 15:27:46 [INFO]     KEC [610416] Delta Pawan
2026-07-01 15:27:46 [INFO]       9 kelurahan di Delta Pawan
2026-07-01 15:27:46 [INFO]     KEC [610417] Muara Pawan
2026-07-01 15:27:47 [INFO]       8 kelurahan di Muara Pawan
2026-07-01 15:27:47 [INFO]     KEC [610418] Benua Kayong
2026-07-01 15:27:47 [INFO]       11 kelurahan di Benua Kayong
2026-07-01 15:27:47 [INFO]     KEC [610419] Hulu Sungai
2026-07-01 15:27:48 [INFO]       12 kelurahan di Hulu Sungai
2026-07-01 15:27:48 [INFO]     KEC [610420] Simpang Dua
2026-07-01 15:27:49 [INFO]       6 kelurahan di Simpang Dua
2026-07-01 15:27:49 [INFO]     KEC [610421] Air Upas
2026-07-01 15:27:49 [INFO]       9 kelurahan di Air Upas
2026-07-01 15:27:49 [INFO]     KEC [610422] Singkup
2026-07-01 15:27:50 [INFO]       8 kelurahan di Singkup
2026-07-01 15:27:50 [INFO]     KEC [610424] Pemahan
2026-07-01 15:27:50 [INFO]       7 kelurahan di Pemahan
2026-07-01 15:27:50 [INFO]     KEC [610425] Sungai Melayu Rayak
2026-07-01 15:27:51 [INFO]       11 kelurahan di Sungai Melayu Rayak
2026-07-01 15:27:51 [INFO]   KAB [6105] Kabupaten Sintang
2026-07-01 15:27:52 [INFO]     KEC [610501] Sintang
2026-07-01 15:27:52 [INFO]       29 kelurahan di Sintang
2026-07-01 15:27:52 [INFO]     KEC [610502] Tempunak
2026-07-01 15:27:53 [INFO]       26 kelurahan di Tempunak
2026-07-01 15:27:53 [INFO]     KEC [610503] Sepauk
2026-07-01 15:27:53 [INFO]       39 kelurahan di Sepauk
2026-07-01 15:27:53 [INFO]     KEC [610504] Ketungau Hilir
2026-07-01 15:27:54 [INFO]       24 kelurahan di Ketungau Hilir
2026-07-01 15:27:54 [INFO]     KEC [610505] Ketungau Tengah
2026-07-01 15:27:55 [INFO]       29 kelurahan di Ketungau Tengah
2026-07-01 15:27:55 [INFO]     KEC [610506] Ketungau Hulu
2026-07-01 15:27:55 [INFO]       29 kelurahan di Ketungau Hulu
2026-07-01 15:27:55 [INFO]     KEC [610507] Dedai
2026-07-01 15:27:56 [INFO]       31 kelurahan di Dedai
2026-07-01 15:27:56 [INFO]     KEC [610508] Kayan Hilir
2026-07-01 15:27:57 [INFO]       43 kelurahan di Kayan Hilir
2026-07-01 15:27:57 [INFO]     KEC [610509] Kayan Hulu
2026-07-01 15:27:57 [INFO]       31 kelurahan di Kayan Hulu
2026-07-01 15:27:57 [INFO]     KEC [610514] Serawai
2026-07-01 15:27:58 [INFO]       38 kelurahan di Serawai
2026-07-01 15:27:58 [INFO]     KEC [610515] Ambalau
2026-07-01 15:27:58 [INFO]       33 kelurahan di Ambalau
2026-07-01 15:27:58 [INFO]     KEC [610519] Kelam Permai
2026-07-01 15:27:59 [INFO]       17 kelurahan di Kelam Permai
2026-07-01 15:27:59 [INFO]     KEC [610520] Sungai Tebelian
2026-07-01 15:28:00 [INFO]       26 kelurahan di Sungai Tebelian
2026-07-01 15:28:00 [INFO]     KEC [610521] Binjai Hulu
2026-07-01 15:28:00 [INFO]       11 kelurahan di Binjai Hulu
2026-07-01 15:28:00 [INFO]   KAB [6106] Kabupaten Kapuas Hulu
2026-07-01 15:28:01 [INFO]     KEC [610601] Putussibau Utara
2026-07-01 15:28:01 [INFO]       19 kelurahan di Putussibau Utara
2026-07-01 15:28:01 [INFO]     KEC [610602] Bika
2026-07-01 15:28:02 [INFO]       8 kelurahan di Bika
2026-07-01 15:28:02 [INFO]     KEC [610603] Embaloh Hilir
2026-07-01 15:28:02 [INFO]       9 kelurahan di Embaloh Hilir
2026-07-01 15:28:02 [INFO]     KEC [610604] Embaloh Hulu
2026-07-01 15:28:03 [INFO]       10 kelurahan di Embaloh Hulu
2026-07-01 15:28:03 [INFO]     KEC [610605] Bunut Hilir
2026-07-01 15:28:04 [INFO]       11 kelurahan di Bunut Hilir
2026-07-01 15:28:04 [INFO]     KEC [610606] Bunut Hulu
2026-07-01 15:28:04 [INFO]       15 kelurahan di Bunut Hulu
2026-07-01 15:28:04 [INFO]     KEC [610607] Jongkong
2026-07-01 15:28:05 [INFO]       14 kelurahan di Jongkong
2026-07-01 15:28:05 [INFO]     KEC [610608] Hulu Gurung
2026-07-01 15:28:05 [INFO]       15 kelurahan di Hulu Gurung
2026-07-01 15:28:06 [INFO]     KEC [610609] Selimbau
2026-07-01 15:28:06 [INFO]       17 kelurahan di Selimbau
2026-07-01 15:28:06 [INFO]     KEC [610610] Semitau
2026-07-01 15:28:07 [INFO]       12 kelurahan di Semitau
2026-07-01 15:28:07 [INFO]     KEC [610611] Seberuang
2026-07-01 15:28:07 [INFO]       15 kelurahan di Seberuang
2026-07-01 15:28:07 [INFO]     KEC [610612] Batang Lupar
2026-07-01 15:28:08 [INFO]       10 kelurahan di Batang Lupar
2026-07-01 15:28:08 [INFO]     KEC [610613] Empanang
2026-07-01 15:28:08 [INFO]       6 kelurahan di Empanang
2026-07-01 15:28:08 [INFO]     KEC [610614] Badau
2026-07-01 15:28:09 [INFO]       9 kelurahan di Badau
2026-07-01 15:28:09 [INFO]     KEC [610615] Silat Hilir
2026-07-01 15:28:10 [INFO]       13 kelurahan di Silat Hilir
2026-07-01 15:28:10 [INFO]     KEC [610616] Silat Hulu
2026-07-01 15:28:10 [INFO]       14 kelurahan di Silat Hulu
2026-07-01 15:28:10 [INFO]     KEC [610617] Putussibau Selatan
2026-07-01 15:28:11 [INFO]       16 kelurahan di Putussibau Selatan
2026-07-01 15:28:11 [INFO]     KEC [610618] Kalis
2026-07-01 15:28:12 [INFO]       17 kelurahan di Kalis
2026-07-01 15:28:12 [INFO]     KEC [610619] Boyan Tanjung
2026-07-01 15:28:12 [INFO]       16 kelurahan di Boyan Tanjung
2026-07-01 15:28:12 [INFO]     KEC [610620] Mentebah
2026-07-01 15:28:13 [INFO]       8 kelurahan di Mentebah
2026-07-01 15:28:13 [INFO]     KEC [610621] Pengkadan
2026-07-01 15:28:13 [INFO]       11 kelurahan di Pengkadan
2026-07-01 15:28:13 [INFO]     KEC [610622] Suhaid
2026-07-01 15:28:14 [INFO]       11 kelurahan di Suhaid
2026-07-01 15:28:14 [INFO]     KEC [610623] Puring Kencana
2026-07-01 15:28:15 [INFO]       6 kelurahan di Puring Kencana
2026-07-01 15:28:15 [INFO]   KAB [6107] Kabupaten Bengkayang
2026-07-01 15:28:15 [INFO]     KEC [610701] Sungai Raya
2026-07-01 15:28:16 [INFO]       5 kelurahan di Sungai Raya
2026-07-01 15:28:16 [INFO]     KEC [610702] Samalantan
2026-07-01 15:28:16 [INFO]       7 kelurahan di Samalantan
2026-07-01 15:28:16 [INFO]     KEC [610703] Ledo
2026-07-01 15:28:17 [INFO]       12 kelurahan di Ledo
2026-07-01 15:28:17 [INFO]     KEC [610704] Bengkayang
2026-07-01 15:28:17 [INFO]       6 kelurahan di Bengkayang
2026-07-01 15:28:17 [INFO]     KEC [610705] Seluas
2026-07-01 15:28:18 [INFO]       6 kelurahan di Seluas
2026-07-01 15:28:18 [INFO]     KEC [610706] Sanggau Ledo
2026-07-01 15:28:19 [INFO]       5 kelurahan di Sanggau Ledo
2026-07-01 15:28:19 [INFO]     KEC [610707] Jagoi Babang
2026-07-01 15:28:19 [INFO]       6 kelurahan di Jagoi Babang
2026-07-01 15:28:19 [INFO]     KEC [610708] Monterado
2026-07-01 15:28:20 [INFO]       11 kelurahan di Monterado
2026-07-01 15:28:20 [INFO]     KEC [610709] Teriak
2026-07-01 15:28:20 [INFO]       18 kelurahan di Teriak
2026-07-01 15:28:20 [INFO]     KEC [610710] Suti Semarang
2026-07-01 15:28:21 [INFO]       8 kelurahan di Suti Semarang
2026-07-01 15:28:21 [INFO]     KEC [610711] Capkala
2026-07-01 15:28:21 [INFO]       6 kelurahan di Capkala
2026-07-01 15:28:21 [INFO]     KEC [610712] Siding
2026-07-01 15:28:22 [INFO]       8 kelurahan di Siding
2026-07-01 15:28:22 [INFO]     KEC [610713] Lumar
2026-07-01 15:28:23 [INFO]       5 kelurahan di Lumar
2026-07-01 15:28:23 [INFO]     KEC [610714] Sungai Betung
2026-07-01 15:28:23 [INFO]       4 kelurahan di Sungai Betung
2026-07-01 15:28:23 [INFO]     KEC [610715] Sungai Raya Kepulauan
2026-07-01 15:28:24 [INFO]       5 kelurahan di Sungai Raya Kepulauan
2026-07-01 15:28:24 [INFO]     KEC [610716] Lembah Bawang
2026-07-01 15:28:25 [INFO]       8 kelurahan di Lembah Bawang
2026-07-01 15:28:25 [INFO]     KEC [610717] Tujuh Belas
2026-07-01 15:28:25 [INFO]       4 kelurahan di Tujuh Belas
2026-07-01 15:28:25 [INFO]   KAB [6108] Kabupaten Landak
2026-07-01 15:28:26 [INFO]     KEC [610801] Ngabang
2026-07-01 15:28:26 [INFO]       19 kelurahan di Ngabang
2026-07-01 15:28:26 [INFO]     KEC [610802] Mempawah Hulu
2026-07-01 15:28:27 [INFO]       17 kelurahan di Mempawah Hulu
2026-07-01 15:28:27 [INFO]     KEC [610803] Menjalin
2026-07-01 15:28:28 [INFO]       8 kelurahan di Menjalin
2026-07-01 15:28:28 [INFO]     KEC [610804] Mandor
2026-07-01 15:28:28 [INFO]       17 kelurahan di Mandor
2026-07-01 15:28:28 [INFO]     KEC [610805] Air Besar
2026-07-01 15:28:29 [INFO]       16 kelurahan di Air Besar
2026-07-01 15:28:29 [INFO]     KEC [610806] Menyuke
2026-07-01 15:28:29 [INFO]       16 kelurahan di Menyuke
2026-07-01 15:28:29 [INFO]     KEC [610807] Sengah Temila
2026-07-01 15:28:30 [INFO]       14 kelurahan di Sengah Temila
2026-07-01 15:28:30 [INFO]     KEC [610808] Meranti
2026-07-01 15:28:30 [INFO]       6 kelurahan di Meranti
2026-07-01 15:28:30 [INFO]     KEC [610809] Kuala Behe
2026-07-01 15:28:31 [INFO]       11 kelurahan di Kuala Behe
2026-07-01 15:28:31 [INFO]     KEC [610810] Sebangki
2026-07-01 15:28:32 [INFO]       5 kelurahan di Sebangki
2026-07-01 15:28:32 [INFO]     KEC [610811] Jelimpo
2026-07-01 15:28:32 [INFO]       13 kelurahan di Jelimpo
2026-07-01 15:28:32 [INFO]     KEC [610812] Banyuke Hulu
2026-07-01 15:28:33 [INFO]       7 kelurahan di Banyuke Hulu
2026-07-01 15:28:33 [INFO]     KEC [610813] Sompak
2026-07-01 15:28:33 [INFO]       7 kelurahan di Sompak
2026-07-01 15:28:33 [INFO]   KAB [6109] Kabupaten Sekadau
2026-07-01 15:28:34 [INFO]     KEC [610901] Sekadau Hilir
2026-07-01 15:28:35 [INFO]       20 kelurahan di Sekadau Hilir
2026-07-01 15:28:35 [INFO]     KEC [610902] Sekadau Hulu
2026-07-01 15:28:35 [INFO]       15 kelurahan di Sekadau Hulu
2026-07-01 15:28:35 [INFO]     KEC [610903] Nanga Taman
2026-07-01 15:28:36 [INFO]       15 kelurahan di Nanga Taman
2026-07-01 15:28:36 [INFO]     KEC [610904] Nanga Mahap
2026-07-01 15:28:36 [INFO]       13 kelurahan di Nanga Mahap
2026-07-01 15:28:36 [INFO]     KEC [610905] Belitang Hilir
2026-07-01 15:28:37 [INFO]       11 kelurahan di Belitang Hilir
2026-07-01 15:28:37 [INFO]     KEC [610906] Belitang Hulu
2026-07-01 15:28:37 [INFO]       13 kelurahan di Belitang Hulu
2026-07-01 15:28:37 [INFO]     KEC [610907] Belitang
2026-07-01 15:28:38 [INFO]       7 kelurahan di Belitang
2026-07-01 15:28:38 [INFO]   KAB [6110] Kabupaten Melawi
2026-07-01 15:28:39 [INFO]     KEC [611001] Belimbing
2026-07-01 15:28:39 [INFO]       17 kelurahan di Belimbing
2026-07-01 15:28:39 [INFO]     KEC [611002] Nanga Pinoh
2026-07-01 15:28:40 [INFO]       17 kelurahan di Nanga Pinoh
2026-07-01 15:28:40 [INFO]     KEC [611003] Ella Hilir
2026-07-01 15:28:40 [INFO]       19 kelurahan di Ella Hilir
2026-07-01 15:28:40 [INFO]     KEC [611004] Menukung
2026-07-01 15:28:41 [INFO]       19 kelurahan di Menukung
2026-07-01 15:28:41 [INFO]     KEC [611005] Sayan
2026-07-01 15:28:41 [INFO]       18 kelurahan di Sayan
2026-07-01 15:28:41 [INFO]     KEC [611006] Tanah Pinoh
2026-07-01 15:28:42 [INFO]       12 kelurahan di Tanah Pinoh
2026-07-01 15:28:42 [INFO]     KEC [611007] Sokan
2026-07-01 15:28:43 [INFO]       18 kelurahan di Sokan
2026-07-01 15:28:43 [INFO]     KEC [611008] Pinoh Utara
2026-07-01 15:28:43 [INFO]       19 kelurahan di Pinoh Utara
2026-07-01 15:28:43 [INFO]     KEC [611009] Pinoh Selatan
2026-07-01 15:28:44 [INFO]       12 kelurahan di Pinoh Selatan
2026-07-01 15:28:44 [INFO]     KEC [611010] Belimbing Hulu
2026-07-01 15:28:44 [INFO]       8 kelurahan di Belimbing Hulu
2026-07-01 15:28:44 [INFO]     KEC [611011] Tanah Pinoh Barat
2026-07-01 15:28:45 [INFO]       10 kelurahan di Tanah Pinoh Barat
2026-07-01 15:28:45 [INFO]   KAB [6111] Kabupaten Kayong Utara
2026-07-01 15:28:46 [INFO]     KEC [611101] Sukadana
2026-07-01 15:28:46 [INFO]       10 kelurahan di Sukadana
2026-07-01 15:28:46 [INFO]     KEC [611102] Simpang Hilir
2026-07-01 15:28:47 [INFO]       12 kelurahan di Simpang Hilir
2026-07-01 15:28:47 [INFO]     KEC [611103] Teluk Batang
2026-07-01 15:28:48 [INFO]       7 kelurahan di Teluk Batang
2026-07-01 15:28:48 [INFO]     KEC [611104] Pulau Maya
2026-07-01 15:28:48 [INFO]       5 kelurahan di Pulau Maya
2026-07-01 15:28:48 [INFO]     KEC [611105] Seponti
2026-07-01 15:28:49 [INFO]       6 kelurahan di Seponti
2026-07-01 15:28:49 [INFO]     KEC [611106] Kepulauan Karimata
2026-07-01 15:28:49 [INFO]       3 kelurahan di Kepulauan Karimata
2026-07-01 15:28:49 [INFO]   KAB [6112] Kabupaten Kubu Raya
2026-07-01 15:28:50 [INFO]     KEC [611201] Sungai Raya
2026-07-01 15:28:50 [INFO]       22 kelurahan di Sungai Raya
2026-07-01 15:28:50 [INFO]     KEC [611202] Kuala Mandor B
2026-07-01 15:28:51 [INFO]       6 kelurahan di Kuala Mandor B
2026-07-01 15:28:51 [INFO]     KEC [611203] Sungai Ambawang
2026-07-01 15:28:52 [INFO]       15 kelurahan di Sungai Ambawang
2026-07-01 15:28:52 [INFO]     KEC [611204] Terentang
2026-07-01 15:28:52 [INFO]       10 kelurahan di Terentang
2026-07-01 15:28:52 [INFO]     KEC [611205] Batu Ampar
2026-07-01 15:28:53 [INFO]       15 kelurahan di Batu Ampar
2026-07-01 15:28:53 [INFO]     KEC [611206] Kubu
2026-07-01 15:28:53 [INFO]       20 kelurahan di Kubu
2026-07-01 15:28:53 [INFO]     KEC [611207] Rasau Jaya
2026-07-01 15:28:54 [INFO]       6 kelurahan di Rasau Jaya
2026-07-01 15:28:54 [INFO]     KEC [611208] Teluk Pakedai
2026-07-01 15:28:55 [INFO]       14 kelurahan di Teluk Pakedai
2026-07-01 15:28:55 [INFO]     KEC [611209] Sungai Kakap
2026-07-01 15:28:55 [INFO]       15 kelurahan di Sungai Kakap
2026-07-01 15:28:55 [INFO]   KAB [6171] Kota Pontianak
2026-07-01 15:28:56 [INFO]     KEC [617101] Pontianak Selatan
2026-07-01 15:28:56 [INFO]       5 kelurahan di Pontianak Selatan
2026-07-01 15:28:56 [INFO]     KEC [617102] Pontianak Timur
2026-07-01 15:28:57 [INFO]       7 kelurahan di Pontianak Timur
2026-07-01 15:28:57 [INFO]     KEC [617103] Pontianak Barat
2026-07-01 15:28:57 [INFO]       4 kelurahan di Pontianak Barat
2026-07-01 15:28:57 [INFO]     KEC [617104] Pontianak Utara
2026-07-01 15:28:58 [INFO]       4 kelurahan di Pontianak Utara
2026-07-01 15:28:58 [INFO]     KEC [617105] Pontianak Kota
2026-07-01 15:28:59 [INFO]       5 kelurahan di Pontianak Kota
2026-07-01 15:28:59 [INFO]     KEC [617106] Pontianak Tenggara
2026-07-01 15:28:59 [INFO]       4 kelurahan di Pontianak Tenggara
2026-07-01 15:28:59 [INFO]   KAB [6172] Kota Singkawang
2026-07-01 15:29:00 [INFO]     KEC [617201] Singkawang Tengah
2026-07-01 15:29:00 [INFO]       6 kelurahan di Singkawang Tengah
2026-07-01 15:29:00 [INFO]     KEC [617202] Singkawang Barat
2026-07-01 15:29:01 [INFO]       4 kelurahan di Singkawang Barat
2026-07-01 15:29:01 [INFO]     KEC [617203] Singkawang Timur
2026-07-01 15:29:01 [INFO]       5 kelurahan di Singkawang Timur
2026-07-01 15:29:01 [INFO]     KEC [617204] Singkawang Utara
2026-07-01 15:29:02 [INFO]       7 kelurahan di Singkawang Utara
2026-07-01 15:29:02 [INFO]     KEC [617205] Singkawang Selatan
2026-07-01 15:29:03 [INFO]       4 kelurahan di Singkawang Selatan
2026-07-01 15:29:03 [INFO] PROVINSI SELESAI [61] Kalimantan Barat
2026-07-01 15:29:03 [INFO] PROVINSI [62] Kalimantan Tengah
2026-07-01 15:29:03 [INFO]   KAB [6201] Kabupaten Kotawaringin Barat
2026-07-01 15:29:04 [INFO]     KEC [620101] Kumai
2026-07-01 15:29:05 [INFO]       18 kelurahan di Kumai
2026-07-01 15:29:05 [INFO]     KEC [620102] Arut Selatan
2026-07-01 15:29:05 [INFO]       20 kelurahan di Arut Selatan
2026-07-01 15:29:05 [INFO]     KEC [620103] Kotawaringin Lama
2026-07-01 15:29:06 [INFO]       17 kelurahan di Kotawaringin Lama
2026-07-01 15:29:06 [INFO]     KEC [620104] Arut Utara
2026-07-01 15:29:06 [INFO]       11 kelurahan di Arut Utara
2026-07-01 15:29:06 [INFO]     KEC [620105] Pangkalan Lada
2026-07-01 15:29:07 [INFO]       11 kelurahan di Pangkalan Lada
2026-07-01 15:29:07 [INFO]     KEC [620106] Pangkalan Banteng
2026-07-01 15:29:08 [INFO]       17 kelurahan di Pangkalan Banteng
2026-07-01 15:29:08 [INFO]   KAB [6202] Kabupaten Kotawaringin Timur
2026-07-01 15:29:08 [INFO]     KEC [620201] Kota Besi
2026-07-01 15:29:09 [INFO]       11 kelurahan di Kota Besi
2026-07-01 15:29:09 [INFO]     KEC [620202] Cempaga
2026-07-01 15:29:09 [INFO]       8 kelurahan di Cempaga
2026-07-01 15:29:09 [INFO]     KEC [620203] Mentaya Hulu
2026-07-01 15:29:10 [INFO]       16 kelurahan di Mentaya Hulu
2026-07-01 15:29:10 [INFO]     KEC [620204] Parenggean
2026-07-01 15:29:11 [INFO]       15 kelurahan di Parenggean
2026-07-01 15:29:11 [INFO]     KEC [620205] Baamang
2026-07-01 15:29:11 [INFO]       6 kelurahan di Baamang
2026-07-01 15:29:11 [INFO]     KEC [620206] Mentawa Baru Ketapang
2026-07-01 15:29:12 [INFO]       11 kelurahan di Mentawa Baru Ketapang
2026-07-01 15:29:12 [INFO]     KEC [620207] Mentaya Hilir Utara
2026-07-01 15:29:12 [INFO]       7 kelurahan di Mentaya Hilir Utara
2026-07-01 15:29:12 [INFO]     KEC [620208] Mentaya Hilir Selatan
2026-07-01 15:29:13 [INFO]       10 kelurahan di Mentaya Hilir Selatan
2026-07-01 15:29:13 [INFO]     KEC [620209] Pulau Hanaut
2026-07-01 15:29:14 [INFO]       14 kelurahan di Pulau Hanaut
2026-07-01 15:29:14 [INFO]     KEC [620210] Antang Kalang
2026-07-01 15:29:14 [INFO]       15 kelurahan di Antang Kalang
2026-07-01 15:29:14 [INFO]     KEC [620211] Teluk Sampit
2026-07-01 15:29:15 [INFO]       6 kelurahan di Teluk Sampit
2026-07-01 15:29:15 [INFO]     KEC [620212] Seranau
2026-07-01 15:29:15 [INFO]       6 kelurahan di Seranau
2026-07-01 15:29:15 [INFO]     KEC [620213] Cempaga Hulu
2026-07-01 15:29:16 [INFO]       11 kelurahan di Cempaga Hulu
2026-07-01 15:29:16 [INFO]     KEC [620214] Telawang
2026-07-01 15:29:17 [INFO]       6 kelurahan di Telawang
2026-07-01 15:29:17 [INFO]     KEC [620215] Bukit Santuai
2026-07-01 15:29:18 [INFO]       14 kelurahan di Bukit Santuai
2026-07-01 15:29:18 [INFO]     KEC [620216] Tualan Hulu
2026-07-01 15:29:18 [INFO]       11 kelurahan di Tualan Hulu
2026-07-01 15:29:18 [INFO]     KEC [620217] Telaga Antang
2026-07-01 15:29:19 [INFO]       18 kelurahan di Telaga Antang
2026-07-01 15:29:19 [INFO]   KAB [6203] Kabupaten Kapuas
2026-07-01 15:29:19 [INFO]     KEC [620301] Selat
2026-07-01 15:29:20 [INFO]       10 kelurahan di Selat
2026-07-01 15:29:20 [INFO]     KEC [620302] Kapuas Hilir
2026-07-01 15:29:20 [INFO]       8 kelurahan di Kapuas Hilir
2026-07-01 15:29:20 [INFO]     KEC [620303] Kapuas Timur
2026-07-01 15:29:21 [INFO]       7 kelurahan di Kapuas Timur
2026-07-01 15:29:21 [INFO]     KEC [620304] Kapuas Kuala
2026-07-01 15:29:22 [INFO]       13 kelurahan di Kapuas Kuala
2026-07-01 15:29:22 [INFO]     KEC [620305] Kapuas Barat
2026-07-01 15:29:22 [INFO]       12 kelurahan di Kapuas Barat
2026-07-01 15:29:22 [INFO]     KEC [620306] Pulau Petak
2026-07-01 15:29:23 [INFO]       12 kelurahan di Pulau Petak
2026-07-01 15:29:23 [INFO]     KEC [620307] Kapuas Murung
2026-07-01 15:29:24 [INFO]       23 kelurahan di Kapuas Murung
2026-07-01 15:29:24 [INFO]     KEC [620308] Basarang
2026-07-01 15:29:24 [INFO]       14 kelurahan di Basarang
2026-07-01 15:29:24 [INFO]     KEC [620309] Mantangai
2026-07-01 15:29:25 [INFO]       38 kelurahan di Mantangai
2026-07-01 15:29:25 [INFO]     KEC [620310] Timpah
2026-07-01 15:29:25 [INFO]       9 kelurahan di Timpah
2026-07-01 15:29:25 [INFO]     KEC [620311] Kapuas Tengah
2026-07-01 15:29:26 [INFO]       13 kelurahan di Kapuas Tengah
2026-07-01 15:29:26 [INFO]     KEC [620312] Kapuas Hulu
2026-07-01 15:29:26 [INFO]       14 kelurahan di Kapuas Hulu
2026-07-01 15:29:26 [INFO]     KEC [620313] Tamban Catur
2026-07-01 15:29:27 [INFO]       10 kelurahan di Tamban Catur
2026-07-01 15:29:27 [INFO]     KEC [620314] Pasak Talawang
2026-07-01 15:29:28 [INFO]       10 kelurahan di Pasak Talawang
2026-07-01 15:29:28 [INFO]     KEC [620315] Mandau Talawang
2026-07-01 15:29:28 [INFO]       10 kelurahan di Mandau Talawang
2026-07-01 15:29:28 [INFO]     KEC [620316] Dadahup
2026-07-01 15:29:29 [INFO]       13 kelurahan di Dadahup
2026-07-01 15:29:29 [INFO]     KEC [620317] Bataguh
2026-07-01 15:29:29 [INFO]       15 kelurahan di Bataguh
2026-07-01 15:29:29 [INFO]   KAB [6204] Kabupaten Barito Selatan
2026-07-01 15:29:30 [INFO]     KEC [620401] Jenamas
2026-07-01 15:29:31 [INFO]       5 kelurahan di Jenamas
2026-07-01 15:29:31 [INFO]     KEC [620402] Dusun Hilir
2026-07-01 15:29:31 [INFO]       10 kelurahan di Dusun Hilir
2026-07-01 15:29:31 [INFO]     KEC [620403] Karau Kuala
2026-07-01 15:29:32 [INFO]       11 kelurahan di Karau Kuala
2026-07-01 15:29:32 [INFO]     KEC [620404] Dusun Utara
2026-07-01 15:29:32 [INFO]       19 kelurahan di Dusun Utara
2026-07-01 15:29:32 [INFO]     KEC [620405] Gn. Bintang Awai
2026-07-01 15:29:33 [INFO]       21 kelurahan di Gn. Bintang Awai
2026-07-01 15:29:33 [INFO]     KEC [620406] Dusun Selatan
2026-07-01 15:29:33 [INFO]       27 kelurahan di Dusun Selatan
2026-07-01 15:29:34 [INFO]   KAB [6205] Kabupaten Barito Utara
2026-07-01 15:29:34 [INFO]     KEC [620501] Montallat
2026-07-01 15:29:35 [INFO]       10 kelurahan di Montallat
2026-07-01 15:29:35 [INFO]     KEC [620502] Gunung Timang
2026-07-01 15:29:35 [INFO]       16 kelurahan di Gunung Timang
2026-07-01 15:29:35 [INFO]     KEC [620503] Gunung Purei
2026-07-01 15:29:36 [INFO]       11 kelurahan di Gunung Purei
2026-07-01 15:29:36 [INFO]     KEC [620504] Teweh Timur
2026-07-01 15:29:36 [INFO]       12 kelurahan di Teweh Timur
2026-07-01 15:29:36 [INFO]     KEC [620505] Teweh Tengah
2026-07-01 15:29:37 [INFO]       10 kelurahan di Teweh Tengah
2026-07-01 15:29:37 [INFO]     KEC [620506] Lahei
2026-07-01 15:29:38 [INFO]       13 kelurahan di Lahei
2026-07-01 15:29:38 [INFO]     KEC [620507] Teweh Baru
2026-07-01 15:29:38 [INFO]       10 kelurahan di Teweh Baru
2026-07-01 15:29:38 [INFO]     KEC [620508] Teweh Selatan
2026-07-01 15:29:39 [INFO]       10 kelurahan di Teweh Selatan
2026-07-01 15:29:39 [INFO]     KEC [620509] Lahei Barat
2026-07-01 15:29:39 [INFO]       11 kelurahan di Lahei Barat
2026-07-01 15:29:39 [INFO]   KAB [6206] Kabupaten Katingan
2026-07-01 15:29:40 [INFO]     KEC [620601] Kamipang
2026-07-01 15:29:41 [INFO]       9 kelurahan di Kamipang
2026-07-01 15:29:41 [INFO]     KEC [620602] Katingan Hilir
2026-07-01 15:29:41 [INFO]       8 kelurahan di Katingan Hilir
2026-07-01 15:29:41 [INFO]     KEC [620603] Tewang Sangalang Garing
2026-07-01 15:29:42 [INFO]       10 kelurahan di Tewang Sangalang Garing
2026-07-01 15:29:42 [INFO]     KEC [620604] Pulau Malan
2026-07-01 15:29:42 [INFO]       14 kelurahan di Pulau Malan
2026-07-01 15:29:42 [INFO]     KEC [620605] Katingan Tengah
2026-07-01 15:29:43 [INFO]       16 kelurahan di Katingan Tengah
2026-07-01 15:29:43 [INFO]     KEC [620606] Sanaman Mantikei
2026-07-01 15:29:43 [INFO]       14 kelurahan di Sanaman Mantikei
2026-07-01 15:29:43 [INFO]     KEC [620607] Marikit
2026-07-01 15:29:44 [INFO]       18 kelurahan di Marikit
2026-07-01 15:29:44 [INFO]     KEC [620608] Katingan Hulu
2026-07-01 15:29:45 [INFO]       23 kelurahan di Katingan Hulu
2026-07-01 15:29:45 [INFO]     KEC [620609] Mendawai
2026-07-01 15:29:45 [INFO]       7 kelurahan di Mendawai
2026-07-01 15:29:45 [INFO]     KEC [620610] Katingan Kuala
2026-07-01 15:29:46 [INFO]       16 kelurahan di Katingan Kuala
2026-07-01 15:29:46 [INFO]     KEC [620611] Tasik Payawan
2026-07-01 15:29:47 [INFO]       8 kelurahan di Tasik Payawan
2026-07-01 15:29:47 [INFO]     KEC [620612] Petak Malai
2026-07-01 15:29:47 [INFO]       7 kelurahan di Petak Malai
2026-07-01 15:29:47 [INFO]     KEC [620613] Bukit Raya
2026-07-01 15:29:48 [INFO]       11 kelurahan di Bukit Raya
2026-07-01 15:29:48 [INFO]   KAB [6207] Kabupaten Seruyan
2026-07-01 15:29:48 [INFO]     KEC [620701] Seruyan Hilir
2026-07-01 15:29:49 [INFO]       10 kelurahan di Seruyan Hilir
2026-07-01 15:29:49 [INFO]     KEC [620702] Seruyan Tengah
2026-07-01 15:29:50 [INFO]       20 kelurahan di Seruyan Tengah
2026-07-01 15:29:50 [INFO]     KEC [620703] Danau Sembuluh
2026-07-01 15:29:50 [INFO]       8 kelurahan di Danau Sembuluh
2026-07-01 15:29:50 [INFO]     KEC [620704] Hanau
2026-07-01 15:29:51 [INFO]       7 kelurahan di Hanau
2026-07-01 15:29:51 [INFO]     KEC [620705] Seruyan Hulu
2026-07-01 15:29:51 [INFO]       20 kelurahan di Seruyan Hulu
2026-07-01 15:29:51 [INFO]     KEC [620706] Seruyan Hilir Timur
2026-07-01 15:29:52 [INFO]       6 kelurahan di Seruyan Hilir Timur
2026-07-01 15:29:52 [INFO]     KEC [620707] Seruyan Raya
2026-07-01 15:29:53 [INFO]       5 kelurahan di Seruyan Raya
2026-07-01 15:29:53 [INFO]     KEC [620708] Danau Seluluk
2026-07-01 15:29:53 [INFO]       6 kelurahan di Danau Seluluk
2026-07-01 15:29:53 [INFO]     KEC [620709] Batu Ampar
2026-07-01 15:29:54 [INFO]       9 kelurahan di Batu Ampar
2026-07-01 15:29:54 [INFO]     KEC [620710] Suling Tambun
2026-07-01 15:29:54 [INFO]       9 kelurahan di Suling Tambun
2026-07-01 15:29:54 [INFO]   KAB [6208] Kabupaten Sukamara
2026-07-01 15:29:55 [INFO]     KEC [620801] Sukamara
2026-07-01 15:29:55 [INFO]       8 kelurahan di Sukamara
2026-07-01 15:29:55 [INFO]     KEC [620802] Jelai
2026-07-01 15:29:56 [INFO]       5 kelurahan di Jelai
2026-07-01 15:29:56 [INFO]     KEC [620803] Balai Riam
2026-07-01 15:29:57 [INFO]       8 kelurahan di Balai Riam
2026-07-01 15:29:57 [INFO]     KEC [620804] Pantai Lunci
2026-07-01 15:29:57 [INFO]       4 kelurahan di Pantai Lunci
2026-07-01 15:29:57 [INFO]     KEC [620805] Permata Kecubung
2026-07-01 15:29:58 [INFO]       7 kelurahan di Permata Kecubung
2026-07-01 15:29:58 [INFO]   KAB [6209] Kabupaten Lamandau
2026-07-01 15:29:58 [INFO]     KEC [620901] Lamandau
2026-07-01 15:29:59 [INFO]       11 kelurahan di Lamandau
2026-07-01 15:29:59 [INFO]     KEC [620902] Delang
2026-07-01 15:30:00 [INFO]       11 kelurahan di Delang
2026-07-01 15:30:00 [INFO]     KEC [620903] Bulik
2026-07-01 15:30:00 [INFO]       14 kelurahan di Bulik
2026-07-01 15:30:00 [INFO]     KEC [620904] Bulik Timur
2026-07-01 15:30:01 [INFO]       12 kelurahan di Bulik Timur
2026-07-01 15:30:01 [INFO]     KEC [620905] Menthobi Raya
2026-07-01 15:30:01 [INFO]       11 kelurahan di Menthobi Raya
2026-07-01 15:30:01 [INFO]     KEC [620906] Sematu Jaya
2026-07-01 15:30:02 [INFO]       8 kelurahan di Sematu Jaya
2026-07-01 15:30:02 [INFO]     KEC [620907] Belantikan Raya
2026-07-01 15:30:02 [INFO]       12 kelurahan di Belantikan Raya
2026-07-01 15:30:02 [INFO]     KEC [620908] Batang Kawa
2026-07-01 15:30:03 [INFO]       9 kelurahan di Batang Kawa
2026-07-01 15:30:03 [INFO]   KAB [6210] Kabupaten Gunung Mas
2026-07-01 15:30:04 [INFO]     KEC [621001] Sepang
2026-07-01 15:30:04 [INFO]       7 kelurahan di Sepang
2026-07-01 15:30:04 [INFO]     KEC [621002] Kurun
2026-07-01 15:30:05 [INFO]       15 kelurahan di Kurun
2026-07-01 15:30:05 [INFO]     KEC [621003] Tewah
2026-07-01 15:30:05 [INFO]       16 kelurahan di Tewah
2026-07-01 15:30:05 [INFO]     KEC [621004] Kahayan Hulu Utara
2026-07-01 15:30:06 [INFO]       12 kelurahan di Kahayan Hulu Utara
2026-07-01 15:30:06 [INFO]     KEC [621005] Rungan
2026-07-01 15:30:07 [INFO]       14 kelurahan di Rungan
2026-07-01 15:30:07 [INFO]     KEC [621006] Manuhing
2026-07-01 15:30:07 [INFO]       12 kelurahan di Manuhing
2026-07-01 15:30:07 [INFO]     KEC [621007] Mihing Raya
2026-07-01 15:30:08 [INFO]       6 kelurahan di Mihing Raya
2026-07-01 15:30:08 [INFO]     KEC [621008] Damang Batu
2026-07-01 15:30:08 [INFO]       8 kelurahan di Damang Batu
2026-07-01 15:30:08 [INFO]     KEC [621009] Miri Manasa
2026-07-01 15:30:09 [INFO]       11 kelurahan di Miri Manasa
2026-07-01 15:30:09 [INFO]     KEC [621010] Rungan Hulu
2026-07-01 15:30:10 [INFO]       9 kelurahan di Rungan Hulu
2026-07-01 15:30:10 [INFO]     KEC [621011] Manuhing Raya
2026-07-01 15:30:10 [INFO]       6 kelurahan di Manuhing Raya
2026-07-01 15:30:10 [INFO]     KEC [621012] Rungan Barat
2026-07-01 15:30:11 [INFO]       11 kelurahan di Rungan Barat
2026-07-01 15:30:11 [INFO]   KAB [6211] Kabupaten Pulang Pisau
2026-07-01 15:30:11 [INFO]     KEC [621101] Pandih Batu
2026-07-01 15:30:12 [INFO]       16 kelurahan di Pandih Batu
2026-07-01 15:30:12 [INFO]     KEC [621102] Kahayan Kuala
2026-07-01 15:30:13 [INFO]       13 kelurahan di Kahayan Kuala
2026-07-01 15:30:13 [INFO]     KEC [621103] Kahayan Tengah
2026-07-01 15:30:13 [INFO]       14 kelurahan di Kahayan Tengah
2026-07-01 15:30:13 [INFO]     KEC [621104] Banama Tingang
2026-07-01 15:30:14 [INFO]       15 kelurahan di Banama Tingang
2026-07-01 15:30:14 [INFO]     KEC [621105] Kahayan Hilir
2026-07-01 15:30:14 [INFO]       10 kelurahan di Kahayan Hilir
2026-07-01 15:30:14 [INFO]     KEC [621106] Maliku
2026-07-01 15:30:15 [INFO]       15 kelurahan di Maliku
2026-07-01 15:30:15 [INFO]     KEC [621107] Jabiren Raya
2026-07-01 15:30:16 [INFO]       8 kelurahan di Jabiren Raya
2026-07-01 15:30:16 [INFO]     KEC [621108] Sebangau Kuala
2026-07-01 15:30:16 [INFO]       8 kelurahan di Sebangau Kuala
2026-07-01 15:30:16 [INFO]   KAB [6212] Kabupaten Murung Raya
2026-07-01 15:30:17 [INFO]     KEC [621201] Murung
2026-07-01 15:30:17 [INFO]       15 kelurahan di Murung
2026-07-01 15:30:17 [INFO]     KEC [621202] Tanah Siang
2026-07-01 15:30:18 [INFO]       27 kelurahan di Tanah Siang
2026-07-01 15:30:18 [INFO]     KEC [621203] Laung Tuhup
2026-07-01 15:30:19 [INFO]       26 kelurahan di Laung Tuhup
2026-07-01 15:30:19 [INFO]     KEC [621204] Permata Intan
2026-07-01 15:30:19 [INFO]       12 kelurahan di Permata Intan
2026-07-01 15:30:19 [INFO]     KEC [621205] Sumber Barito
2026-07-01 15:30:20 [INFO]       9 kelurahan di Sumber Barito
2026-07-01 15:30:20 [INFO]     KEC [621206] Barito Tuhup Raya
2026-07-01 15:30:20 [INFO]       11 kelurahan di Barito Tuhup Raya
2026-07-01 15:30:20 [INFO]     KEC [621207] Tanah Siang Selatan
2026-07-01 15:30:21 [INFO]       7 kelurahan di Tanah Siang Selatan
2026-07-01 15:30:21 [INFO]     KEC [621208] Sungai Babuat
2026-07-01 15:30:22 [INFO]       6 kelurahan di Sungai Babuat
2026-07-01 15:30:22 [INFO]     KEC [621209] Seribu Riam
2026-07-01 15:30:22 [INFO]       7 kelurahan di Seribu Riam
2026-07-01 15:30:22 [INFO]     KEC [621210] Uut Murung
2026-07-01 15:30:23 [INFO]       5 kelurahan di Uut Murung
2026-07-01 15:30:23 [INFO]   KAB [6213] Kabupaten Barito Timur
2026-07-01 15:30:23 [INFO]     KEC [621301] Dusun Timur
2026-07-01 15:30:24 [INFO]       17 kelurahan di Dusun Timur
2026-07-01 15:30:24 [INFO]     KEC [621302] Banua Lima
2026-07-01 15:30:24 [INFO]       7 kelurahan di Banua Lima
2026-07-01 15:30:24 [INFO]     KEC [621303] Patangkep Tutui
2026-07-01 15:30:25 [INFO]       10 kelurahan di Patangkep Tutui
2026-07-01 15:30:25 [INFO]     KEC [621304] Awang
2026-07-01 15:30:26 [INFO]       11 kelurahan di Awang
2026-07-01 15:30:26 [INFO]     KEC [621305] Dusun Tengah
2026-07-01 15:30:26 [INFO]       8 kelurahan di Dusun Tengah
2026-07-01 15:30:26 [INFO]     KEC [621306] Pematang Karau
2026-07-01 15:30:27 [INFO]       13 kelurahan di Pematang Karau
2026-07-01 15:30:27 [INFO]     KEC [621307] Paju Epat
2026-07-01 15:30:27 [INFO]       9 kelurahan di Paju Epat
2026-07-01 15:30:27 [INFO]     KEC [621308] Raren Batuah
2026-07-01 15:30:28 [INFO]       9 kelurahan di Raren Batuah
2026-07-01 15:30:28 [INFO]     KEC [621309] Paku
2026-07-01 15:30:28 [INFO]       12 kelurahan di Paku
2026-07-01 15:30:28 [INFO]     KEC [621310] Karusen Janang
2026-07-01 15:30:29 [INFO]       7 kelurahan di Karusen Janang
2026-07-01 15:30:29 [INFO]   KAB [6271] Kota Palangkaraya
2026-07-01 15:30:30 [INFO]     KEC [627101] Pahandut
2026-07-01 15:30:30 [INFO]       6 kelurahan di Pahandut
2026-07-01 15:30:30 [INFO]     KEC [627102] Bukit Batu
2026-07-01 15:30:31 [INFO]       7 kelurahan di Bukit Batu
2026-07-01 15:30:31 [INFO]     KEC [627103] Jekan Raya
2026-07-01 15:30:31 [INFO]       4 kelurahan di Jekan Raya
2026-07-01 15:30:31 [INFO]     KEC [627104] Sabangau
2026-07-01 15:30:32 [INFO]       6 kelurahan di Sabangau
2026-07-01 15:30:32 [INFO]     KEC [627105] Rakumpit
2026-07-01 15:30:33 [INFO]       7 kelurahan di Rakumpit
2026-07-01 15:30:33 [INFO] PROVINSI SELESAI [62] Kalimantan Tengah
2026-07-01 15:30:33 [INFO] PROVINSI [63] Kalimantan Selatan
2026-07-01 15:30:33 [INFO]   KAB [6301] Kabupaten Tanah Laut
2026-07-01 15:30:34 [INFO]     KEC [630101] Takisung
2026-07-01 15:30:34 [INFO]       12 kelurahan di Takisung
2026-07-01 15:30:34 [INFO]     KEC [630102] Jorong
2026-07-01 15:30:35 [INFO]       11 kelurahan di Jorong
2026-07-01 15:30:35 [INFO]     KEC [630103] Pelaihari
2026-07-01 15:30:35 [INFO]       20 kelurahan di Pelaihari
2026-07-01 15:30:35 [INFO]     KEC [630104] Kurau
2026-07-01 15:30:36 [INFO]       11 kelurahan di Kurau
2026-07-01 15:30:36 [INFO]     KEC [630105] Bati Bati
2026-07-01 15:30:37 [INFO]       14 kelurahan di Bati Bati
2026-07-01 15:30:37 [INFO]     KEC [630106] Panyipatan
2026-07-01 15:30:37 [INFO]       10 kelurahan di Panyipatan
2026-07-01 15:30:37 [INFO]     KEC [630107] Kintap
2026-07-01 15:30:38 [INFO]       14 kelurahan di Kintap
2026-07-01 15:30:38 [INFO]     KEC [630108] Tambang Ulang
2026-07-01 15:30:38 [INFO]       9 kelurahan di Tambang Ulang
2026-07-01 15:30:38 [INFO]     KEC [630109] Batu Ampar
2026-07-01 15:30:39 [INFO]       14 kelurahan di Batu Ampar
2026-07-01 15:30:39 [INFO]     KEC [630110] Bajuin
2026-07-01 15:30:40 [INFO]       9 kelurahan di Bajuin
2026-07-01 15:30:40 [INFO]     KEC [630111] Bumi Makmur
2026-07-01 15:30:40 [INFO]       11 kelurahan di Bumi Makmur
2026-07-01 15:30:40 [INFO]   KAB [6302] Kabupaten Kotabaru
2026-07-01 15:30:41 [INFO]     KEC [630201] Pulau Sembilan
2026-07-01 15:30:41 [INFO]       5 kelurahan di Pulau Sembilan
2026-07-01 15:30:41 [INFO]     KEC [630202] Pulau Laut Barat
2026-07-01 15:30:42 [INFO]       11 kelurahan di Pulau Laut Barat
2026-07-01 15:30:42 [INFO]     KEC [630203] Pulau Laut Selatan
2026-07-01 15:30:43 [INFO]       8 kelurahan di Pulau Laut Selatan
2026-07-01 15:30:43 [INFO]     KEC [630204] Pulau Laut Timur
2026-07-01 15:30:43 [INFO]       14 kelurahan di Pulau Laut Timur
2026-07-01 15:30:43 [INFO]     KEC [630205] Pulau Sebuku
2026-07-01 15:30:44 [INFO]       8 kelurahan di Pulau Sebuku
2026-07-01 15:30:44 [INFO]     KEC [630206] Pulaulaut Utara
2026-07-01 15:30:44 [INFO]       10 kelurahan di Pulaulaut Utara
2026-07-01 15:30:44 [INFO]     KEC [630207] Kelumpang Selatan
2026-07-01 15:30:45 [INFO]       9 kelurahan di Kelumpang Selatan
2026-07-01 15:30:45 [INFO]     KEC [630208] Kelumpang Hulu
2026-07-01 15:30:46 [INFO]       10 kelurahan di Kelumpang Hulu
2026-07-01 15:30:46 [INFO]     KEC [630209] Kelumpang Tengah
2026-07-01 15:30:46 [INFO]       13 kelurahan di Kelumpang Tengah
2026-07-01 15:30:46 [INFO]     KEC [630210] Kelumpang Utara
2026-07-01 15:30:47 [INFO]       7 kelurahan di Kelumpang Utara
2026-07-01 15:30:47 [INFO]     KEC [630211] Pamukan Selatan
2026-07-01 15:30:47 [INFO]       11 kelurahan di Pamukan Selatan
2026-07-01 15:30:47 [INFO]     KEC [630212] Sampanahan
2026-07-01 15:30:48 [INFO]       10 kelurahan di Sampanahan
2026-07-01 15:30:48 [INFO]     KEC [630213] Pamukan Utara
2026-07-01 15:30:48 [INFO]       13 kelurahan di Pamukan Utara
2026-07-01 15:30:48 [INFO]     KEC [630214] Hampang
2026-07-01 15:30:49 [INFO]       9 kelurahan di Hampang
2026-07-01 15:30:49 [INFO]     KEC [630215] Sungai Durian
2026-07-01 15:30:50 [INFO]       7 kelurahan di Sungai Durian
2026-07-01 15:30:50 [INFO]     KEC [630216] Pulau Laut Tengah
2026-07-01 15:30:50 [INFO]       7 kelurahan di Pulau Laut Tengah
2026-07-01 15:30:50 [INFO]     KEC [630217] Kelumpang Hilir
2026-07-01 15:30:51 [INFO]       9 kelurahan di Kelumpang Hilir
2026-07-01 15:30:51 [INFO]     KEC [630218] Kelumpang Barat
2026-07-01 15:30:51 [INFO]       6 kelurahan di Kelumpang Barat
2026-07-01 15:30:51 [INFO]     KEC [630219] Pamukan Barat
2026-07-01 15:30:52 [INFO]       5 kelurahan di Pamukan Barat
2026-07-01 15:30:52 [INFO]     KEC [630220] Pulau Laut Kepulauan
2026-07-01 15:30:52 [INFO]       9 kelurahan di Pulau Laut Kepulauan
2026-07-01 15:30:52 [INFO]     KEC [630221] Pulau Laut Tanjung Selayar
2026-07-01 15:30:53 [INFO]       10 kelurahan di Pulau Laut Tanjung Selayar
2026-07-01 15:30:53 [INFO]     KEC [630222] Pulaulaut Sigam
2026-07-01 15:30:54 [INFO]       11 kelurahan di Pulaulaut Sigam
2026-07-01 15:30:54 [INFO]   KAB [6303] Kabupaten Banjar
2026-07-01 15:30:54 [INFO]     KEC [630301] Aluh Aluh
2026-07-01 15:30:55 [INFO]       19 kelurahan di Aluh Aluh
2026-07-01 15:30:55 [INFO]     KEC [630302] Kertak Hanyar
2026-07-01 15:30:56 [INFO]       13 kelurahan di Kertak Hanyar
2026-07-01 15:30:56 [INFO]     KEC [630303] Gambut
2026-07-01 15:30:56 [INFO]       14 kelurahan di Gambut
2026-07-01 15:30:56 [INFO]     KEC [630304] Sungai Tabuk
2026-07-01 15:30:57 [INFO]       21 kelurahan di Sungai Tabuk
2026-07-01 15:30:57 [INFO]     KEC [630305] Martapura
2026-07-01 15:30:57 [INFO]       26 kelurahan di Martapura
2026-07-01 15:30:57 [INFO]     KEC [630306] Karang Intan
2026-07-01 15:30:58 [INFO]       26 kelurahan di Karang Intan
2026-07-01 15:30:58 [INFO]     KEC [630307] Astambul
2026-07-01 15:30:59 [INFO]       22 kelurahan di Astambul
2026-07-01 15:30:59 [INFO]     KEC [630308] Simpang Empat
2026-07-01 15:30:59 [INFO]       15 kelurahan di Simpang Empat
2026-07-01 15:30:59 [INFO]     KEC [630309] Pengaron
2026-07-01 15:31:00 [INFO]       12 kelurahan di Pengaron
2026-07-01 15:31:00 [INFO]     KEC [630310] Sungai Pinang
2026-07-01 15:31:00 [INFO]       11 kelurahan di Sungai Pinang
2026-07-01 15:31:00 [INFO]     KEC [630311] Aranio
2026-07-01 15:31:01 [INFO]       12 kelurahan di Aranio
2026-07-01 15:31:01 [INFO]     KEC [630312] Mataraman
2026-07-01 15:31:01 [INFO]       15 kelurahan di Mataraman
2026-07-01 15:31:01 [INFO]     KEC [630313] Beruntung Baru
2026-07-01 15:31:02 [INFO]       12 kelurahan di Beruntung Baru
2026-07-01 15:31:02 [INFO]     KEC [630314] Martapura Barat
2026-07-01 15:31:03 [INFO]       13 kelurahan di Martapura Barat
2026-07-01 15:31:03 [INFO]     KEC [630315] Martapura Timur
2026-07-01 15:31:03 [INFO]       20 kelurahan di Martapura Timur
2026-07-01 15:31:03 [INFO]     KEC [630316] Sambung Makmur
2026-07-01 15:31:04 [INFO]       7 kelurahan di Sambung Makmur
2026-07-01 15:31:04 [INFO]     KEC [630317] Paramasan
2026-07-01 15:31:04 [INFO]       4 kelurahan di Paramasan
2026-07-01 15:31:04 [INFO]     KEC [630318] Telaga Bauntung
2026-07-01 15:31:05 [INFO]       4 kelurahan di Telaga Bauntung
2026-07-01 15:31:05 [INFO]     KEC [630319] Tatah Makmur
2026-07-01 15:31:05 [INFO]       13 kelurahan di Tatah Makmur
2026-07-01 15:31:05 [INFO]     KEC [630320] Cintapuri Darussalam
2026-07-01 15:31:06 [INFO]       11 kelurahan di Cintapuri Darussalam
2026-07-01 15:31:06 [INFO]   KAB [6304] Kabupaten Barito Kuala
2026-07-01 15:31:07 [INFO]     KEC [630401] Tabunganen
2026-07-01 15:31:07 [INFO]       14 kelurahan di Tabunganen
2026-07-01 15:31:07 [INFO]     KEC [630402] Tamban
2026-07-01 15:31:08 [INFO]       16 kelurahan di Tamban
2026-07-01 15:31:08 [INFO]     KEC [630403] Anjir Pasar
2026-07-01 15:31:08 [INFO]       15 kelurahan di Anjir Pasar
2026-07-01 15:31:08 [INFO]     KEC [630404] Anjir Muara
2026-07-01 15:31:09 [INFO]       15 kelurahan di Anjir Muara
2026-07-01 15:31:09 [INFO]     KEC [630405] Alalak
2026-07-01 15:31:09 [INFO]       18 kelurahan di Alalak
2026-07-01 15:31:09 [INFO]     KEC [630406] Mandastana
2026-07-01 15:31:10 [INFO]       14 kelurahan di Mandastana
2026-07-01 15:31:10 [INFO]     KEC [630407] Rantau Badauh
2026-07-01 15:31:11 [INFO]       9 kelurahan di Rantau Badauh
2026-07-01 15:31:11 [INFO]     KEC [630408] Belawang
2026-07-01 15:31:11 [INFO]       13 kelurahan di Belawang
2026-07-01 15:31:11 [INFO]     KEC [630409] Cerbon
2026-07-01 15:31:12 [INFO]       8 kelurahan di Cerbon
2026-07-01 15:31:12 [INFO]     KEC [630410] Bakumpai
2026-07-01 15:31:12 [INFO]       9 kelurahan di Bakumpai
2026-07-01 15:31:12 [INFO]     KEC [630411] Kuripan
2026-07-01 15:31:13 [INFO]       9 kelurahan di Kuripan
2026-07-01 15:31:13 [INFO]     KEC [630412] Tabukan
2026-07-01 15:31:13 [INFO]       11 kelurahan di Tabukan
2026-07-01 15:31:13 [INFO]     KEC [630413] Mekarsari
2026-07-01 15:31:14 [INFO]       9 kelurahan di Mekarsari
2026-07-01 15:31:14 [INFO]     KEC [630414] Barambai
2026-07-01 15:31:15 [INFO]       11 kelurahan di Barambai
2026-07-01 15:31:15 [INFO]     KEC [630415] Marabahan
2026-07-01 15:31:15 [INFO]       10 kelurahan di Marabahan
2026-07-01 15:31:15 [INFO]     KEC [630416] Wanaraya
2026-07-01 15:31:16 [INFO]       13 kelurahan di Wanaraya
2026-07-01 15:31:16 [INFO]     KEC [630417] Jejangkit
2026-07-01 15:31:16 [INFO]       7 kelurahan di Jejangkit
2026-07-01 15:31:16 [INFO]   KAB [6305] Kabupaten Tapin
2026-07-01 15:31:17 [INFO]     KEC [630501] Binuang
2026-07-01 15:31:17 [INFO]       11 kelurahan di Binuang
2026-07-01 15:31:17 [INFO]     KEC [630502] Tapin Selatan
2026-07-01 15:31:18 [INFO]       11 kelurahan di Tapin Selatan
2026-07-01 15:31:18 [INFO]     KEC [630503] Tapin Tengah
2026-07-01 15:31:19 [INFO]       17 kelurahan di Tapin Tengah
2026-07-01 15:31:19 [INFO]     KEC [630504] Tapin Utara
2026-07-01 15:31:19 [INFO]       16 kelurahan di Tapin Utara
2026-07-01 15:31:19 [INFO]     KEC [630505] Candi Laras Selatan
2026-07-01 15:31:20 [INFO]       12 kelurahan di Candi Laras Selatan
2026-07-01 15:31:20 [INFO]     KEC [630506] Candi Laras Utara
2026-07-01 15:31:20 [INFO]       13 kelurahan di Candi Laras Utara
2026-07-01 15:31:20 [INFO]     KEC [630507] Bakarangan
2026-07-01 15:31:21 [INFO]       12 kelurahan di Bakarangan
2026-07-01 15:31:21 [INFO]     KEC [630508] Piani
2026-07-01 15:31:22 [INFO]       8 kelurahan di Piani
2026-07-01 15:31:22 [INFO]     KEC [630509] Bungur
2026-07-01 15:31:22 [INFO]       12 kelurahan di Bungur
2026-07-01 15:31:22 [INFO]     KEC [630510] Lokpaikat
2026-07-01 15:31:23 [INFO]       9 kelurahan di Lokpaikat
2026-07-01 15:31:23 [INFO]     KEC [630511] Salam Babaris
2026-07-01 15:31:23 [INFO]       6 kelurahan di Salam Babaris
2026-07-01 15:31:23 [INFO]     KEC [630512] Hatungun
2026-07-01 15:31:24 [INFO]       8 kelurahan di Hatungun
2026-07-01 15:31:24 [INFO]   KAB [6306] Kabupaten Hulu Sungai Selatan
2026-07-01 15:31:25 [INFO]     KEC [630601] Sungai Raya
2026-07-01 15:31:25 [INFO]       18 kelurahan di Sungai Raya
2026-07-01 15:31:25 [INFO]     KEC [630602] Padang Batung
2026-07-01 15:31:26 [INFO]       17 kelurahan di Padang Batung
2026-07-01 15:31:26 [INFO]     KEC [630603] Telaga Langsat
2026-07-01 15:31:26 [INFO]       11 kelurahan di Telaga Langsat
2026-07-01 15:31:26 [INFO]     KEC [630604] Angkinang
2026-07-01 15:31:27 [INFO]       11 kelurahan di Angkinang
2026-07-01 15:31:27 [INFO]     KEC [630605] Kandangan
2026-07-01 15:31:27 [INFO]       18 kelurahan di Kandangan
2026-07-01 15:31:28 [INFO]     KEC [630606] Simpur
2026-07-01 15:31:28 [INFO]       11 kelurahan di Simpur
2026-07-01 15:31:28 [INFO]     KEC [630607] Daha Selatan
2026-07-01 15:31:29 [INFO]       16 kelurahan di Daha Selatan
2026-07-01 15:31:29 [INFO]     KEC [630608] Daha Utara
2026-07-01 15:31:29 [INFO]       19 kelurahan di Daha Utara
2026-07-01 15:31:29 [INFO]     KEC [630609] Kalumpang
2026-07-01 15:31:30 [INFO]       9 kelurahan di Kalumpang
2026-07-01 15:31:30 [INFO]     KEC [630610] Loksado
2026-07-01 15:31:30 [INFO]       11 kelurahan di Loksado
2026-07-01 15:31:30 [INFO]     KEC [630611] Daha Barat
2026-07-01 15:31:31 [INFO]       7 kelurahan di Daha Barat
2026-07-01 15:31:31 [INFO]   KAB [6307] Kabupaten Hulu Sungai Tengah
2026-07-01 15:31:31 [INFO]     KEC [630701] Haruyan
2026-07-01 15:31:32 [INFO]       17 kelurahan di Haruyan
2026-07-01 15:31:32 [INFO]     KEC [630702] Batu Benawa
2026-07-01 15:31:33 [INFO]       14 kelurahan di Batu Benawa
2026-07-01 15:31:33 [INFO]     KEC [630703] Labuan Amas Selatan
2026-07-01 15:31:33 [INFO]       18 kelurahan di Labuan Amas Selatan
2026-07-01 15:31:33 [INFO]     KEC [630704] Labuan Amas Utara
2026-07-01 15:31:34 [INFO]       16 kelurahan di Labuan Amas Utara
2026-07-01 15:31:34 [INFO]     KEC [630705] Pandawan
2026-07-01 15:31:34 [INFO]       21 kelurahan di Pandawan
2026-07-01 15:31:34 [INFO]     KEC [630706] Barabai
2026-07-01 15:31:35 [INFO]       18 kelurahan di Barabai
2026-07-01 15:31:35 [INFO]     KEC [630707] Batang Alai Selatan
2026-07-01 15:31:35 [INFO]       19 kelurahan di Batang Alai Selatan
2026-07-01 15:31:35 [INFO]     KEC [630708] Batang Alai Utara
2026-07-01 15:31:36 [INFO]       14 kelurahan di Batang Alai Utara
2026-07-01 15:31:36 [INFO]     KEC [630709] Hantakan
2026-07-01 15:31:37 [INFO]       12 kelurahan di Hantakan
2026-07-01 15:31:37 [INFO]     KEC [630710] Batang Alai Timur
2026-07-01 15:31:37 [INFO]       11 kelurahan di Batang Alai Timur
2026-07-01 15:31:37 [INFO]     KEC [630711] Limpasu
2026-07-01 15:31:38 [INFO]       9 kelurahan di Limpasu
2026-07-01 15:31:38 [INFO]   KAB [6308] Kabupaten Hulu Sungai Utara
2026-07-01 15:31:38 [INFO]     KEC [630801] Danau Panggang
2026-07-01 15:31:39 [INFO]       16 kelurahan di Danau Panggang
2026-07-01 15:31:39 [INFO]     KEC [630802] Babirik
2026-07-01 15:31:39 [INFO]       23 kelurahan di Babirik
2026-07-01 15:31:40 [INFO]     KEC [630803] Sungai Pandan
2026-07-01 15:31:40 [INFO]       33 kelurahan di Sungai Pandan
2026-07-01 15:31:40 [INFO]     KEC [630804] Amuntai Selatan
2026-07-01 15:31:41 [INFO]       30 kelurahan di Amuntai Selatan
2026-07-01 15:31:41 [INFO]     KEC [630805] Amuntai Tengah
2026-07-01 15:31:41 [INFO]       29 kelurahan di Amuntai Tengah
2026-07-01 15:31:41 [INFO]     KEC [630806] Amuntai Utara
2026-07-01 15:31:42 [INFO]       26 kelurahan di Amuntai Utara
2026-07-01 15:31:42 [INFO]     KEC [630807] Banjang
2026-07-01 15:31:42 [INFO]       20 kelurahan di Banjang
2026-07-01 15:31:42 [INFO]     KEC [630808] Haur Gading
2026-07-01 15:31:43 [INFO]       18 kelurahan di Haur Gading
2026-07-01 15:31:43 [INFO]     KEC [630809] Paminggir
2026-07-01 15:31:44 [INFO]       7 kelurahan di Paminggir
2026-07-01 15:31:44 [INFO]     KEC [630810] Sungai Tabukan
2026-07-01 15:31:44 [INFO]       17 kelurahan di Sungai Tabukan
2026-07-01 15:31:44 [INFO]   KAB [6309] Kabupaten Tabalong
2026-07-01 15:31:45 [INFO]     KEC [630901] Banua Lawas
2026-07-01 15:31:45 [INFO]       15 kelurahan di Banua Lawas
2026-07-01 15:31:45 [INFO]     KEC [630902] Kelua
2026-07-01 15:31:46 [INFO]       12 kelurahan di Kelua
2026-07-01 15:31:46 [INFO]     KEC [630903] Tanta
2026-07-01 15:31:46 [INFO]       14 kelurahan di Tanta
2026-07-01 15:31:46 [INFO]     KEC [630904] Tanjung
2026-07-01 15:31:47 [INFO]       15 kelurahan di Tanjung
2026-07-01 15:31:47 [INFO]     KEC [630905] Haruai
2026-07-01 15:31:48 [INFO]       13 kelurahan di Haruai
2026-07-01 15:31:48 [INFO]     KEC [630906] Murung Pudak
2026-07-01 15:31:48 [INFO]       10 kelurahan di Murung Pudak
2026-07-01 15:31:48 [INFO]     KEC [630907] Muara Uya
2026-07-01 15:31:49 [INFO]       14 kelurahan di Muara Uya
2026-07-01 15:31:49 [INFO]     KEC [630908] Muara Harus
2026-07-01 15:31:49 [INFO]       7 kelurahan di Muara Harus
2026-07-01 15:31:49 [INFO]     KEC [630909] Pugaan
2026-07-01 15:31:50 [INFO]       7 kelurahan di Pugaan
2026-07-01 15:31:50 [INFO]     KEC [630910] Upau
2026-07-01 15:31:51 [INFO]       6 kelurahan di Upau
2026-07-01 15:31:51 [INFO]     KEC [630911] Jaro
2026-07-01 15:31:51 [INFO]       9 kelurahan di Jaro
2026-07-01 15:31:51 [INFO]     KEC [630912] Bintang Ara
2026-07-01 15:31:52 [INFO]       9 kelurahan di Bintang Ara
2026-07-01 15:31:52 [INFO]   KAB [6310] Kabupaten Tanah Bumbu
2026-07-01 15:31:52 [INFO]     KEC [631001] Batu Licin
2026-07-01 15:31:53 [INFO]       9 kelurahan di Batu Licin
2026-07-01 15:31:53 [INFO]     KEC [631002] Kusan Hilir
2026-07-01 15:31:53 [INFO]       22 kelurahan di Kusan Hilir
2026-07-01 15:31:53 [INFO]     KEC [631003] Sungai Loban
2026-07-01 15:31:54 [INFO]       17 kelurahan di Sungai Loban
2026-07-01 15:31:54 [INFO]     KEC [631004] Satui
2026-07-01 15:31:55 [INFO]       20 kelurahan di Satui
2026-07-01 15:31:55 [INFO]     KEC [631005] Kusan Hulu
2026-07-01 15:31:55 [INFO]       11 kelurahan di Kusan Hulu
2026-07-01 15:31:55 [INFO]     KEC [631006] Simpang Empat
2026-07-01 15:31:56 [INFO]       15 kelurahan di Simpang Empat
2026-07-01 15:31:56 [INFO]     KEC [631007] Karang Bintang
2026-07-01 15:31:56 [INFO]       12 kelurahan di Karang Bintang
2026-07-01 15:31:56 [INFO]     KEC [631008] Mantewe
2026-07-01 15:31:57 [INFO]       12 kelurahan di Mantewe
2026-07-01 15:31:57 [INFO]     KEC [631009] Angsana
2026-07-01 15:31:57 [INFO]       9 kelurahan di Angsana
2026-07-01 15:31:57 [INFO]     KEC [631010] Kuranji
2026-07-01 15:31:58 [INFO]       7 kelurahan di Kuranji
2026-07-01 15:31:58 [INFO]     KEC [631011] Kusan Tengah
2026-07-01 15:31:59 [INFO]       13 kelurahan di Kusan Tengah
2026-07-01 15:31:59 [INFO]     KEC [631012] Teluk Kepayang
2026-07-01 15:31:59 [INFO]       10 kelurahan di Teluk Kepayang
2026-07-01 15:31:59 [INFO]   KAB [6311] Kabupaten Balangan
2026-07-01 15:32:00 [INFO]     KEC [631101] Juai
2026-07-01 15:32:00 [INFO]       21 kelurahan di Juai
2026-07-01 15:32:00 [INFO]     KEC [631102] Halong
2026-07-01 15:32:01 [INFO]       24 kelurahan di Halong
2026-07-01 15:32:01 [INFO]     KEC [631103] Awayan
2026-07-01 15:32:02 [INFO]       23 kelurahan di Awayan
2026-07-01 15:32:02 [INFO]     KEC [631104] Batu Mandi
2026-07-01 15:32:02 [INFO]       18 kelurahan di Batu Mandi
2026-07-01 15:32:02 [INFO]     KEC [631105] Lampihong
2026-07-01 15:32:03 [INFO]       27 kelurahan di Lampihong
2026-07-01 15:32:03 [INFO]     KEC [631106] Paringin
2026-07-01 15:32:03 [INFO]       16 kelurahan di Paringin
2026-07-01 15:32:03 [INFO]     KEC [631107] Paringin Selatan
2026-07-01 15:32:04 [INFO]       16 kelurahan di Paringin Selatan
2026-07-01 15:32:04 [INFO]     KEC [631108] Tebing Tinggi
2026-07-01 15:32:04 [INFO]       12 kelurahan di Tebing Tinggi
2026-07-01 15:32:04 [INFO]   KAB [6371] Kota Banjarmasin
2026-07-01 15:32:05 [INFO]     KEC [637101] Banjarmasin Selatan
2026-07-01 15:32:05 [INFO]       12 kelurahan di Banjarmasin Selatan
2026-07-01 15:32:05 [INFO]     KEC [637102] Banjarmasin Timur
2026-07-01 15:32:06 [INFO]       9 kelurahan di Banjarmasin Timur
2026-07-01 15:32:06 [INFO]     KEC [637103] Banjarmasin Barat
2026-07-01 15:32:07 [INFO]       9 kelurahan di Banjarmasin Barat
2026-07-01 15:32:07 [INFO]     KEC [637104] Banjarmasin Utara
2026-07-01 15:32:07 [INFO]       10 kelurahan di Banjarmasin Utara
2026-07-01 15:32:07 [INFO]     KEC [637105] Banjarmasin Tengah
2026-07-01 15:32:08 [INFO]       12 kelurahan di Banjarmasin Tengah
2026-07-01 15:32:08 [INFO]   KAB [6372] Kota Banjarbaru
2026-07-01 15:32:08 [INFO]     KEC [637202] Landasan Ulin
2026-07-01 15:32:09 [INFO]       4 kelurahan di Landasan Ulin
2026-07-01 15:32:09 [INFO]     KEC [637203] Cempaka
2026-07-01 15:32:09 [INFO]       4 kelurahan di Cempaka
2026-07-01 15:32:09 [INFO]     KEC [637204] Banjarbaru Utara
2026-07-01 15:32:10 [INFO]       4 kelurahan di Banjarbaru Utara
2026-07-01 15:32:10 [INFO]     KEC [637205] Banjarbaru Selatan
2026-07-01 15:32:10 [INFO]       4 kelurahan di Banjarbaru Selatan
2026-07-01 15:32:10 [INFO]     KEC [637206] Liang Anggang
2026-07-01 15:32:11 [INFO]       4 kelurahan di Liang Anggang
2026-07-01 15:32:11 [INFO] PROVINSI SELESAI [63] Kalimantan Selatan
2026-07-01 15:32:11 [INFO] PROVINSI [64] Kalimantan Timur
2026-07-01 15:32:12 [INFO]   KAB [6401] Kabupaten Paser
2026-07-01 15:32:12 [INFO]     KEC [640101] Batu Sopang
2026-07-01 15:32:13 [INFO]       9 kelurahan di Batu Sopang
2026-07-01 15:32:13 [INFO]     KEC [640102] Tanjung Harapan
2026-07-01 15:32:13 [INFO]       7 kelurahan di Tanjung Harapan
2026-07-01 15:32:13 [INFO]     KEC [640103] Paser Belengkong
2026-07-01 15:32:14 [INFO]       15 kelurahan di Paser Belengkong
2026-07-01 15:32:14 [INFO]     KEC [640104] Tanah Grogot
2026-07-01 15:32:15 [INFO]       16 kelurahan di Tanah Grogot
2026-07-01 15:32:15 [INFO]     KEC [640105] Kuaro
2026-07-01 15:32:15 [INFO]       13 kelurahan di Kuaro
2026-07-01 15:32:15 [INFO]     KEC [640106] Long Ikis
2026-07-01 15:32:16 [INFO]       26 kelurahan di Long Ikis
2026-07-01 15:32:16 [INFO]     KEC [640107] Muara Komam
2026-07-01 15:32:16 [INFO]       13 kelurahan di Muara Komam
2026-07-01 15:32:16 [INFO]     KEC [640108] Long Kali
2026-07-01 15:32:17 [INFO]       23 kelurahan di Long Kali
2026-07-01 15:32:17 [INFO]     KEC [640109] Batu Engau
2026-07-01 15:32:18 [INFO]       13 kelurahan di Batu Engau
2026-07-01 15:32:18 [INFO]     KEC [640110] Muara Samu
2026-07-01 15:32:18 [INFO]       9 kelurahan di Muara Samu
2026-07-01 15:32:18 [INFO]   KAB [6402] Kabupaten Kutai Kartanegara
2026-07-01 15:32:19 [INFO]     KEC [640201] Muara Muntai
2026-07-01 15:32:19 [INFO]       13 kelurahan di Muara Muntai
2026-07-01 15:32:19 [INFO]     KEC [640202] Loa Kulu
2026-07-01 15:32:20 [INFO]       15 kelurahan di Loa Kulu
2026-07-01 15:32:20 [INFO]     KEC [640203] Loa Janan
2026-07-01 15:32:21 [INFO]       8 kelurahan di Loa Janan
2026-07-01 15:32:21 [INFO]     KEC [640204] Anggana
2026-07-01 15:32:21 [INFO]       8 kelurahan di Anggana
2026-07-01 15:32:21 [INFO]     KEC [640205] Muara Badak
2026-07-01 15:32:22 [INFO]       13 kelurahan di Muara Badak
2026-07-01 15:32:22 [INFO]     KEC [640206] Tenggarong
2026-07-01 15:32:22 [INFO]       14 kelurahan di Tenggarong
2026-07-01 15:32:22 [INFO]     KEC [640207] Sebulu
2026-07-01 15:32:23 [INFO]       14 kelurahan di Sebulu
2026-07-01 15:32:23 [INFO]     KEC [640208] Kota Bangun
2026-07-01 15:32:23 [INFO]       11 kelurahan di Kota Bangun
2026-07-01 15:32:23 [INFO]     KEC [640209] Kenohan
2026-07-01 15:32:24 [INFO]       9 kelurahan di Kenohan
2026-07-01 15:32:24 [INFO]     KEC [640210] Kembang Janggut
2026-07-01 15:32:25 [INFO]       11 kelurahan di Kembang Janggut
2026-07-01 15:32:25 [INFO]     KEC [640211] Muara Kaman
2026-07-01 15:32:25 [INFO]       20 kelurahan di Muara Kaman
2026-07-01 15:32:25 [INFO]     KEC [640212] Tabang
2026-07-01 15:32:26 [INFO]       19 kelurahan di Tabang
2026-07-01 15:32:26 [INFO]     KEC [640213] Samboja
2026-07-01 15:32:26 [INFO]       13 kelurahan di Samboja
2026-07-01 15:32:26 [INFO]     KEC [640214] Muara Jawa
2026-07-01 15:32:27 [INFO]       8 kelurahan di Muara Jawa
2026-07-01 15:32:27 [INFO]     KEC [640215] Sanga Sanga
2026-07-01 15:32:27 [INFO]       5 kelurahan di Sanga Sanga
2026-07-01 15:32:28 [INFO]     KEC [640216] Tenggarong Seberang
2026-07-01 15:32:28 [INFO]       18 kelurahan di Tenggarong Seberang
2026-07-01 15:32:28 [INFO]     KEC [640217] Marang Kayu
2026-07-01 15:32:29 [INFO]       11 kelurahan di Marang Kayu
2026-07-01 15:32:29 [INFO]     KEC [640218] Muara Wis
2026-07-01 15:32:29 [INFO]       7 kelurahan di Muara Wis
2026-07-01 15:32:29 [INFO]     KEC [640219] Kota Bangun Darat
2026-07-01 15:32:30 [INFO]       10 kelurahan di Kota Bangun Darat
2026-07-01 15:32:30 [INFO]     KEC [640220] Samboja Barat
2026-07-01 15:32:30 [INFO]       10 kelurahan di Samboja Barat
2026-07-01 15:32:31 [INFO]   KAB [6403] Kabupaten Berau
2026-07-01 15:32:31 [INFO]     KEC [640301] Kelay
2026-07-01 15:32:32 [INFO]       14 kelurahan di Kelay
2026-07-01 15:32:32 [INFO]     KEC [640302] Talisayan
2026-07-01 15:32:32 [INFO]       10 kelurahan di Talisayan
2026-07-01 15:32:32 [INFO]     KEC [640303] Sambaliung
2026-07-01 15:32:33 [INFO]       14 kelurahan di Sambaliung
2026-07-01 15:32:33 [INFO]     KEC [640304] Segah
2026-07-01 15:32:33 [INFO]       13 kelurahan di Segah
2026-07-01 15:32:33 [INFO]     KEC [640305] Tanjung Redeb
2026-07-01 15:32:34 [INFO]       6 kelurahan di Tanjung Redeb
2026-07-01 15:32:34 [INFO]     KEC [640306] Gunung Tabur
2026-07-01 15:32:35 [INFO]       11 kelurahan di Gunung Tabur
2026-07-01 15:32:35 [INFO]     KEC [640307] Pulau Derawan
2026-07-01 15:32:35 [INFO]       5 kelurahan di Pulau Derawan
2026-07-01 15:32:35 [INFO]     KEC [640308] Biduk-Biduk
2026-07-01 15:32:36 [INFO]       6 kelurahan di Biduk-Biduk
2026-07-01 15:32:36 [INFO]     KEC [640309] Teluk Bayur
2026-07-01 15:32:36 [INFO]       6 kelurahan di Teluk Bayur
2026-07-01 15:32:36 [INFO]     KEC [640310] Tabalar
2026-07-01 15:32:37 [INFO]       6 kelurahan di Tabalar
2026-07-01 15:32:37 [INFO]     KEC [640311] Maratua
2026-07-01 15:32:37 [INFO]       4 kelurahan di Maratua
2026-07-01 15:32:37 [INFO]     KEC [640312] Batu Putih
2026-07-01 15:32:38 [INFO]       7 kelurahan di Batu Putih
2026-07-01 15:32:38 [INFO]     KEC [640313] Biatan
2026-07-01 15:32:38 [INFO]       8 kelurahan di Biatan
2026-07-01 15:32:38 [INFO]   KAB [6407] Kabupaten Kutai Barat
2026-07-01 15:32:39 [INFO]     KEC [640705] Long Iram
2026-07-01 15:32:40 [INFO]       11 kelurahan di Long Iram
2026-07-01 15:32:40 [INFO]     KEC [640706] Melak
2026-07-01 15:32:40 [INFO]       6 kelurahan di Melak
2026-07-01 15:32:40 [INFO]     KEC [640707] Barong Tongkok
2026-07-01 15:32:41 [INFO]       21 kelurahan di Barong Tongkok
2026-07-01 15:32:41 [INFO]     KEC [640708] Damai
2026-07-01 15:32:41 [INFO]       17 kelurahan di Damai
2026-07-01 15:32:41 [INFO]     KEC [640709] Muara Lawa
2026-07-01 15:32:42 [INFO]       8 kelurahan di Muara Lawa
2026-07-01 15:32:42 [INFO]     KEC [640710] Muara Pahu
2026-07-01 15:32:43 [INFO]       12 kelurahan di Muara Pahu
2026-07-01 15:32:43 [INFO]     KEC [640711] Jempang
2026-07-01 15:32:43 [INFO]       12 kelurahan di Jempang
2026-07-01 15:32:43 [INFO]     KEC [640712] Bongan
2026-07-01 15:32:44 [INFO]       16 kelurahan di Bongan
2026-07-01 15:32:44 [INFO]     KEC [640713] Penyinggahan
2026-07-01 15:32:45 [INFO]       6 kelurahan di Penyinggahan
2026-07-01 15:32:45 [INFO]     KEC [640714] Bentian Besar
2026-07-01 15:32:45 [INFO]       9 kelurahan di Bentian Besar
2026-07-01 15:32:45 [INFO]     KEC [640715] Linggang Bigung
2026-07-01 15:32:46 [INFO]       11 kelurahan di Linggang Bigung
2026-07-01 15:32:46 [INFO]     KEC [640716] Nyuatan
2026-07-01 15:32:46 [INFO]       10 kelurahan di Nyuatan
2026-07-01 15:32:46 [INFO]     KEC [640717] Siluq Ngurai
2026-07-01 15:32:47 [INFO]       16 kelurahan di Siluq Ngurai
2026-07-01 15:32:47 [INFO]     KEC [640718] Mook Manaar Bulatn
2026-07-01 15:32:48 [INFO]       16 kelurahan di Mook Manaar Bulatn
2026-07-01 15:32:48 [INFO]     KEC [640719] Tering
2026-07-01 15:32:48 [INFO]       15 kelurahan di Tering
2026-07-01 15:32:48 [INFO]     KEC [640720] Sekolaq Darat
2026-07-01 15:32:49 [INFO]       8 kelurahan di Sekolaq Darat
2026-07-01 15:32:49 [INFO]   KAB [6408] Kabupaten Kutai Timur
2026-07-01 15:32:49 [INFO]     KEC [640801] Muara Ancalong
2026-07-01 15:32:50 [INFO]       9 kelurahan di Muara Ancalong
2026-07-01 15:32:50 [INFO]     KEC [640802] Muara Wahau
2026-07-01 15:32:51 [INFO]       10 kelurahan di Muara Wahau
2026-07-01 15:32:51 [INFO]     KEC [640803] Muara Bengkal
2026-07-01 15:32:51 [INFO]       7 kelurahan di Muara Bengkal
2026-07-01 15:32:51 [INFO]     KEC [640804] Sangatta Utara
2026-07-01 15:32:52 [INFO]       4 kelurahan di Sangatta Utara
2026-07-01 15:32:52 [INFO]     KEC [640805] Sangkulirang
2026-07-01 15:32:52 [INFO]       15 kelurahan di Sangkulirang
2026-07-01 15:32:52 [INFO]     KEC [640806] Busang
2026-07-01 15:32:53 [INFO]       6 kelurahan di Busang
2026-07-01 15:32:53 [INFO]     KEC [640807] Telen
2026-07-01 15:32:53 [INFO]       8 kelurahan di Telen
2026-07-01 15:32:53 [INFO]     KEC [640808] Kombeng
2026-07-01 15:32:54 [INFO]       7 kelurahan di Kombeng
2026-07-01 15:32:54 [INFO]     KEC [640809] Bengalon
2026-07-01 15:32:54 [INFO]       11 kelurahan di Bengalon
2026-07-01 15:32:54 [INFO]     KEC [640810] Kaliorang
2026-07-01 15:32:55 [INFO]       7 kelurahan di Kaliorang
2026-07-01 15:32:55 [INFO]     KEC [640811] Sandaran
2026-07-01 15:32:56 [INFO]       9 kelurahan di Sandaran
2026-07-01 15:32:56 [INFO]     KEC [640812] Sangatta Selatan
2026-07-01 15:32:56 [INFO]       4 kelurahan di Sangatta Selatan
2026-07-01 15:32:56 [INFO]     KEC [640813] Teluk Pandan
2026-07-01 15:32:57 [INFO]       6 kelurahan di Teluk Pandan
2026-07-01 15:32:57 [INFO]     KEC [640814] Rantau Pulung
2026-07-01 15:32:57 [INFO]       9 kelurahan di Rantau Pulung
2026-07-01 15:32:57 [INFO]     KEC [640815] Kaubun
2026-07-01 15:32:58 [INFO]       8 kelurahan di Kaubun
2026-07-01 15:32:58 [INFO]     KEC [640816] Karangan
2026-07-01 15:32:58 [INFO]       7 kelurahan di Karangan
2026-07-01 15:32:58 [INFO]     KEC [640817] Batu Ampar
2026-07-01 15:32:59 [INFO]       7 kelurahan di Batu Ampar
2026-07-01 15:32:59 [INFO]     KEC [640818] Long Mesangat
2026-07-01 15:33:00 [INFO]       7 kelurahan di Long Mesangat
2026-07-01 15:33:00 [INFO]   KAB [6409] Kabupaten Penajam Paser Utara
2026-07-01 15:33:00 [INFO]     KEC [640901] Penajam
2026-07-01 15:33:01 [INFO]       23 kelurahan di Penajam
2026-07-01 15:33:01 [INFO]     KEC [640902] Waru
2026-07-01 15:33:01 [INFO]       4 kelurahan di Waru
2026-07-01 15:33:01 [INFO]     KEC [640903] Babulu
2026-07-01 15:33:02 [INFO]       12 kelurahan di Babulu
2026-07-01 15:33:02 [INFO]     KEC [640904] Sepaku
2026-07-01 15:33:02 [INFO]       15 kelurahan di Sepaku
2026-07-01 15:33:02 [INFO]   KAB [6411] Kabupaten Mahakam Ulu
2026-07-01 15:33:03 [INFO]     KEC [641101] Long Bagun
2026-07-01 15:33:04 [INFO]       11 kelurahan di Long Bagun
2026-07-01 15:33:04 [INFO]     KEC [641102] Long Hubung
2026-07-01 15:33:04 [INFO]       11 kelurahan di Long Hubung
2026-07-01 15:33:04 [INFO]     KEC [641103] Laham
2026-07-01 15:33:05 [INFO]       5 kelurahan di Laham
2026-07-01 15:33:05 [INFO]     KEC [641104] Long Apari
2026-07-01 15:33:05 [INFO]       10 kelurahan di Long Apari
2026-07-01 15:33:05 [INFO]     KEC [641105] Long Pahangai
2026-07-01 15:33:06 [INFO]       13 kelurahan di Long Pahangai
2026-07-01 15:33:06 [INFO]   KAB [6471] Kota Balikpapan
2026-07-01 15:33:06 [INFO]     KEC [647101] Balikpapan Timur
2026-07-01 15:33:07 [INFO]       4 kelurahan di Balikpapan Timur
2026-07-01 15:33:07 [INFO]     KEC [647102] Balikpapan Barat
2026-07-01 15:33:07 [INFO]       6 kelurahan di Balikpapan Barat
2026-07-01 15:33:07 [INFO]     KEC [647103] Balikpapan Utara
2026-07-01 15:33:08 [INFO]       6 kelurahan di Balikpapan Utara
2026-07-01 15:33:08 [INFO]     KEC [647104] Balikpapan Tengah
2026-07-01 15:33:09 [INFO]       6 kelurahan di Balikpapan Tengah
2026-07-01 15:33:09 [INFO]     KEC [647105] Balikpapan Selatan
2026-07-01 15:33:09 [INFO]       7 kelurahan di Balikpapan Selatan
2026-07-01 15:33:09 [INFO]     KEC [647106] Balikpapan Kota
2026-07-01 15:33:10 [INFO]       5 kelurahan di Balikpapan Kota
2026-07-01 15:33:10 [INFO]   KAB [6472] Kota Samarinda
2026-07-01 15:33:10 [INFO]     KEC [647201] Palaran
2026-07-01 15:33:11 [INFO]       5 kelurahan di Palaran
2026-07-01 15:33:11 [INFO]     KEC [647202] Samarinda Seberang
2026-07-01 15:33:11 [INFO]       6 kelurahan di Samarinda Seberang
2026-07-01 15:33:11 [INFO]     KEC [647203] Samarinda Ulu
2026-07-01 15:33:12 [INFO]       8 kelurahan di Samarinda Ulu
2026-07-01 15:33:12 [INFO]     KEC [647204] Samarinda Ilir
2026-07-01 15:33:13 [INFO]       5 kelurahan di Samarinda Ilir
2026-07-01 15:33:13 [INFO]     KEC [647205] Samarinda Utara
2026-07-01 15:33:13 [INFO]       8 kelurahan di Samarinda Utara
2026-07-01 15:33:13 [INFO]     KEC [647206] Sungai Kunjang
2026-07-01 15:33:14 [INFO]       7 kelurahan di Sungai Kunjang
2026-07-01 15:33:14 [INFO]     KEC [647207] Sambutan
2026-07-01 15:33:14 [INFO]       5 kelurahan di Sambutan
2026-07-01 15:33:14 [INFO]     KEC [647208] Sungai Pinang
2026-07-01 15:33:15 [INFO]       5 kelurahan di Sungai Pinang
2026-07-01 15:33:15 [INFO]     KEC [647209] Samarinda Kota
2026-07-01 15:33:16 [INFO]       5 kelurahan di Samarinda Kota
2026-07-01 15:33:16 [INFO]     KEC [647210] Loa Janan Ilir
2026-07-01 15:33:16 [INFO]       5 kelurahan di Loa Janan Ilir
2026-07-01 15:33:16 [INFO]   KAB [6474] Kota Bontang
2026-07-01 15:33:17 [INFO]     KEC [647401] Bontang Utara
2026-07-01 15:33:17 [INFO]       6 kelurahan di Bontang Utara
2026-07-01 15:33:17 [INFO]     KEC [647402] Bontang Selatan
2026-07-01 15:33:18 [INFO]       6 kelurahan di Bontang Selatan
2026-07-01 15:33:18 [INFO]     KEC [647403] Bontang Barat
2026-07-01 15:33:19 [INFO]       3 kelurahan di Bontang Barat
2026-07-01 15:33:19 [INFO] PROVINSI SELESAI [64] Kalimantan Timur
2026-07-01 15:33:19 [INFO] PROVINSI [65] Kalimantan Utara
2026-07-01 15:33:19 [INFO]   KAB [6501] Kabupaten Bulungan
2026-07-01 15:33:20 [INFO]     KEC [650101] Tanjung Palas
2026-07-01 15:33:20 [INFO]       9 kelurahan di Tanjung Palas
2026-07-01 15:33:20 [INFO]     KEC [650102] Tanjung Palas Barat
2026-07-01 15:33:21 [INFO]       5 kelurahan di Tanjung Palas Barat
2026-07-01 15:33:21 [INFO]     KEC [650103] Tanjung Palas Utara
2026-07-01 15:33:21 [INFO]       6 kelurahan di Tanjung Palas Utara
2026-07-01 15:33:21 [INFO]     KEC [650104] Tanjung Palas Timur
2026-07-01 15:33:22 [INFO]       8 kelurahan di Tanjung Palas Timur
2026-07-01 15:33:22 [INFO]     KEC [650105] Tanjung Selor
2026-07-01 15:33:23 [INFO]       9 kelurahan di Tanjung Selor
2026-07-01 15:33:23 [INFO]     KEC [650106] Tanjung Palas Tengah
2026-07-01 15:33:23 [INFO]       3 kelurahan di Tanjung Palas Tengah
2026-07-01 15:33:23 [INFO]     KEC [650107] Peso
2026-07-01 15:33:24 [INFO]       10 kelurahan di Peso
2026-07-01 15:33:24 [INFO]     KEC [650108] Peso Hilir
2026-07-01 15:33:24 [INFO]       6 kelurahan di Peso Hilir
2026-07-01 15:33:24 [INFO]     KEC [650109] Sekatak
2026-07-01 15:33:25 [INFO]       22 kelurahan di Sekatak
2026-07-01 15:33:25 [INFO]     KEC [650110] Bunyu
2026-07-01 15:33:25 [INFO]       3 kelurahan di Bunyu
2026-07-01 15:33:26 [INFO]   KAB [6502] Kabupaten Malinau
2026-07-01 15:33:26 [INFO]     KEC [650201] Mentarang
2026-07-01 15:33:27 [INFO]       6 kelurahan di Mentarang
2026-07-01 15:33:27 [INFO]     KEC [650202] Malinau Kota
2026-07-01 15:33:27 [INFO]       6 kelurahan di Malinau Kota
2026-07-01 15:33:27 [INFO]     KEC [650203] Pujungan
2026-07-01 15:33:28 [INFO]       9 kelurahan di Pujungan
2026-07-01 15:33:28 [INFO]     KEC [650204] Kayan Hilir
2026-07-01 15:33:28 [INFO]       5 kelurahan di Kayan Hilir
2026-07-01 15:33:28 [INFO]     KEC [650205] Kayan Hulu
2026-07-01 15:33:29 [INFO]       5 kelurahan di Kayan Hulu
2026-07-01 15:33:29 [INFO]     KEC [650206] Malinau Selatan
2026-07-01 15:33:30 [INFO]       9 kelurahan di Malinau Selatan
2026-07-01 15:33:30 [INFO]     KEC [650207] Malinau Utara
2026-07-01 15:33:30 [INFO]       12 kelurahan di Malinau Utara
2026-07-01 15:33:30 [INFO]     KEC [650208] Malinau Barat
2026-07-01 15:33:31 [INFO]       9 kelurahan di Malinau Barat
2026-07-01 15:33:31 [INFO]     KEC [650209] Sungai Boh
2026-07-01 15:33:31 [INFO]       6 kelurahan di Sungai Boh
2026-07-01 15:33:31 [INFO]     KEC [650210] Kayan Selatan
2026-07-01 15:33:33 [INFO]       5 kelurahan di Kayan Selatan
2026-07-01 15:33:33 [INFO]     KEC [650211] Bahau Hulu
2026-07-01 15:33:33 [INFO]       6 kelurahan di Bahau Hulu
2026-07-01 15:33:33 [INFO]     KEC [650212] Mentarang Hulu
2026-07-01 15:33:34 [INFO]       10 kelurahan di Mentarang Hulu
2026-07-01 15:33:34 [INFO]     KEC [650213] Malinau Selatan Hilir
2026-07-01 15:33:34 [INFO]       8 kelurahan di Malinau Selatan Hilir
2026-07-01 15:33:34 [INFO]     KEC [650214] Malinau Selatan Hulu
2026-07-01 15:33:35 [INFO]       8 kelurahan di Malinau Selatan Hulu
2026-07-01 15:33:35 [INFO]     KEC [650215] Sungai Tubu
2026-07-01 15:33:36 [INFO]       5 kelurahan di Sungai Tubu
2026-07-01 15:33:36 [INFO]   KAB [6503] Kabupaten Nunukan
2026-07-01 15:33:36 [INFO]     KEC [650301] Sebatik
2026-07-01 15:33:37 [INFO]       4 kelurahan di Sebatik
2026-07-01 15:33:37 [INFO]     KEC [650302] Nunukan
2026-07-01 15:33:37 [INFO]       5 kelurahan di Nunukan
2026-07-01 15:33:37 [INFO]     KEC [650303] Sembakung
2026-07-01 15:33:38 [INFO]       10 kelurahan di Sembakung
2026-07-01 15:33:38 [INFO]     KEC [650304] Lumbis
2026-07-01 15:33:38 [INFO]       28 kelurahan di Lumbis
2026-07-01 15:33:38 [INFO]     KEC [650305] Krayan
2026-07-01 15:33:39 [INFO]       23 kelurahan di Krayan
2026-07-01 15:33:39 [INFO]     KEC [650306] Sebuku
2026-07-01 15:33:40 [INFO]       10 kelurahan di Sebuku
2026-07-01 15:33:40 [INFO]     KEC [650307] Krayan Selatan
2026-07-01 15:33:40 [INFO]       13 kelurahan di Krayan Selatan
2026-07-01 15:33:40 [INFO]     KEC [650308] Sebatik Barat
2026-07-01 15:33:41 [INFO]       4 kelurahan di Sebatik Barat
2026-07-01 15:33:41 [INFO]     KEC [650309] Nunukan Selatan
2026-07-01 15:33:41 [INFO]       4 kelurahan di Nunukan Selatan
2026-07-01 15:33:41 [INFO]     KEC [650310] Sebatik Timur
2026-07-01 15:33:42 [INFO]       4 kelurahan di Sebatik Timur
2026-07-01 15:33:42 [INFO]     KEC [650311] Sebatik Utara
2026-07-01 15:33:42 [INFO]       3 kelurahan di Sebatik Utara
2026-07-01 15:33:42 [INFO]     KEC [650312] Sebatik Tengah
2026-07-01 15:33:43 [INFO]       4 kelurahan di Sebatik Tengah
2026-07-01 15:33:43 [INFO]     KEC [650313] Sei Menggaris
2026-07-01 15:33:44 [INFO]       4 kelurahan di Sei Menggaris
2026-07-01 15:33:44 [INFO]     KEC [650314] Tulin Onsoi
2026-07-01 15:33:44 [INFO]       12 kelurahan di Tulin Onsoi
2026-07-01 15:33:44 [INFO]     KEC [650315] Lumbis Ogong
2026-07-01 15:33:45 [INFO]       26 kelurahan di Lumbis Ogong
2026-07-01 15:33:45 [INFO]     KEC [650316] Sembakung Atulai
2026-07-01 15:33:46 [INFO]       10 kelurahan di Sembakung Atulai
2026-07-01 15:33:46 [INFO]     KEC [650317] Krayan Tengah
2026-07-01 15:33:46 [INFO]       11 kelurahan di Krayan Tengah
2026-07-01 15:33:46 [INFO]     KEC [650318] Krayan Timur
2026-07-01 15:33:47 [INFO]       17 kelurahan di Krayan Timur
2026-07-01 15:33:47 [INFO]     KEC [650319] Krayan Barat
2026-07-01 15:33:47 [INFO]       25 kelurahan di Krayan Barat
2026-07-01 15:33:47 [INFO]     KEC [650320] Lumbis Pansiangan
2026-07-01 15:33:48 [INFO]       13 kelurahan di Lumbis Pansiangan
2026-07-01 15:33:48 [INFO]     KEC [650321] Lumbis Hulu
2026-07-01 15:33:48 [INFO]       10 kelurahan di Lumbis Hulu
2026-07-01 15:33:48 [INFO]   KAB [6504] Kabupaten Tana Tidung
2026-07-01 15:33:49 [INFO]     KEC [650401] Sesayap
2026-07-01 15:33:50 [INFO]       7 kelurahan di Sesayap
2026-07-01 15:33:50 [INFO]     KEC [650402] Sesayap Hilir
2026-07-01 15:33:50 [INFO]       8 kelurahan di Sesayap Hilir
2026-07-01 15:33:50 [INFO]     KEC [650403] Tana Lia
2026-07-01 15:33:51 [INFO]       5 kelurahan di Tana Lia
2026-07-01 15:33:51 [INFO]     KEC [650404] Betayau
2026-07-01 15:33:51 [INFO]       6 kelurahan di Betayau
2026-07-01 15:33:51 [INFO]     KEC [650405] Muruk Rian
2026-07-01 15:33:52 [INFO]       6 kelurahan di Muruk Rian
2026-07-01 15:33:52 [INFO]   KAB [6571] Kota Tarakan
2026-07-01 15:33:53 [INFO]     KEC [657101] Tarakan Barat
2026-07-01 15:33:53 [INFO]       5 kelurahan di Tarakan Barat
2026-07-01 15:33:53 [INFO]     KEC [657102] Tarakan Tengah
2026-07-01 15:33:54 [INFO]       5 kelurahan di Tarakan Tengah
2026-07-01 15:33:54 [INFO]     KEC [657103] Tarakan Timur
2026-07-01 15:33:54 [INFO]       7 kelurahan di Tarakan Timur
2026-07-01 15:33:54 [INFO]     KEC [657104] Tarakan Utara
2026-07-01 15:33:55 [INFO]       3 kelurahan di Tarakan Utara
2026-07-01 15:33:55 [INFO] PROVINSI SELESAI [65] Kalimantan Utara
2026-07-01 15:33:55 [INFO] PROVINSI [71] Sulawesi Utara
2026-07-01 15:33:55 [INFO]   KAB [7101] Kabupaten Bolaang Mongondow
2026-07-01 15:33:56 [INFO]     KEC [710105] Sang Tombolang
2026-07-01 15:33:57 [INFO]       12 kelurahan di Sang Tombolang
2026-07-01 15:33:57 [INFO]     KEC [710109] Dumoga Barat
2026-07-01 15:33:57 [INFO]       12 kelurahan di Dumoga Barat
2026-07-01 15:33:57 [INFO]     KEC [710110] Dumoga Timur
2026-07-01 15:33:58 [INFO]       16 kelurahan di Dumoga Timur
2026-07-01 15:33:58 [INFO]     KEC [710111] Dumoga Utara
2026-07-01 15:33:58 [INFO]       16 kelurahan di Dumoga Utara
2026-07-01 15:33:58 [INFO]     KEC [710112] Lolak
2026-07-01 15:33:59 [INFO]       26 kelurahan di Lolak
2026-07-01 15:33:59 [INFO]     KEC [710113] Bolaang
2026-07-01 15:33:59 [INFO]       11 kelurahan di Bolaang
2026-07-01 15:33:59 [INFO]     KEC [710114] Lolayan
2026-07-01 15:34:00 [INFO]       14 kelurahan di Lolayan
2026-07-01 15:34:00 [INFO]     KEC [710119] Passi Barat
2026-07-01 15:34:01 [INFO]       13 kelurahan di Passi Barat
2026-07-01 15:34:01 [INFO]     KEC [710120] Poigar
2026-07-01 15:34:01 [INFO]       20 kelurahan di Poigar
2026-07-01 15:34:01 [INFO]     KEC [710122] Passi Timur
2026-07-01 15:34:02 [INFO]       13 kelurahan di Passi Timur
2026-07-01 15:34:02 [INFO]     KEC [710131] Bolaang Timur
2026-07-01 15:34:02 [INFO]       9 kelurahan di Bolaang Timur
2026-07-01 15:34:02 [INFO]     KEC [710132] Bilalang
2026-07-01 15:34:03 [INFO]       8 kelurahan di Bilalang
2026-07-01 15:34:03 [INFO]     KEC [710133] Dumoga
2026-07-01 15:34:03 [INFO]       12 kelurahan di Dumoga
2026-07-01 15:34:03 [INFO]     KEC [710134] Dumoga Tenggara
2026-07-01 15:34:04 [INFO]       10 kelurahan di Dumoga Tenggara
2026-07-01 15:34:04 [INFO]     KEC [710135] Dumoga Tengah
2026-07-01 15:34:05 [INFO]       10 kelurahan di Dumoga Tengah
2026-07-01 15:34:05 [INFO]   KAB [7102] Kabupaten Minahasa
2026-07-01 15:34:05 [INFO]     KEC [710201] Tondano Barat
2026-07-01 15:34:06 [INFO]       9 kelurahan di Tondano Barat
2026-07-01 15:34:06 [INFO]     KEC [710202] Tondano Timur
2026-07-01 15:34:06 [INFO]       11 kelurahan di Tondano Timur
2026-07-01 15:34:06 [INFO]     KEC [710203] Eris
2026-07-01 15:34:07 [INFO]       8 kelurahan di Eris
2026-07-01 15:34:07 [INFO]     KEC [710204] Kombi
2026-07-01 15:34:08 [INFO]       13 kelurahan di Kombi
2026-07-01 15:34:08 [INFO]     KEC [710205] Lembean Timur
2026-07-01 15:34:08 [INFO]       11 kelurahan di Lembean Timur
2026-07-01 15:34:08 [INFO]     KEC [710206] Kakas
2026-07-01 15:34:09 [INFO]       13 kelurahan di Kakas
2026-07-01 15:34:09 [INFO]     KEC [710207] Tompaso
2026-07-01 15:34:09 [INFO]       10 kelurahan di Tompaso
2026-07-01 15:34:09 [INFO]     KEC [710208] Remboken
2026-07-01 15:34:10 [INFO]       11 kelurahan di Remboken
2026-07-01 15:34:10 [INFO]     KEC [710209] Langowan Timur
2026-07-01 15:34:10 [INFO]       8 kelurahan di Langowan Timur
2026-07-01 15:34:10 [INFO]     KEC [710210] Langowan Barat
2026-07-01 15:34:11 [INFO]       16 kelurahan di Langowan Barat
2026-07-01 15:34:11 [INFO]     KEC [710211] Sonder
2026-07-01 15:34:11 [INFO]       19 kelurahan di Sonder
2026-07-01 15:34:11 [INFO]     KEC [710212] Kawangkoan
2026-07-01 15:34:12 [INFO]       10 kelurahan di Kawangkoan
2026-07-01 15:34:12 [INFO]     KEC [710213] Pineleng
2026-07-01 15:34:13 [INFO]       14 kelurahan di Pineleng
2026-07-01 15:34:13 [INFO]     KEC [710214] Tombulu
2026-07-01 15:34:13 [INFO]       11 kelurahan di Tombulu
2026-07-01 15:34:13 [INFO]     KEC [710215] Tombariri
2026-07-01 15:34:14 [INFO]       10 kelurahan di Tombariri
2026-07-01 15:34:14 [INFO]     KEC [710216] Tondano Utara
2026-07-01 15:34:14 [INFO]       8 kelurahan di Tondano Utara
2026-07-01 15:34:14 [INFO]     KEC [710217] Langowan Selatan
2026-07-01 15:34:15 [INFO]       10 kelurahan di Langowan Selatan
2026-07-01 15:34:15 [INFO]     KEC [710218] Tondano Selatan
2026-07-01 15:34:15 [INFO]       8 kelurahan di Tondano Selatan
2026-07-01 15:34:15 [INFO]     KEC [710219] Langowan Utara
2026-07-01 15:34:16 [INFO]       8 kelurahan di Langowan Utara
2026-07-01 15:34:16 [INFO]     KEC [710220] Kakas Barat
2026-07-01 15:34:17 [INFO]       10 kelurahan di Kakas Barat
2026-07-01 15:34:17 [INFO]     KEC [710221] Kawangkoan Utara
2026-07-01 15:34:17 [INFO]       10 kelurahan di Kawangkoan Utara
2026-07-01 15:34:17 [INFO]     KEC [710222] Kawangkoan Barat
2026-07-01 15:34:18 [INFO]       10 kelurahan di Kawangkoan Barat
2026-07-01 15:34:18 [INFO]     KEC [710223] Mandolang
2026-07-01 15:34:18 [INFO]       12 kelurahan di Mandolang
2026-07-01 15:34:18 [INFO]     KEC [710224] Tombariri Timur
2026-07-01 15:34:19 [INFO]       10 kelurahan di Tombariri Timur
2026-07-01 15:34:19 [INFO]     KEC [710225] Tompaso Barat
2026-07-01 15:34:19 [INFO]       10 kelurahan di Tompaso Barat
2026-07-01 15:34:19 [INFO]   KAB [7103] Kabupaten Kepulauan Sangihe
2026-07-01 15:34:20 [INFO]     KEC [710308] Tabukan Utara
2026-07-01 15:34:20 [INFO]       24 kelurahan di Tabukan Utara
2026-07-01 15:34:20 [INFO]     KEC [710309] Nusa Tabukan
2026-07-01 15:34:21 [INFO]       5 kelurahan di Nusa Tabukan
2026-07-01 15:34:21 [INFO]     KEC [710310] Manganitu Selatan
2026-07-01 15:34:22 [INFO]       13 kelurahan di Manganitu Selatan
2026-07-01 15:34:22 [INFO]     KEC [710311] Tatoareng
2026-07-01 15:34:22 [INFO]       7 kelurahan di Tatoareng
2026-07-01 15:34:22 [INFO]     KEC [710312] Tamako
2026-07-01 15:34:23 [INFO]       20 kelurahan di Tamako
2026-07-01 15:34:23 [INFO]     KEC [710313] Manganitu
2026-07-01 15:34:23 [INFO]       18 kelurahan di Manganitu
2026-07-01 15:34:23 [INFO]     KEC [710314] Tabukan Tengah
2026-07-01 15:34:24 [INFO]       18 kelurahan di Tabukan Tengah
2026-07-01 15:34:24 [INFO]     KEC [710315] Tabukan Selatan
2026-07-01 15:34:25 [INFO]       14 kelurahan di Tabukan Selatan
2026-07-01 15:34:25 [INFO]     KEC [710316] Kendahe
2026-07-01 15:34:25 [INFO]       8 kelurahan di Kendahe
2026-07-01 15:34:25 [INFO]     KEC [710317] Tahuna
2026-07-01 15:34:26 [INFO]       8 kelurahan di Tahuna
2026-07-01 15:34:26 [INFO]     KEC [710319] Tabukan Selatan Tengah
2026-07-01 15:34:26 [INFO]       9 kelurahan di Tabukan Selatan Tengah
2026-07-01 15:34:26 [INFO]     KEC [710320] Tabukan Selatan Tenggara
2026-07-01 15:34:27 [INFO]       6 kelurahan di Tabukan Selatan Tenggara
2026-07-01 15:34:27 [INFO]     KEC [710323] Tahuna Barat
2026-07-01 15:34:27 [INFO]       6 kelurahan di Tahuna Barat
2026-07-01 15:34:27 [INFO]     KEC [710324] Tahuna Timur
2026-07-01 15:34:28 [INFO]       8 kelurahan di Tahuna Timur
2026-07-01 15:34:28 [INFO]     KEC [710325] Kepulauan Marore
2026-07-01 15:34:29 [INFO]       3 kelurahan di Kepulauan Marore
2026-07-01 15:34:29 [INFO]   KAB [7104] Kabupaten Kepulauan Talaud
2026-07-01 15:34:29 [INFO]     KEC [710401] Lirung
2026-07-01 15:34:30 [INFO]       7 kelurahan di Lirung
2026-07-01 15:34:30 [INFO]     KEC [710402] Beo
2026-07-01 15:34:30 [INFO]       6 kelurahan di Beo
2026-07-01 15:34:30 [INFO]     KEC [710403] Rainis
2026-07-01 15:34:31 [INFO]       11 kelurahan di Rainis
2026-07-01 15:34:31 [INFO]     KEC [710404] Essang
2026-07-01 15:34:31 [INFO]       8 kelurahan di Essang
2026-07-01 15:34:31 [INFO]     KEC [710405] Nanusa
2026-07-01 15:34:32 [INFO]       9 kelurahan di Nanusa
2026-07-01 15:34:32 [INFO]     KEC [710406] Kabaruan
2026-07-01 15:34:32 [INFO]       12 kelurahan di Kabaruan
2026-07-01 15:34:32 [INFO]     KEC [710407] Melonguane
2026-07-01 15:34:33 [INFO]       13 kelurahan di Melonguane
2026-07-01 15:34:33 [INFO]     KEC [710408] Gemeh
2026-07-01 15:34:34 [INFO]       15 kelurahan di Gemeh
2026-07-01 15:34:34 [INFO]     KEC [710409] Damau
2026-07-01 15:34:35 [INFO]       8 kelurahan di Damau
2026-07-01 15:34:35 [INFO]     KEC [710410] Tampan' Amma
2026-07-01 15:34:36 [INFO]       11 kelurahan di Tampan' Amma
2026-07-01 15:34:36 [INFO]     KEC [710411] Salibabu
2026-07-01 15:34:36 [INFO]       6 kelurahan di Salibabu
2026-07-01 15:34:36 [INFO]     KEC [710412] Kalongan
2026-07-01 15:34:37 [INFO]       5 kelurahan di Kalongan
2026-07-01 15:34:37 [INFO]     KEC [710413] Miangas
2026-07-01 15:34:38 [INFO]       1 kelurahan di Miangas
2026-07-01 15:34:38 [INFO]     KEC [710414] Beo Utara
2026-07-01 15:34:38 [INFO]       8 kelurahan di Beo Utara
2026-07-01 15:34:38 [INFO]     KEC [710415] Pulutan
2026-07-01 15:34:39 [INFO]       5 kelurahan di Pulutan
2026-07-01 15:34:39 [INFO]     KEC [710416] Melonguane Timur
2026-07-01 15:34:39 [INFO]       6 kelurahan di Melonguane Timur
2026-07-01 15:34:39 [INFO]     KEC [710417] Moronge
2026-07-01 15:34:40 [INFO]       6 kelurahan di Moronge
2026-07-01 15:34:40 [INFO]     KEC [710418] Beo Selatan
2026-07-01 15:34:40 [INFO]       7 kelurahan di Beo Selatan
2026-07-01 15:34:40 [INFO]     KEC [710419] Essang Selatan
2026-07-01 15:34:41 [INFO]       9 kelurahan di Essang Selatan
2026-07-01 15:34:41 [INFO]   KAB [7105] Kabupaten Minahasa Selatan
2026-07-01 15:34:42 [INFO]     KEC [710501] Modoinding
2026-07-01 15:34:42 [INFO]       10 kelurahan di Modoinding
2026-07-01 15:34:42 [INFO]     KEC [710502] Tompaso Baru
2026-07-01 15:34:43 [INFO]       10 kelurahan di Tompaso Baru
2026-07-01 15:34:43 [INFO]     KEC [710503] Ranoyapo
2026-07-01 15:34:43 [INFO]       12 kelurahan di Ranoyapo
2026-07-01 15:34:43 [INFO]     KEC [710507] Motoling
2026-07-01 15:34:44 [INFO]       7 kelurahan di Motoling
2026-07-01 15:34:44 [INFO]     KEC [710508] Sinonsayang
2026-07-01 15:34:45 [INFO]       13 kelurahan di Sinonsayang
2026-07-01 15:34:45 [INFO]     KEC [710509] Tenga
2026-07-01 15:34:45 [INFO]       18 kelurahan di Tenga
2026-07-01 15:34:45 [INFO]     KEC [710510] Amurang
2026-07-01 15:34:46 [INFO]       8 kelurahan di Amurang
2026-07-01 15:34:46 [INFO]     KEC [710512] Tumpaan
2026-07-01 15:34:46 [INFO]       10 kelurahan di Tumpaan
2026-07-01 15:34:46 [INFO]     KEC [710513] Tareran
2026-07-01 15:34:47 [INFO]       13 kelurahan di Tareran
2026-07-01 15:34:47 [INFO]     KEC [710515] Kumelembuai
2026-07-01 15:34:48 [INFO]       8 kelurahan di Kumelembuai
2026-07-01 15:34:48 [INFO]     KEC [710516] Maesaan
2026-07-01 15:34:48 [INFO]       12 kelurahan di Maesaan
2026-07-01 15:34:48 [INFO]     KEC [710517] Amurang Barat
2026-07-01 15:34:49 [INFO]       10 kelurahan di Amurang Barat
2026-07-01 15:34:49 [INFO]     KEC [710518] Amurang Timur
2026-07-01 15:34:50 [INFO]       10 kelurahan di Amurang Timur
2026-07-01 15:34:50 [INFO]     KEC [710519] Tatapaan
2026-07-01 15:34:50 [INFO]       11 kelurahan di Tatapaan
2026-07-01 15:34:50 [INFO]     KEC [710521] Motoling Barat
2026-07-01 15:34:51 [INFO]       8 kelurahan di Motoling Barat
2026-07-01 15:34:51 [INFO]     KEC [710522] Motoling Timur
2026-07-01 15:34:51 [INFO]       8 kelurahan di Motoling Timur
2026-07-01 15:34:51 [INFO]     KEC [710523] Suluun Tareran
2026-07-01 15:34:52 [INFO]       9 kelurahan di Suluun Tareran
2026-07-01 15:34:52 [INFO]   KAB [7106] Kabupaten Minahasa Utara
2026-07-01 15:34:52 [INFO]     KEC [710601] Kema
2026-07-01 15:34:53 [INFO]       10 kelurahan di Kema
2026-07-01 15:34:53 [INFO]     KEC [710602] Kauditan
2026-07-01 15:34:54 [INFO]       12 kelurahan di Kauditan
2026-07-01 15:34:54 [INFO]     KEC [710603] Airmadidi
2026-07-01 15:34:54 [INFO]       9 kelurahan di Airmadidi
2026-07-01 15:34:54 [INFO]     KEC [710604] Wori
2026-07-01 15:34:55 [INFO]       20 kelurahan di Wori
2026-07-01 15:34:55 [INFO]     KEC [710605] Dimembe
2026-07-01 15:34:55 [INFO]       11 kelurahan di Dimembe
2026-07-01 15:34:55 [INFO]     KEC [710606] Likupang Barat
2026-07-01 15:34:56 [INFO]       20 kelurahan di Likupang Barat
2026-07-01 15:34:56 [INFO]     KEC [710607] Likupang Timur
2026-07-01 15:34:57 [INFO]       18 kelurahan di Likupang Timur
2026-07-01 15:34:57 [INFO]     KEC [710608] Kalawat
2026-07-01 15:34:57 [INFO]       12 kelurahan di Kalawat
2026-07-01 15:34:57 [INFO]     KEC [710609] Talawaan
2026-07-01 15:34:58 [INFO]       12 kelurahan di Talawaan
2026-07-01 15:34:58 [INFO]     KEC [710610] Likupang Selatan
2026-07-01 15:34:58 [INFO]       7 kelurahan di Likupang Selatan
2026-07-01 15:34:58 [INFO]   KAB [7107] Kabupaten Minahasa Tenggara
2026-07-01 15:34:59 [INFO]     KEC [710701] Ratahan
2026-07-01 15:35:00 [INFO]       11 kelurahan di Ratahan
2026-07-01 15:35:00 [INFO]     KEC [710702] Pusomaen
2026-07-01 15:35:00 [INFO]       15 kelurahan di Pusomaen
2026-07-01 15:35:00 [INFO]     KEC [710703] Belang
2026-07-01 15:35:01 [INFO]       20 kelurahan di Belang
2026-07-01 15:35:01 [INFO]     KEC [710704] Ratatotok
2026-07-01 15:35:01 [INFO]       15 kelurahan di Ratatotok
2026-07-01 15:35:01 [INFO]     KEC [710705] Tombatu
2026-07-01 15:35:02 [INFO]       11 kelurahan di Tombatu
2026-07-01 15:35:02 [INFO]     KEC [710706] Touluaan
2026-07-01 15:35:03 [INFO]       10 kelurahan di Touluaan
2026-07-01 15:35:03 [INFO]     KEC [710707] Touluaan Selatan
2026-07-01 15:35:03 [INFO]       10 kelurahan di Touluaan Selatan
2026-07-01 15:35:03 [INFO]     KEC [710708] Silian Raya
2026-07-01 15:35:04 [INFO]       10 kelurahan di Silian Raya
2026-07-01 15:35:04 [INFO]     KEC [710709] Tombatu Timur
2026-07-01 15:35:04 [INFO]       11 kelurahan di Tombatu Timur
2026-07-01 15:35:04 [INFO]     KEC [710710] Tombatu Utara
2026-07-01 15:35:05 [INFO]       10 kelurahan di Tombatu Utara
2026-07-01 15:35:05 [INFO]     KEC [710711] Pasan
2026-07-01 15:35:05 [INFO]       11 kelurahan di Pasan
2026-07-01 15:35:05 [INFO]     KEC [710712] Ratahan Timur
2026-07-01 15:35:06 [INFO]       10 kelurahan di Ratahan Timur
2026-07-01 15:35:06 [INFO]   KAB [7108] Kabupaten Bolaang Mongondow Utara
2026-07-01 15:35:07 [INFO]     KEC [710801] Sangkub
2026-07-01 15:35:07 [INFO]       16 kelurahan di Sangkub
2026-07-01 15:35:07 [INFO]     KEC [710802] Bintauna
2026-07-01 15:35:08 [INFO]       16 kelurahan di Bintauna
2026-07-01 15:35:08 [INFO]     KEC [710803] Bolangitang Timur
2026-07-01 15:35:08 [INFO]       20 kelurahan di Bolangitang Timur
2026-07-01 15:35:08 [INFO]     KEC [710804] Bolangitang Barat
2026-07-01 15:35:09 [INFO]       18 kelurahan di Bolangitang Barat
2026-07-01 15:35:09 [INFO]     KEC [710805] Kaidipang
2026-07-01 15:35:09 [INFO]       15 kelurahan di Kaidipang
2026-07-01 15:35:09 [INFO]     KEC [710806] Pinogaluman
2026-07-01 15:35:10 [INFO]       22 kelurahan di Pinogaluman
2026-07-01 15:35:10 [INFO]   KAB [7109] Kabupaten Kep. Siau Tagulandang Biaro
2026-07-01 15:35:11 [INFO]     KEC [710901] Siau Timur
2026-07-01 15:35:11 [INFO]       16 kelurahan di Siau Timur
2026-07-01 15:35:11 [INFO]     KEC [710902] Siau Barat
2026-07-01 15:35:12 [INFO]       12 kelurahan di Siau Barat
2026-07-01 15:35:12 [INFO]     KEC [710903] Tagulandang
2026-07-01 15:35:12 [INFO]       15 kelurahan di Tagulandang
2026-07-01 15:35:12 [INFO]     KEC [710904] Siau Timur Selatan
2026-07-01 15:35:13 [INFO]       14 kelurahan di Siau Timur Selatan
2026-07-01 15:35:13 [INFO]     KEC [710905] Siau Barat Selatan
2026-07-01 15:35:13 [INFO]       7 kelurahan di Siau Barat Selatan
2026-07-01 15:35:13 [INFO]     KEC [710906] Tagulandang Utara
2026-07-01 15:35:14 [INFO]       6 kelurahan di Tagulandang Utara
2026-07-01 15:35:14 [INFO]     KEC [710907] Biaro
2026-07-01 15:35:15 [INFO]       5 kelurahan di Biaro
2026-07-01 15:35:15 [INFO]     KEC [710908] Siau Barat Utara
2026-07-01 15:35:15 [INFO]       8 kelurahan di Siau Barat Utara
2026-07-01 15:35:15 [INFO]     KEC [710909] Siau Tengah
2026-07-01 15:35:16 [INFO]       4 kelurahan di Siau Tengah
2026-07-01 15:35:16 [INFO]     KEC [710910] Tagulandang Selatan
2026-07-01 15:35:16 [INFO]       6 kelurahan di Tagulandang Selatan
2026-07-01 15:35:16 [INFO]   KAB [7110] Kabupaten Bolaang Mongondow Timur
2026-07-01 15:35:17 [INFO]     KEC [711001] Tutuyan
2026-07-01 15:35:18 [INFO]       10 kelurahan di Tutuyan
2026-07-01 15:35:18 [INFO]     KEC [711002] Kotabunan
2026-07-01 15:35:18 [INFO]       15 kelurahan di Kotabunan
2026-07-01 15:35:18 [INFO]     KEC [711003] Nuangan
2026-07-01 15:35:19 [INFO]       11 kelurahan di Nuangan
2026-07-01 15:35:19 [INFO]     KEC [711004] Modayag
2026-07-01 15:35:19 [INFO]       14 kelurahan di Modayag
2026-07-01 15:35:19 [INFO]     KEC [711005] Modayag Barat
2026-07-01 15:35:20 [INFO]       10 kelurahan di Modayag Barat
2026-07-01 15:35:20 [INFO]     KEC [711006] Motongkad
2026-07-01 15:35:20 [INFO]       11 kelurahan di Motongkad
2026-07-01 15:35:20 [INFO]     KEC [711007] Mooat
2026-07-01 15:35:21 [INFO]       10 kelurahan di Mooat
2026-07-01 15:35:21 [INFO]   KAB [7111] Kabupaten Bolaang Mongondow Selatan
2026-07-01 15:35:22 [INFO]     KEC [711101] Bolaang Uki
2026-07-01 15:35:22 [INFO]       17 kelurahan di Bolaang Uki
2026-07-01 15:35:22 [INFO]     KEC [711102] Posigadan
2026-07-01 15:35:23 [INFO]       16 kelurahan di Posigadan
2026-07-01 15:35:23 [INFO]     KEC [711103] Pinolosian
2026-07-01 15:35:23 [INFO]       10 kelurahan di Pinolosian
2026-07-01 15:35:23 [INFO]     KEC [711104] Pinolosian Tengah
2026-07-01 15:35:24 [INFO]       8 kelurahan di Pinolosian Tengah
2026-07-01 15:35:24 [INFO]     KEC [711105] Pinolosian Timur
2026-07-01 15:35:25 [INFO]       12 kelurahan di Pinolosian Timur
2026-07-01 15:35:25 [INFO]     KEC [711106] Helumo
2026-07-01 15:35:25 [INFO]       11 kelurahan di Helumo
2026-07-01 15:35:25 [INFO]     KEC [711107] Tomini
2026-07-01 15:35:26 [INFO]       7 kelurahan di Tomini
2026-07-01 15:35:26 [INFO]   KAB [7171] Kota Manado
2026-07-01 15:35:26 [INFO]     KEC [717101] Bunaken
2026-07-01 15:35:27 [INFO]       5 kelurahan di Bunaken
2026-07-01 15:35:27 [INFO]     KEC [717102] Tuminting
2026-07-01 15:35:27 [INFO]       10 kelurahan di Tuminting
2026-07-01 15:35:27 [INFO]     KEC [717103] Singkil
2026-07-01 15:35:28 [INFO]       9 kelurahan di Singkil
2026-07-01 15:35:28 [INFO]     KEC [717104] Wenang
2026-07-01 15:35:29 [INFO]       12 kelurahan di Wenang
2026-07-01 15:35:29 [INFO]     KEC [717105] Tikala
2026-07-01 15:35:29 [INFO]       5 kelurahan di Tikala
2026-07-01 15:35:29 [INFO]     KEC [717106] Sario
2026-07-01 15:35:30 [INFO]       7 kelurahan di Sario
2026-07-01 15:35:30 [INFO]     KEC [717107] Wanea
2026-07-01 15:35:30 [INFO]       9 kelurahan di Wanea
2026-07-01 15:35:30 [INFO]     KEC [717108] Mapanget
2026-07-01 15:35:31 [INFO]       10 kelurahan di Mapanget
2026-07-01 15:35:31 [INFO]     KEC [717109] Malalayang
2026-07-01 15:35:32 [INFO]       9 kelurahan di Malalayang
2026-07-01 15:35:32 [INFO]     KEC [717110] Bunaken Kepulauan
2026-07-01 15:35:32 [INFO]       4 kelurahan di Bunaken Kepulauan
2026-07-01 15:35:32 [INFO]     KEC [717111] Paal Dua
2026-07-01 15:35:33 [INFO]       7 kelurahan di Paal Dua
2026-07-01 15:35:33 [INFO]   KAB [7172] Kota Bitung
2026-07-01 15:35:33 [INFO]     KEC [717201] Lembeh Selatan
2026-07-01 15:35:34 [INFO]       7 kelurahan di Lembeh Selatan
2026-07-01 15:35:34 [INFO]     KEC [717202] Madidir
2026-07-01 15:35:34 [INFO]       8 kelurahan di Madidir
2026-07-01 15:35:34 [INFO]     KEC [717203] Ranowulu
2026-07-01 15:35:35 [INFO]       11 kelurahan di Ranowulu
2026-07-01 15:35:35 [INFO]     KEC [717204] Aertembaga
2026-07-01 15:35:36 [INFO]       10 kelurahan di Aertembaga
2026-07-01 15:35:36 [INFO]     KEC [717205] Matuari
2026-07-01 15:35:36 [INFO]       8 kelurahan di Matuari
2026-07-01 15:35:36 [INFO]     KEC [717206] Girian
2026-07-01 15:35:37 [INFO]       7 kelurahan di Girian
2026-07-01 15:35:37 [INFO]     KEC [717207] Maesa
2026-07-01 15:35:37 [INFO]       8 kelurahan di Maesa
2026-07-01 15:35:37 [INFO]     KEC [717208] Lembeh Utara
2026-07-01 15:35:38 [INFO]       10 kelurahan di Lembeh Utara
2026-07-01 15:35:38 [INFO]   KAB [7173] Kota Tomohon
2026-07-01 15:35:38 [INFO]     KEC [717301] Tomohon Selatan
2026-07-01 15:35:39 [INFO]       12 kelurahan di Tomohon Selatan
2026-07-01 15:35:39 [INFO]     KEC [717302] Tomohon Tengah
2026-07-01 15:35:39 [INFO]       9 kelurahan di Tomohon Tengah
2026-07-01 15:35:39 [INFO]     KEC [717303] Tomohon Utara
2026-07-01 15:35:40 [INFO]       10 kelurahan di Tomohon Utara
2026-07-01 15:35:40 [INFO]     KEC [717304] Tomohon Barat
2026-07-01 15:35:41 [INFO]       8 kelurahan di Tomohon Barat
2026-07-01 15:35:41 [INFO]     KEC [717305] Tomohon Timur
2026-07-01 15:35:41 [INFO]       5 kelurahan di Tomohon Timur
2026-07-01 15:35:41 [INFO]   KAB [7174] Kota Kotamobagu
2026-07-01 15:35:42 [INFO]     KEC [717401] Kotamobagu Utara
2026-07-01 15:35:43 [INFO]       8 kelurahan di Kotamobagu Utara
2026-07-01 15:35:43 [INFO]     KEC [717402] Kotamobagu Timur
2026-07-01 15:35:43 [INFO]       10 kelurahan di Kotamobagu Timur
2026-07-01 15:35:43 [INFO]     KEC [717403] Kotamobagu Selatan
2026-07-01 15:35:44 [INFO]       9 kelurahan di Kotamobagu Selatan
2026-07-01 15:35:44 [INFO]     KEC [717404] Kotamobagu Barat
2026-07-01 15:35:44 [INFO]       6 kelurahan di Kotamobagu Barat
2026-07-01 15:35:44 [INFO] PROVINSI SELESAI [71] Sulawesi Utara
2026-07-01 15:35:44 [INFO] PROVINSI [72] Sulawesi Tengah
2026-07-01 15:35:45 [INFO]   KAB [7201] Kabupaten Banggai
2026-07-01 15:35:45 [INFO]     KEC [720101] Batui
2026-07-01 15:35:46 [INFO]       13 kelurahan di Batui
2026-07-01 15:35:46 [INFO]     KEC [720102] Bunta
2026-07-01 15:35:47 [INFO]       22 kelurahan di Bunta
2026-07-01 15:35:47 [INFO]     KEC [720103] Kintom
2026-07-01 15:35:47 [INFO]       14 kelurahan di Kintom
2026-07-01 15:35:47 [INFO]     KEC [720104] Luwuk
2026-07-01 15:35:48 [INFO]       10 kelurahan di Luwuk
2026-07-01 15:35:48 [INFO]     KEC [720105] Lamala
2026-07-01 15:35:48 [INFO]       12 kelurahan di Lamala
2026-07-01 15:35:48 [INFO]     KEC [720106] Balantak
2026-07-01 15:35:49 [INFO]       13 kelurahan di Balantak
2026-07-01 15:35:49 [INFO]     KEC [720107] Pagimana
2026-07-01 15:35:50 [INFO]       33 kelurahan di Pagimana
2026-07-01 15:35:50 [INFO]     KEC [720108] Bualemo
2026-07-01 15:35:50 [INFO]       20 kelurahan di Bualemo
2026-07-01 15:35:50 [INFO]     KEC [720109] Toili
2026-07-01 15:35:51 [INFO]       15 kelurahan di Toili
2026-07-01 15:35:51 [INFO]     KEC [720110] Masama
2026-07-01 15:35:51 [INFO]       14 kelurahan di Masama
2026-07-01 15:35:51 [INFO]     KEC [720111] Luwuk Timur
2026-07-01 15:35:52 [INFO]       13 kelurahan di Luwuk Timur
2026-07-01 15:35:52 [INFO]     KEC [720112] Toili Barat
2026-07-01 15:35:52 [INFO]       17 kelurahan di Toili Barat
2026-07-01 15:35:52 [INFO]     KEC [720113] Nuhon
2026-07-01 15:35:53 [INFO]       20 kelurahan di Nuhon
2026-07-01 15:35:53 [INFO]     KEC [720114] Moilong
2026-07-01 15:35:53 [INFO]       16 kelurahan di Moilong
2026-07-01 15:35:53 [INFO]     KEC [720115] Batui Selatan
2026-07-01 15:35:54 [INFO]       10 kelurahan di Batui Selatan
2026-07-01 15:35:54 [INFO]     KEC [720116] Lobu
2026-07-01 15:35:55 [INFO]       10 kelurahan di Lobu
2026-07-01 15:35:55 [INFO]     KEC [720117] Simpang Raya
2026-07-01 15:35:55 [INFO]       12 kelurahan di Simpang Raya
2026-07-01 15:35:55 [INFO]     KEC [720118] Balantak Selatan
2026-07-01 15:35:56 [INFO]       11 kelurahan di Balantak Selatan
2026-07-01 15:35:56 [INFO]     KEC [720119] Balantak Utara
2026-07-01 15:35:56 [INFO]       10 kelurahan di Balantak Utara
2026-07-01 15:35:56 [INFO]     KEC [720120] Luwuk Selatan
2026-07-01 15:35:57 [INFO]       10 kelurahan di Luwuk Selatan
2026-07-01 15:35:57 [INFO]     KEC [720121] Luwuk Utara
2026-07-01 15:35:57 [INFO]       11 kelurahan di Luwuk Utara
2026-07-01 15:35:57 [INFO]     KEC [720122] Mantoh
2026-07-01 15:35:58 [INFO]       10 kelurahan di Mantoh
2026-07-01 15:35:58 [INFO]     KEC [720123] Nambo
2026-07-01 15:35:59 [INFO]       11 kelurahan di Nambo
2026-07-01 15:35:59 [INFO]     KEC [720124] Toili Jaya
2026-07-01 15:35:59 [INFO]       10 kelurahan di Toili Jaya
2026-07-01 15:35:59 [INFO]   KAB [7202] Kabupaten Poso
2026-07-01 15:36:00 [INFO]     KEC [720201] Poso Kota
2026-07-01 15:36:00 [INFO]       7 kelurahan di Poso Kota
2026-07-01 15:36:00 [INFO]     KEC [720202] Poso Pesisir
2026-07-01 15:36:01 [INFO]       16 kelurahan di Poso Pesisir
2026-07-01 15:36:01 [INFO]     KEC [720203] Lage
2026-07-01 15:36:01 [INFO]       16 kelurahan di Lage
2026-07-01 15:36:01 [INFO]     KEC [720204] Pamona Puselemba
2026-07-01 15:36:02 [INFO]       11 kelurahan di Pamona Puselemba
2026-07-01 15:36:02 [INFO]     KEC [720205] Pamona Timur
2026-07-01 15:36:03 [INFO]       13 kelurahan di Pamona Timur
2026-07-01 15:36:03 [INFO]     KEC [720206] Pamona Selatan
2026-07-01 15:36:03 [INFO]       12 kelurahan di Pamona Selatan
2026-07-01 15:36:03 [INFO]     KEC [720207] Lore Utara
2026-07-01 15:36:04 [INFO]       7 kelurahan di Lore Utara
2026-07-01 15:36:04 [INFO]     KEC [720208] Lore Tengah
2026-07-01 15:36:04 [INFO]       8 kelurahan di Lore Tengah
2026-07-01 15:36:04 [INFO]     KEC [720209] Lore Selatan
2026-07-01 15:36:05 [INFO]       8 kelurahan di Lore Selatan
2026-07-01 15:36:05 [INFO]     KEC [720218] Poso Pesisir Utara
2026-07-01 15:36:06 [INFO]       10 kelurahan di Poso Pesisir Utara
2026-07-01 15:36:06 [INFO]     KEC [720219] Poso Pesisir Selatan
2026-07-01 15:36:06 [INFO]       9 kelurahan di Poso Pesisir Selatan
2026-07-01 15:36:06 [INFO]     KEC [720220] Pamona Barat
2026-07-01 15:36:07 [INFO]       6 kelurahan di Pamona Barat
2026-07-01 15:36:07 [INFO]     KEC [720221] Poso Kota Selatan
2026-07-01 15:36:07 [INFO]       5 kelurahan di Poso Kota Selatan
2026-07-01 15:36:07 [INFO]     KEC [720222] Poso Kota Utara
2026-07-01 15:36:08 [INFO]       7 kelurahan di Poso Kota Utara
2026-07-01 15:36:08 [INFO]     KEC [720223] Lore Barat
2026-07-01 15:36:08 [INFO]       6 kelurahan di Lore Barat
2026-07-01 15:36:08 [INFO]     KEC [720224] Lore Timur
2026-07-01 15:36:09 [INFO]       5 kelurahan di Lore Timur
2026-07-01 15:36:09 [INFO]     KEC [720225] Lore Peore
2026-07-01 15:36:09 [INFO]       5 kelurahan di Lore Peore
2026-07-01 15:36:09 [INFO]     KEC [720226] Pamona Tenggara
2026-07-01 15:36:10 [INFO]       9 kelurahan di Pamona Tenggara
2026-07-01 15:36:10 [INFO]     KEC [720227] Pamona Utara
2026-07-01 15:36:11 [INFO]       10 kelurahan di Pamona Utara
2026-07-01 15:36:11 [INFO]   KAB [7203] Kabupaten Donggala
2026-07-01 15:36:11 [INFO]     KEC [720304] Rio Pakava
2026-07-01 15:36:12 [INFO]       14 kelurahan di Rio Pakava
2026-07-01 15:36:12 [INFO]     KEC [720306] Dampelas
2026-07-01 15:36:12 [INFO]       13 kelurahan di Dampelas
2026-07-01 15:36:12 [INFO]     KEC [720308] Banawa
2026-07-01 15:36:13 [INFO]       14 kelurahan di Banawa
2026-07-01 15:36:13 [INFO]     KEC [720309] Labuan
2026-07-01 15:36:13 [INFO]       7 kelurahan di Labuan
2026-07-01 15:36:13 [INFO]     KEC [720310] Sindue
2026-07-01 15:36:14 [INFO]       13 kelurahan di Sindue
2026-07-01 15:36:14 [INFO]     KEC [720311] Sirenja
2026-07-01 15:36:15 [INFO]       13 kelurahan di Sirenja
2026-07-01 15:36:15 [INFO]     KEC [720312] Balaesang
2026-07-01 15:36:15 [INFO]       13 kelurahan di Balaesang
2026-07-01 15:36:15 [INFO]     KEC [720314] Sojol
2026-07-01 15:36:16 [INFO]       9 kelurahan di Sojol
2026-07-01 15:36:16 [INFO]     KEC [720318] Banawa Selatan
2026-07-01 15:36:16 [INFO]       19 kelurahan di Banawa Selatan
2026-07-01 15:36:16 [INFO]     KEC [720319] Tanantovea
2026-07-01 15:36:17 [INFO]       10 kelurahan di Tanantovea
2026-07-01 15:36:17 [INFO]     KEC [720321] Pinembani
2026-07-01 15:36:17 [INFO]       9 kelurahan di Pinembani
2026-07-01 15:36:17 [INFO]     KEC [720324] Sindue Tombusabora
2026-07-01 15:36:18 [INFO]       6 kelurahan di Sindue Tombusabora
2026-07-01 15:36:18 [INFO]     KEC [720325] Sindue Tobata
2026-07-01 15:36:18 [INFO]       6 kelurahan di Sindue Tobata
2026-07-01 15:36:18 [INFO]     KEC [720327] Banawa Tengah
2026-07-01 15:36:19 [INFO]       8 kelurahan di Banawa Tengah
2026-07-01 15:36:19 [INFO]     KEC [720330] Sojol Utara
2026-07-01 15:36:20 [INFO]       5 kelurahan di Sojol Utara
2026-07-01 15:36:20 [INFO]     KEC [720331] Balaesang Tanjung
2026-07-01 15:36:20 [INFO]       8 kelurahan di Balaesang Tanjung
2026-07-01 15:36:20 [INFO]   KAB [7204] Kabupaten Toli-Toli
2026-07-01 15:36:21 [INFO]     KEC [720401] Dampal Selatan
2026-07-01 15:36:21 [INFO]       13 kelurahan di Dampal Selatan
2026-07-01 15:36:21 [INFO]     KEC [720402] Dampal Utara
2026-07-01 15:36:22 [INFO]       12 kelurahan di Dampal Utara
2026-07-01 15:36:22 [INFO]     KEC [720403] Dondo
2026-07-01 15:36:23 [INFO]       16 kelurahan di Dondo
2026-07-01 15:36:23 [INFO]     KEC [720404] Basidondo
2026-07-01 15:36:23 [INFO]       10 kelurahan di Basidondo
2026-07-01 15:36:23 [INFO]     KEC [720405] Ogodeide
2026-07-01 15:36:24 [INFO]       11 kelurahan di Ogodeide
2026-07-01 15:36:24 [INFO]     KEC [720406] Lampasio
2026-07-01 15:36:24 [INFO]       9 kelurahan di Lampasio
2026-07-01 15:36:24 [INFO]     KEC [720407] Baolan
2026-07-01 15:36:25 [INFO]       10 kelurahan di Baolan
2026-07-01 15:36:25 [INFO]     KEC [720408] Galang
2026-07-01 15:36:25 [INFO]       14 kelurahan di Galang
2026-07-01 15:36:26 [INFO]     KEC [720409] Tolitoli Utara
2026-07-01 15:36:26 [INFO]       10 kelurahan di Tolitoli Utara
2026-07-01 15:36:26 [INFO]     KEC [720410] Dako Pemean
2026-07-01 15:36:27 [INFO]       4 kelurahan di Dako Pemean
2026-07-01 15:36:27 [INFO]   KAB [7205] Kabupaten Buol
2026-07-01 15:36:27 [INFO]     KEC [720501] Momunu
2026-07-01 15:36:28 [INFO]       16 kelurahan di Momunu
2026-07-01 15:36:28 [INFO]     KEC [720502] Lakea
2026-07-01 15:36:28 [INFO]       7 kelurahan di Lakea
2026-07-01 15:36:28 [INFO]     KEC [720503] Bokat
2026-07-01 15:36:29 [INFO]       15 kelurahan di Bokat
2026-07-01 15:36:29 [INFO]     KEC [720504] Bunobogu
2026-07-01 15:36:30 [INFO]       10 kelurahan di Bunobogu
2026-07-01 15:36:30 [INFO]     KEC [720505] Paleleh
2026-07-01 15:36:30 [INFO]       12 kelurahan di Paleleh
2026-07-01 15:36:30 [INFO]     KEC [720506] Biau
2026-07-01 15:36:31 [INFO]       7 kelurahan di Biau
2026-07-01 15:36:31 [INFO]     KEC [720507] Tiloan
2026-07-01 15:36:31 [INFO]       9 kelurahan di Tiloan
2026-07-01 15:36:31 [INFO]     KEC [720508] Bukal
2026-07-01 15:36:32 [INFO]       14 kelurahan di Bukal
2026-07-01 15:36:32 [INFO]     KEC [720509] Gadung
2026-07-01 15:36:32 [INFO]       11 kelurahan di Gadung
2026-07-01 15:36:32 [INFO]     KEC [720510] Karamat
2026-07-01 15:36:33 [INFO]       7 kelurahan di Karamat
2026-07-01 15:36:33 [INFO]     KEC [720511] Paleleh Barat
2026-07-01 15:36:33 [INFO]       7 kelurahan di Paleleh Barat
2026-07-01 15:36:33 [INFO]   KAB [7206] Kabupaten Morowali
2026-07-01 15:36:34 [INFO]     KEC [720605] Bungku Tengah
2026-07-01 15:36:35 [INFO]       19 kelurahan di Bungku Tengah
2026-07-01 15:36:35 [INFO]     KEC [720606] Bungku Selatan
2026-07-01 15:36:35 [INFO]       23 kelurahan di Bungku Selatan
2026-07-01 15:36:35 [INFO]     KEC [720607] Menui Kepulauan
2026-07-01 15:36:36 [INFO]       14 kelurahan di Menui Kepulauan
2026-07-01 15:36:36 [INFO]     KEC [720608] Bungku Barat
2026-07-01 15:36:36 [INFO]       10 kelurahan di Bungku Barat
2026-07-01 15:36:36 [INFO]     KEC [720609] Bumi Raya
2026-07-01 15:36:37 [INFO]       13 kelurahan di Bumi Raya
2026-07-01 15:36:37 [INFO]     KEC [720610] Bahodopi
2026-07-01 15:36:37 [INFO]       12 kelurahan di Bahodopi
2026-07-01 15:36:37 [INFO]     KEC [720612] Wita Ponda
2026-07-01 15:36:38 [INFO]       9 kelurahan di Wita Ponda
2026-07-01 15:36:38 [INFO]     KEC [720615] Bungku Pesisir
2026-07-01 15:36:39 [INFO]       10 kelurahan di Bungku Pesisir
2026-07-01 15:36:39 [INFO]     KEC [720618] Bungku Timur
2026-07-01 15:36:40 [INFO]       10 kelurahan di Bungku Timur
2026-07-01 15:36:40 [INFO]     KEC [720620] Sombori Kepulauan
2026-07-01 15:36:40 [INFO]       13 kelurahan di Sombori Kepulauan
2026-07-01 15:36:40 [INFO]   KAB [7207] Kabupaten Banggai Kepulauan
2026-07-01 15:36:41 [INFO]     KEC [720703] Totikum
2026-07-01 15:36:42 [INFO]       11 kelurahan di Totikum
2026-07-01 15:36:42 [INFO]     KEC [720704] Tinangkung
2026-07-01 15:36:43 [INFO]       11 kelurahan di Tinangkung
2026-07-01 15:36:43 [INFO]     KEC [720705] Liang
2026-07-01 15:36:44 [INFO]       16 kelurahan di Liang
2026-07-01 15:36:44 [INFO]     KEC [720706] Bulagi
2026-07-01 15:36:44 [INFO]       16 kelurahan di Bulagi
2026-07-01 15:36:44 [INFO]     KEC [720707] Buko
2026-07-01 15:36:45 [INFO]       13 kelurahan di Buko
2026-07-01 15:36:45 [INFO]     KEC [720709] Bulagi Selatan
2026-07-01 15:36:46 [INFO]       20 kelurahan di Bulagi Selatan
2026-07-01 15:36:46 [INFO]     KEC [720711] Tinangkung Selatan
2026-07-01 15:36:47 [INFO]       9 kelurahan di Tinangkung Selatan
2026-07-01 15:36:47 [INFO]     KEC [720715] Totikum Selatan
2026-07-01 15:36:48 [INFO]       8 kelurahan di Totikum Selatan
2026-07-01 15:36:48 [INFO]     KEC [720716] Peling Tengah
2026-07-01 15:36:50 [INFO]       11 kelurahan di Peling Tengah
2026-07-01 15:36:50 [INFO]     KEC [720717] Bulagi Utara
2026-07-01 15:36:50 [INFO]       12 kelurahan di Bulagi Utara
2026-07-01 15:36:50 [INFO]     KEC [720718] Buko Selatan
2026-07-01 15:36:51 [INFO]       11 kelurahan di Buko Selatan
2026-07-01 15:36:51 [INFO]     KEC [720719] Tinangkung Utara
2026-07-01 15:36:52 [INFO]       6 kelurahan di Tinangkung Utara
2026-07-01 15:36:52 [INFO]   KAB [7208] Kabupaten Parigi Moutong
2026-07-01 15:36:52 [INFO]     KEC [720801] Parigi
2026-07-01 15:36:53 [INFO]       11 kelurahan di Parigi
2026-07-01 15:36:53 [INFO]     KEC [720802] Ampibabo
2026-07-01 15:36:54 [INFO]       19 kelurahan di Ampibabo
2026-07-01 15:36:54 [INFO]     KEC [720803] Tinombo
2026-07-01 15:36:55 [INFO]       15 kelurahan di Tinombo
2026-07-01 15:36:55 [INFO]     KEC [720804] Moutong
2026-07-01 15:36:56 [INFO]       20 kelurahan di Moutong
2026-07-01 15:36:56 [INFO]     KEC [720805] Tomini
2026-07-01 15:36:57 [INFO]       14 kelurahan di Tomini
2026-07-01 15:36:57 [INFO]     KEC [720806] Sausu
2026-07-01 15:36:58 [INFO]       10 kelurahan di Sausu
2026-07-01 15:36:58 [INFO]     KEC [720807] Bolano Lambunu
2026-07-01 15:36:58 [INFO]       14 kelurahan di Bolano Lambunu
2026-07-01 15:36:58 [INFO]     KEC [720808] Kasimbar
2026-07-01 15:36:59 [INFO]       18 kelurahan di Kasimbar
2026-07-01 15:36:59 [INFO]     KEC [720809] Torue
2026-07-01 15:37:00 [INFO]       7 kelurahan di Torue
2026-07-01 15:37:00 [INFO]     KEC [720810] Tinombo Selatan
2026-07-01 15:37:00 [INFO]       20 kelurahan di Tinombo Selatan
2026-07-01 15:37:01 [INFO]     KEC [720811] Parigi Selatan
2026-07-01 15:37:01 [INFO]       10 kelurahan di Parigi Selatan
2026-07-01 15:37:01 [INFO]     KEC [720812] Mepanga
2026-07-01 15:37:02 [INFO]       18 kelurahan di Mepanga
2026-07-01 15:37:02 [INFO]     KEC [720813] Toribulu
2026-07-01 15:37:03 [INFO]       9 kelurahan di Toribulu
2026-07-01 15:37:03 [INFO]     KEC [720814] Taopa
2026-07-01 15:37:04 [INFO]       11 kelurahan di Taopa
2026-07-01 15:37:04 [INFO]     KEC [720815] Balinggi
2026-07-01 15:37:04 [INFO]       9 kelurahan di Balinggi
2026-07-01 15:37:04 [INFO]     KEC [720816] Parigi Barat
2026-07-01 15:37:05 [INFO]       6 kelurahan di Parigi Barat
2026-07-01 15:37:05 [INFO]     KEC [720817] Siniu
2026-07-01 15:37:06 [INFO]       9 kelurahan di Siniu
2026-07-01 15:37:06 [INFO]     KEC [720818] Palasa
2026-07-01 15:37:07 [INFO]       11 kelurahan di Palasa
2026-07-01 15:37:07 [INFO]     KEC [720819] Parigi Utara
2026-07-01 15:37:08 [INFO]       5 kelurahan di Parigi Utara
2026-07-01 15:37:08 [INFO]     KEC [720820] Parigi Tengah
2026-07-01 15:37:08 [INFO]       6 kelurahan di Parigi Tengah
2026-07-01 15:37:08 [INFO]     KEC [720821] Bolano
2026-07-01 15:37:09 [INFO]       13 kelurahan di Bolano
2026-07-01 15:37:09 [INFO]     KEC [720822] Ongka Malino
2026-07-01 15:37:10 [INFO]       17 kelurahan di Ongka Malino
2026-07-01 15:37:10 [INFO]     KEC [720823] Sidoan
2026-07-01 15:37:11 [INFO]       11 kelurahan di Sidoan
2026-07-01 15:37:11 [INFO]   KAB [7209] Kabupaten Tojo Una Una
2026-07-01 15:37:11 [INFO]     KEC [720901] Una Una
2026-07-01 15:37:12 [INFO]       11 kelurahan di Una Una
2026-07-01 15:37:12 [INFO]     KEC [720902] Togean
2026-07-01 15:37:13 [INFO]       16 kelurahan di Togean
2026-07-01 15:37:13 [INFO]     KEC [720903] Walea Kepulauan
2026-07-01 15:37:14 [INFO]       9 kelurahan di Walea Kepulauan
2026-07-01 15:37:14 [INFO]     KEC [720904] Ampana Tete
2026-07-01 15:37:15 [INFO]       20 kelurahan di Ampana Tete
2026-07-01 15:37:15 [INFO]     KEC [720905] Ampana Kota
2026-07-01 15:37:15 [INFO]       10 kelurahan di Ampana Kota
2026-07-01 15:37:15 [INFO]     KEC [720906] Ulubongka
2026-07-01 15:37:16 [INFO]       18 kelurahan di Ulubongka
2026-07-01 15:37:16 [INFO]     KEC [720907] Tojo Barat
2026-07-01 15:37:17 [INFO]       13 kelurahan di Tojo Barat
2026-07-01 15:37:17 [INFO]     KEC [720908] Tojo
2026-07-01 15:37:17 [INFO]       16 kelurahan di Tojo
2026-07-01 15:37:17 [INFO]     KEC [720909] Walea Besar
2026-07-01 15:37:18 [INFO]       8 kelurahan di Walea Besar
2026-07-01 15:37:18 [INFO]     KEC [720910] Ratolindo
2026-07-01 15:37:19 [INFO]       10 kelurahan di Ratolindo
2026-07-01 15:37:19 [INFO]     KEC [720911] Batudaka
2026-07-01 15:37:20 [INFO]       9 kelurahan di Batudaka
2026-07-01 15:37:20 [INFO]     KEC [720912] Talatako
2026-07-01 15:37:21 [INFO]       6 kelurahan di Talatako
2026-07-01 15:37:21 [INFO]   KAB [7210] Kabupaten Sigi
2026-07-01 15:37:21 [INFO]     KEC [721001] Sigi Biromaru
2026-07-01 15:37:22 [INFO]       17 kelurahan di Sigi Biromaru
2026-07-01 15:37:22 [INFO]     KEC [721002] Palolo
2026-07-01 15:37:23 [INFO]       22 kelurahan di Palolo
2026-07-01 15:37:23 [INFO]     KEC [721003] Nokilalaki
2026-07-01 15:37:24 [INFO]       5 kelurahan di Nokilalaki
2026-07-01 15:37:24 [INFO]     KEC [721004] Lindu
2026-07-01 15:37:25 [INFO]       5 kelurahan di Lindu
2026-07-01 15:37:25 [INFO]     KEC [721005] Kulawi
2026-07-01 15:37:25 [INFO]       16 kelurahan di Kulawi
2026-07-01 15:37:25 [INFO]     KEC [721006] Kulawi Selatan
2026-07-01 15:37:26 [INFO]       12 kelurahan di Kulawi Selatan
2026-07-01 15:37:26 [INFO]     KEC [721007] Pipikoro
2026-07-01 15:37:27 [INFO]       19 kelurahan di Pipikoro
2026-07-01 15:37:27 [INFO]     KEC [721008] Gumbasa
2026-07-01 15:37:28 [INFO]       7 kelurahan di Gumbasa
2026-07-01 15:37:28 [INFO]     KEC [721009] Dolo Selatan
2026-07-01 15:37:29 [INFO]       12 kelurahan di Dolo Selatan
2026-07-01 15:37:29 [INFO]     KEC [721010] Tanambulava
2026-07-01 15:37:30 [INFO]       5 kelurahan di Tanambulava
2026-07-01 15:37:30 [INFO]     KEC [721011] Dolo Barat
2026-07-01 15:37:30 [INFO]       12 kelurahan di Dolo Barat
2026-07-01 15:37:30 [INFO]     KEC [721012] Dolo
2026-07-01 15:37:31 [INFO]       11 kelurahan di Dolo
2026-07-01 15:37:31 [INFO]     KEC [721013] Kinovaro
2026-07-01 15:37:32 [INFO]       10 kelurahan di Kinovaro
2026-07-01 15:37:32 [INFO]     KEC [721014] Marawola
2026-07-01 15:37:32 [INFO]       11 kelurahan di Marawola
2026-07-01 15:37:33 [INFO]     KEC [721015] Marawola Barat
2026-07-01 15:37:33 [INFO]       12 kelurahan di Marawola Barat
2026-07-01 15:37:33 [INFO]   KAB [7211] Kabupaten Banggai Laut
2026-07-01 15:37:34 [INFO]     KEC [721101] Banggai
2026-07-01 15:37:35 [INFO]       10 kelurahan di Banggai
2026-07-01 15:37:35 [INFO]     KEC [721102] Banggai Utara
2026-07-01 15:37:35 [INFO]       6 kelurahan di Banggai Utara
2026-07-01 15:37:36 [INFO]     KEC [721103] Bokan Kepulauan
2026-07-01 15:37:36 [INFO]       16 kelurahan di Bokan Kepulauan
2026-07-01 15:37:36 [INFO]     KEC [721104] Bangkurung
2026-07-01 15:37:37 [INFO]       12 kelurahan di Bangkurung
2026-07-01 15:37:37 [INFO]     KEC [721105] Labobo
2026-07-01 15:37:38 [INFO]       8 kelurahan di Labobo
2026-07-01 15:37:38 [INFO]     KEC [721106] Banggai Selatan
2026-07-01 15:37:38 [INFO]       6 kelurahan di Banggai Selatan
2026-07-01 15:37:38 [INFO]     KEC [721107] Banggai Tengah
2026-07-01 15:37:39 [INFO]       8 kelurahan di Banggai Tengah
2026-07-01 15:37:39 [INFO]   KAB [7212] Kabupaten Morowali Utara
2026-07-01 15:37:39 [INFO]     KEC [721201] Petasia
2026-07-01 15:37:40 [INFO]       10 kelurahan di Petasia
2026-07-01 15:37:40 [INFO]     KEC [721202] Petasia Timur
2026-07-01 15:37:40 [INFO]       12 kelurahan di Petasia Timur
2026-07-01 15:37:40 [INFO]     KEC [721203] Lembo Raya
2026-07-01 15:37:41 [INFO]       10 kelurahan di Lembo Raya
2026-07-01 15:37:41 [INFO]     KEC [721204] Lembo
2026-07-01 15:37:41 [INFO]       14 kelurahan di Lembo
2026-07-01 15:37:41 [INFO]     KEC [721205] Mori Atas
2026-07-01 15:37:42 [INFO]       14 kelurahan di Mori Atas
2026-07-01 15:37:42 [INFO]     KEC [721206] Mori Utara
2026-07-01 15:37:43 [INFO]       8 kelurahan di Mori Utara
2026-07-01 15:37:43 [INFO]     KEC [721207] Soyo Jaya
2026-07-01 15:37:43 [INFO]       10 kelurahan di Soyo Jaya
2026-07-01 15:37:43 [INFO]     KEC [721208] Bungku Utara
2026-07-01 15:37:44 [INFO]       23 kelurahan di Bungku Utara
2026-07-01 15:37:44 [INFO]     KEC [721209] Mamosalato
2026-07-01 15:37:44 [INFO]       14 kelurahan di Mamosalato
2026-07-01 15:37:44 [INFO]     KEC [721210] Petasia Barat
2026-07-01 15:37:45 [INFO]       10 kelurahan di Petasia Barat
2026-07-01 15:37:45 [INFO]   KAB [7271] Kota Palu
2026-07-01 15:37:45 [INFO]     KEC [727101] Palu Timur
2026-07-01 15:37:46 [INFO]       5 kelurahan di Palu Timur
2026-07-01 15:37:46 [INFO]     KEC [727102] Palu Barat
2026-07-01 15:37:46 [INFO]       6 kelurahan di Palu Barat
2026-07-01 15:37:47 [INFO]     KEC [727103] Palu Selatan
2026-07-01 15:37:47 [INFO]       5 kelurahan di Palu Selatan
2026-07-01 15:37:47 [INFO]     KEC [727104] Palu Utara
2026-07-01 15:37:48 [INFO]       5 kelurahan di Palu Utara
2026-07-01 15:37:48 [INFO]     KEC [727105] Ulujadi
2026-07-01 15:37:48 [INFO]       6 kelurahan di Ulujadi
2026-07-01 15:37:48 [INFO]     KEC [727106] Tatanga
2026-07-01 15:37:49 [INFO]       6 kelurahan di Tatanga
2026-07-01 15:37:49 [INFO]     KEC [727107] Tawaeli
2026-07-01 15:37:49 [INFO]       5 kelurahan di Tawaeli
2026-07-01 15:37:49 [INFO]     KEC [727108] Mantikulore
2026-07-01 15:37:50 [INFO]       8 kelurahan di Mantikulore
2026-07-01 15:37:50 [INFO] PROVINSI SELESAI [72] Sulawesi Tengah
2026-07-01 15:37:50 [INFO] PROVINSI [73] Sulawesi Selatan
2026-07-01 15:37:50 [INFO]   KAB [7301] Kabupaten Kepulauan Selayar
2026-07-01 15:37:51 [INFO]     KEC [730101] Benteng
2026-07-01 15:37:52 [INFO]       3 kelurahan di Benteng
2026-07-01 15:37:52 [INFO]     KEC [730102] Bontoharu
2026-07-01 15:37:52 [INFO]       8 kelurahan di Bontoharu
2026-07-01 15:37:52 [INFO]     KEC [730103] Bontomatene
2026-07-01 15:37:53 [INFO]       12 kelurahan di Bontomatene
2026-07-01 15:37:53 [INFO]     KEC [730104] Bontomanai
2026-07-01 15:37:54 [INFO]       10 kelurahan di Bontomanai
2026-07-01 15:37:54 [INFO]     KEC [730105] Bontosikuyu
2026-07-01 15:37:55 [INFO]       12 kelurahan di Bontosikuyu
2026-07-01 15:37:55 [INFO]     KEC [730106] Pasimasunggu
2026-07-01 15:37:56 [INFO]       7 kelurahan di Pasimasunggu
2026-07-01 15:37:56 [INFO]     KEC [730107] Pasimarannu
2026-07-01 15:37:57 [INFO]       8 kelurahan di Pasimarannu
2026-07-01 15:37:57 [INFO]     KEC [730108] Taka Bonerate
2026-07-01 15:37:58 [INFO]       9 kelurahan di Taka Bonerate
2026-07-01 15:37:58 [INFO]     KEC [730109] Pasilambena
2026-07-01 15:37:58 [INFO]       6 kelurahan di Pasilambena
2026-07-01 15:37:58 [INFO]     KEC [730110] Pasimasunggu Timur
2026-07-01 15:37:59 [INFO]       6 kelurahan di Pasimasunggu Timur
2026-07-01 15:37:59 [INFO]     KEC [730111] Buki
2026-07-01 15:38:00 [INFO]       7 kelurahan di Buki
2026-07-01 15:38:00 [INFO]   KAB [7302] Kabupaten Bulukumba
2026-07-01 15:38:01 [INFO]     KEC [730201] Gantarang
2026-07-01 15:38:02 [INFO]       21 kelurahan di Gantarang
2026-07-01 15:38:02 [INFO]     KEC [730202] Ujung Bulu
2026-07-01 15:38:03 [INFO]       9 kelurahan di Ujung Bulu
2026-07-01 15:38:03 [INFO]     KEC [730203] Bonto Bahari
2026-07-01 15:38:04 [INFO]       8 kelurahan di Bonto Bahari
2026-07-01 15:38:04 [INFO]     KEC [730204] Bonto Tiro
2026-07-01 15:38:05 [INFO]       13 kelurahan di Bonto Tiro
2026-07-01 15:38:05 [INFO]     KEC [730205] Herlang
2026-07-01 15:38:06 [INFO]       8 kelurahan di Herlang
2026-07-01 15:38:06 [INFO]     KEC [730206] Kajang
2026-07-01 15:38:07 [INFO]       19 kelurahan di Kajang
2026-07-01 15:38:07 [INFO]     KEC [730207] Bulukumpa
2026-07-01 15:38:08 [INFO]       17 kelurahan di Bulukumpa
2026-07-01 15:38:08 [INFO]     KEC [730208] Kindang
2026-07-01 15:38:08 [INFO]       13 kelurahan di Kindang
2026-07-01 15:38:08 [INFO]     KEC [730209] Ujungloe
2026-07-01 15:38:09 [INFO]       13 kelurahan di Ujungloe
2026-07-01 15:38:09 [INFO]     KEC [730210] Rilauale
2026-07-01 15:38:09 [INFO]       15 kelurahan di Rilauale
2026-07-01 15:38:09 [INFO]   KAB [7303] Kabupaten Bantaeng
2026-07-01 15:38:10 [INFO]     KEC [730301] Bissappu
2026-07-01 15:38:11 [INFO]       11 kelurahan di Bissappu
2026-07-01 15:38:11 [INFO]     KEC [730302] Bantaeng
2026-07-01 15:38:13 [INFO]       9 kelurahan di Bantaeng
2026-07-01 15:38:13 [INFO]     KEC [730303] Eremerasa
2026-07-01 15:38:13 [INFO]       9 kelurahan di Eremerasa
2026-07-01 15:38:13 [INFO]     KEC [730304] Tompo Bulu
2026-07-01 15:38:14 [INFO]       10 kelurahan di Tompo Bulu
2026-07-01 15:38:14 [INFO]     KEC [730305] Pajukukang
2026-07-01 15:38:15 [INFO]       10 kelurahan di Pajukukang
2026-07-01 15:38:15 [INFO]     KEC [730306] Uluere
2026-07-01 15:38:15 [INFO]       6 kelurahan di Uluere
2026-07-01 15:38:15 [INFO]     KEC [730307] Gantarang Keke
2026-07-01 15:38:16 [INFO]       6 kelurahan di Gantarang Keke
2026-07-01 15:38:16 [INFO]     KEC [730308] Sinoa
2026-07-01 15:38:17 [INFO]       6 kelurahan di Sinoa
2026-07-01 15:38:17 [INFO]   KAB [7304] Kabupaten Jeneponto
2026-07-01 15:38:18 [INFO]     KEC [730401] Bangkala
2026-07-01 15:38:19 [INFO]       14 kelurahan di Bangkala
2026-07-01 15:38:19 [INFO]     KEC [730402] Tamalatea
2026-07-01 15:38:20 [INFO]       12 kelurahan di Tamalatea
2026-07-01 15:38:20 [INFO]     KEC [730403] Binamu
2026-07-01 15:38:21 [INFO]       13 kelurahan di Binamu
2026-07-01 15:38:21 [INFO]     KEC [730404] Batang
2026-07-01 15:38:21 [INFO]       6 kelurahan di Batang
2026-07-01 15:38:21 [INFO]     KEC [730405] Kelara
2026-07-01 15:38:22 [INFO]       10 kelurahan di Kelara
2026-07-01 15:38:22 [INFO]     KEC [730406] Bangkala Barat
2026-07-01 15:38:23 [INFO]       8 kelurahan di Bangkala Barat
2026-07-01 15:38:23 [INFO]     KEC [730407] Bontoramba
2026-07-01 15:38:24 [INFO]       12 kelurahan di Bontoramba
2026-07-01 15:38:24 [INFO]     KEC [730408] Turatea
2026-07-01 15:38:25 [INFO]       11 kelurahan di Turatea
2026-07-01 15:38:25 [INFO]     KEC [730409] Arungkeke
2026-07-01 15:38:26 [INFO]       7 kelurahan di Arungkeke
2026-07-01 15:38:26 [INFO]     KEC [730410] Rumbia
2026-07-01 15:38:26 [INFO]       12 kelurahan di Rumbia
2026-07-01 15:38:26 [INFO]     KEC [730411] Tarowang
2026-07-01 15:38:27 [INFO]       8 kelurahan di Tarowang
2026-07-01 15:38:27 [INFO]   KAB [7305] Kabupaten Takalar
2026-07-01 15:38:28 [INFO]     KEC [730501] Mappakasunggu
2026-07-01 15:38:29 [INFO]       4 kelurahan di Mappakasunggu
2026-07-01 15:38:29 [INFO]     KEC [730502] Mangarabombang
2026-07-01 15:38:29 [INFO]       6 kelurahan di Mangarabombang
2026-07-01 15:38:29 [INFO]     KEC [730503] Polongbangkeng Selatan
2026-07-01 15:38:30 [INFO]       11 kelurahan di Polongbangkeng Selatan
2026-07-01 15:38:30 [INFO]     KEC [730504] Polongbangkeng Utara
2026-07-01 15:38:31 [INFO]       10 kelurahan di Polongbangkeng Utara
2026-07-01 15:38:31 [INFO]     KEC [730505] Galesong Selatan
2026-07-01 15:38:32 [INFO]       13 kelurahan di Galesong Selatan
2026-07-01 15:38:32 [INFO]     KEC [730506] Galesong Utara
2026-07-01 15:38:32 [INFO]       14 kelurahan di Galesong Utara
2026-07-01 15:38:32 [INFO]     KEC [730507] Pattallassang
2026-07-01 15:38:33 [INFO]       9 kelurahan di Pattallassang
2026-07-01 15:38:33 [INFO]     KEC [730508] Sanrobone
2026-07-01 15:38:33 [INFO]       6 kelurahan di Sanrobone
2026-07-01 15:38:33 [INFO]     KEC [730509] Galesong
2026-07-01 15:38:34 [INFO]       17 kelurahan di Galesong
2026-07-01 15:38:34 [INFO]     KEC [730510] Kepulauan Tanakeke
2026-07-01 15:38:35 [INFO]       6 kelurahan di Kepulauan Tanakeke
2026-07-01 15:38:35 [INFO]     KEC [730511] Polongbangkeng Timur
2026-07-01 15:38:35 [INFO]       8 kelurahan di Polongbangkeng Timur
2026-07-01 15:38:35 [INFO]     KEC [730512] Laikang
2026-07-01 15:38:36 [INFO]       6 kelurahan di Laikang
2026-07-01 15:38:36 [INFO]   KAB [7306] Kabupaten Gowa
2026-07-01 15:38:36 [INFO]     KEC [730601] Bontonompo
2026-07-01 15:38:37 [INFO]       14 kelurahan di Bontonompo
2026-07-01 15:38:37 [INFO]     KEC [730602] Bajeng
2026-07-01 15:38:37 [INFO]       14 kelurahan di Bajeng
2026-07-01 15:38:37 [INFO]     KEC [730603] Tompobulu
2026-07-01 15:38:38 [INFO]       8 kelurahan di Tompobulu
2026-07-01 15:38:38 [INFO]     KEC [730604] Tinggimoncong
2026-07-01 15:38:39 [INFO]       7 kelurahan di Tinggimoncong
2026-07-01 15:38:39 [INFO]     KEC [730605] Parangloe
2026-07-01 15:38:39 [INFO]       7 kelurahan di Parangloe
2026-07-01 15:38:39 [INFO]     KEC [730606] Bontomarannu
2026-07-01 15:38:40 [INFO]       9 kelurahan di Bontomarannu
2026-07-01 15:38:40 [INFO]     KEC [730607] Pallangga
2026-07-01 15:38:40 [INFO]       16 kelurahan di Pallangga
2026-07-01 15:38:40 [INFO]     KEC [730608] Somba Opu
2026-07-01 15:38:41 [INFO]       14 kelurahan di Somba Opu
2026-07-01 15:38:41 [INFO]     KEC [730609] Bungaya
2026-07-01 15:38:41 [INFO]       7 kelurahan di Bungaya
2026-07-01 15:38:41 [INFO]     KEC [730610] Tombolopao
2026-07-01 15:38:42 [INFO]       9 kelurahan di Tombolopao
2026-07-01 15:38:42 [INFO]     KEC [730611] Biringbulu
2026-07-01 15:38:43 [INFO]       11 kelurahan di Biringbulu
2026-07-01 15:38:43 [INFO]     KEC [730612] Barombong
2026-07-01 15:38:43 [INFO]       7 kelurahan di Barombong
2026-07-01 15:38:43 [INFO]     KEC [730613] Pattallasang
2026-07-01 15:38:44 [INFO]       8 kelurahan di Pattallasang
2026-07-01 15:38:44 [INFO]     KEC [730614] Manuju
2026-07-01 15:38:44 [INFO]       7 kelurahan di Manuju
2026-07-01 15:38:44 [INFO]     KEC [730615] Bontolempangang
2026-07-01 15:38:45 [INFO]       8 kelurahan di Bontolempangang
2026-07-01 15:38:45 [INFO]     KEC [730616] Bontonompo Selatan
2026-07-01 15:38:45 [INFO]       9 kelurahan di Bontonompo Selatan
2026-07-01 15:38:45 [INFO]     KEC [730617] Parigi
2026-07-01 15:38:46 [INFO]       5 kelurahan di Parigi
2026-07-01 15:38:46 [INFO]     KEC [730618] Bajeng Barat
2026-07-01 15:38:47 [INFO]       7 kelurahan di Bajeng Barat
2026-07-01 15:38:47 [INFO]   KAB [7307] Kabupaten Sinjai
2026-07-01 15:38:47 [INFO]     KEC [730701] Sinjai Barat
2026-07-01 15:38:48 [INFO]       9 kelurahan di Sinjai Barat
2026-07-01 15:38:48 [INFO]     KEC [730702] Sinjai  Selatan
2026-07-01 15:38:48 [INFO]       11 kelurahan di Sinjai  Selatan
2026-07-01 15:38:48 [INFO]     KEC [730703] Sinjai Timur
2026-07-01 15:38:49 [INFO]       13 kelurahan di Sinjai Timur
2026-07-01 15:38:49 [INFO]     KEC [730704] Sinjai Tengah
2026-07-01 15:38:49 [INFO]       11 kelurahan di Sinjai Tengah
2026-07-01 15:38:49 [INFO]     KEC [730705] Sinjai Utara
2026-07-01 15:38:50 [INFO]       6 kelurahan di Sinjai Utara
2026-07-01 15:38:50 [INFO]     KEC [730706] Bulupoddo
2026-07-01 15:38:51 [INFO]       7 kelurahan di Bulupoddo
2026-07-01 15:38:51 [INFO]     KEC [730707] Sinjai Borong
2026-07-01 15:38:51 [INFO]       8 kelurahan di Sinjai Borong
2026-07-01 15:38:51 [INFO]     KEC [730708] Tellu Limpoe
2026-07-01 15:38:52 [INFO]       11 kelurahan di Tellu Limpoe
2026-07-01 15:38:52 [INFO]     KEC [730709] Pulau Sembilan
2026-07-01 15:38:52 [INFO]       4 kelurahan di Pulau Sembilan
2026-07-01 15:38:52 [INFO]   KAB [7308] Kabupaten Bone
2026-07-01 15:38:53 [INFO]     KEC [730801] Bontocani
2026-07-01 15:38:53 [INFO]       11 kelurahan di Bontocani
2026-07-01 15:38:53 [INFO]     KEC [730802] Kahu
2026-07-01 15:38:54 [INFO]       20 kelurahan di Kahu
2026-07-01 15:38:54 [INFO]     KEC [730803] Kajuara
2026-07-01 15:38:55 [INFO]       18 kelurahan di Kajuara
2026-07-01 15:38:55 [INFO]     KEC [730804] Salomekko
2026-07-01 15:38:55 [INFO]       8 kelurahan di Salomekko
2026-07-01 15:38:55 [INFO]     KEC [730805] Tonra
2026-07-01 15:38:56 [INFO]       11 kelurahan di Tonra
2026-07-01 15:38:56 [INFO]     KEC [730806] Libureng
2026-07-01 15:38:56 [INFO]       20 kelurahan di Libureng
2026-07-01 15:38:56 [INFO]     KEC [730807] Mare
2026-07-01 15:38:57 [INFO]       18 kelurahan di Mare
2026-07-01 15:38:57 [INFO]     KEC [730808] Sibulue
2026-07-01 15:38:57 [INFO]       20 kelurahan di Sibulue
2026-07-01 15:38:57 [INFO]     KEC [730809] Barebbo
2026-07-01 15:38:58 [INFO]       18 kelurahan di Barebbo
2026-07-01 15:38:58 [INFO]     KEC [730810] Cina
2026-07-01 15:38:59 [INFO]       12 kelurahan di Cina
2026-07-01 15:38:59 [INFO]     KEC [730811] Ponre
2026-07-01 15:38:59 [INFO]       9 kelurahan di Ponre
2026-07-01 15:38:59 [INFO]     KEC [730812] Lappariaja
2026-07-01 15:39:00 [INFO]       9 kelurahan di Lappariaja
2026-07-01 15:39:00 [INFO]     KEC [730813] Lamuru
2026-07-01 15:39:00 [INFO]       12 kelurahan di Lamuru
2026-07-01 15:39:00 [INFO]     KEC [730814] Ulaweng
2026-07-01 15:39:01 [INFO]       15 kelurahan di Ulaweng
2026-07-01 15:39:01 [INFO]     KEC [730815] Palakka
2026-07-01 15:39:01 [INFO]       15 kelurahan di Palakka
2026-07-01 15:39:01 [INFO]     KEC [730816] Awangpone
2026-07-01 15:39:02 [INFO]       18 kelurahan di Awangpone
2026-07-01 15:39:02 [INFO]     KEC [730817] Tellu Siattinge
2026-07-01 15:39:03 [INFO]       17 kelurahan di Tellu Siattinge
2026-07-01 15:39:03 [INFO]     KEC [730818] Ajangale
2026-07-01 15:39:03 [INFO]       14 kelurahan di Ajangale
2026-07-01 15:39:03 [INFO]     KEC [730819] Dua Boccoe
2026-07-01 15:39:04 [INFO]       22 kelurahan di Dua Boccoe
2026-07-01 15:39:04 [INFO]     KEC [730820] Cenrana
2026-07-01 15:39:04 [INFO]       16 kelurahan di Cenrana
2026-07-01 15:39:04 [INFO]     KEC [730821] Tanete Riattang
2026-07-01 15:39:05 [INFO]       8 kelurahan di Tanete Riattang
2026-07-01 15:39:05 [INFO]     KEC [730822] Tanete Riattang Barat
2026-07-01 15:39:05 [INFO]       8 kelurahan di Tanete Riattang Barat
2026-07-01 15:39:05 [INFO]     KEC [730823] Tanete Riattang Timur
2026-07-01 15:39:06 [INFO]       8 kelurahan di Tanete Riattang Timur
2026-07-01 15:39:06 [INFO]     KEC [730824] Amali
2026-07-01 15:39:07 [INFO]       15 kelurahan di Amali
2026-07-01 15:39:07 [INFO]     KEC [730825] Tellulimpoe
2026-07-01 15:39:07 [INFO]       11 kelurahan di Tellulimpoe
2026-07-01 15:39:07 [INFO]     KEC [730826] Bengo
2026-07-01 15:39:08 [INFO]       9 kelurahan di Bengo
2026-07-01 15:39:08 [INFO]     KEC [730827] Patimpeng
2026-07-01 15:39:08 [INFO]       10 kelurahan di Patimpeng
2026-07-01 15:39:08 [INFO]   KAB [7309] Kabupaten Maros
2026-07-01 15:39:09 [INFO]     KEC [730901] Mandai
2026-07-01 15:39:09 [INFO]       6 kelurahan di Mandai
2026-07-01 15:39:09 [INFO]     KEC [730902] Camba
2026-07-01 15:39:10 [INFO]       8 kelurahan di Camba
2026-07-01 15:39:10 [INFO]     KEC [730903] Bantimurung
2026-07-01 15:39:11 [INFO]       8 kelurahan di Bantimurung
2026-07-01 15:39:11 [INFO]     KEC [730904] Maros Baru
2026-07-01 15:39:11 [INFO]       7 kelurahan di Maros Baru
2026-07-01 15:39:11 [INFO]     KEC [730905] Bontoa
2026-07-01 15:39:12 [INFO]       9 kelurahan di Bontoa
2026-07-01 15:39:12 [INFO]     KEC [730906] Malllawa
2026-07-01 15:39:12 [INFO]       11 kelurahan di Malllawa
2026-07-01 15:39:12 [INFO]     KEC [730907] Tanralili
2026-07-01 15:39:13 [INFO]       8 kelurahan di Tanralili
2026-07-01 15:39:13 [INFO]     KEC [730908] Marusu
2026-07-01 15:39:13 [INFO]       7 kelurahan di Marusu
2026-07-01 15:39:13 [INFO]     KEC [730909] Simbang
2026-07-01 15:39:14 [INFO]       6 kelurahan di Simbang
2026-07-01 15:39:14 [INFO]     KEC [730910] Cenrana
2026-07-01 15:39:14 [INFO]       7 kelurahan di Cenrana
2026-07-01 15:39:14 [INFO]     KEC [730911] Tompobulu
2026-07-01 15:39:15 [INFO]       8 kelurahan di Tompobulu
2026-07-01 15:39:15 [INFO]     KEC [730912] Lau
2026-07-01 15:39:16 [INFO]       6 kelurahan di Lau
2026-07-01 15:39:16 [INFO]     KEC [730913] Moncongloe
2026-07-01 15:39:16 [INFO]       5 kelurahan di Moncongloe
2026-07-01 15:39:16 [INFO]     KEC [730914] Turikale
2026-07-01 15:39:17 [INFO]       7 kelurahan di Turikale
2026-07-01 15:39:17 [INFO]   KAB [7310] Kabupaten Pangkajene dan Kepulauan
2026-07-01 15:39:17 [INFO]     KEC [731001] Liukang Tangaya
2026-07-01 15:39:18 [INFO]       9 kelurahan di Liukang Tangaya
2026-07-01 15:39:18 [INFO]     KEC [731002] Liukang Kalmas
2026-07-01 15:39:18 [INFO]       7 kelurahan di Liukang Kalmas
2026-07-01 15:39:18 [INFO]     KEC [731003] Liukang Tupabbiring
2026-07-01 15:39:19 [INFO]       9 kelurahan di Liukang Tupabbiring
2026-07-01 15:39:19 [INFO]     KEC [731004] Pangkajene
2026-07-01 15:39:20 [INFO]       9 kelurahan di Pangkajene
2026-07-01 15:39:20 [INFO]     KEC [731005] Balocci
2026-07-01 15:39:20 [INFO]       5 kelurahan di Balocci
2026-07-01 15:39:20 [INFO]     KEC [731006] Bungoro
2026-07-01 15:39:21 [INFO]       8 kelurahan di Bungoro
2026-07-01 15:39:21 [INFO]     KEC [731007] Labakkang
2026-07-01 15:39:21 [INFO]       13 kelurahan di Labakkang
2026-07-01 15:39:21 [INFO]     KEC [731008] Marang
2026-07-01 15:39:22 [INFO]       10 kelurahan di Marang
2026-07-01 15:39:22 [INFO]     KEC [731009] Segeri
2026-07-01 15:39:23 [INFO]       6 kelurahan di Segeri
2026-07-01 15:39:23 [INFO]     KEC [731010] Minasate'ne
2026-07-01 15:39:23 [INFO]       8 kelurahan di Minasate'ne
2026-07-01 15:39:23 [INFO]     KEC [731011] Mandalle
2026-07-01 15:39:24 [INFO]       6 kelurahan di Mandalle
2026-07-01 15:39:24 [INFO]     KEC [731012] Tondong Tallasa
2026-07-01 15:39:24 [INFO]       6 kelurahan di Tondong Tallasa
2026-07-01 15:39:24 [INFO]     KEC [731013] Liukang Tupabbiring Utara
2026-07-01 15:39:25 [INFO]       7 kelurahan di Liukang Tupabbiring Utara
2026-07-01 15:39:25 [INFO]   KAB [7311] Kabupaten Barru
2026-07-01 15:39:25 [INFO]     KEC [731101] Tanete Riaja
2026-07-01 15:39:26 [INFO]       7 kelurahan di Tanete Riaja
2026-07-01 15:39:26 [INFO]     KEC [731102] Tanete Rilau
2026-07-01 15:39:27 [INFO]       10 kelurahan di Tanete Rilau
2026-07-01 15:39:27 [INFO]     KEC [731103] Barru
2026-07-01 15:39:27 [INFO]       10 kelurahan di Barru
2026-07-01 15:39:27 [INFO]     KEC [731104] Soppeng Riaja
2026-07-01 15:39:28 [INFO]       7 kelurahan di Soppeng Riaja
2026-07-01 15:39:28 [INFO]     KEC [731105] Mallusetasi
2026-07-01 15:39:28 [INFO]       8 kelurahan di Mallusetasi
2026-07-01 15:39:28 [INFO]     KEC [731106] Pujananting
2026-07-01 15:39:29 [INFO]       7 kelurahan di Pujananting
2026-07-01 15:39:29 [INFO]     KEC [731107] Balusu
2026-07-01 15:39:29 [INFO]       6 kelurahan di Balusu
2026-07-01 15:39:29 [INFO]   KAB [7312] Kabupaten Soppeng
2026-07-01 15:39:30 [INFO]     KEC [731201] Marioriwawo
2026-07-01 15:39:30 [INFO]       13 kelurahan di Marioriwawo
2026-07-01 15:39:30 [INFO]     KEC [731202] Liliriaja
2026-07-01 15:39:31 [INFO]       8 kelurahan di Liliriaja
2026-07-01 15:39:31 [INFO]     KEC [731203] Lilirilau
2026-07-01 15:39:32 [INFO]       12 kelurahan di Lilirilau
2026-07-01 15:39:32 [INFO]     KEC [731204] Lalabata
2026-07-01 15:39:32 [INFO]       10 kelurahan di Lalabata
2026-07-01 15:39:32 [INFO]     KEC [731205] Marioriawa
2026-07-01 15:39:33 [INFO]       10 kelurahan di Marioriawa
2026-07-01 15:39:33 [INFO]     KEC [731206] Donri-Donri
2026-07-01 15:39:33 [INFO]       9 kelurahan di Donri-Donri
2026-07-01 15:39:33 [INFO]     KEC [731207] Ganra
2026-07-01 15:39:34 [INFO]       4 kelurahan di Ganra
2026-07-01 15:39:34 [INFO]     KEC [731208] Citta
2026-07-01 15:39:34 [INFO]       4 kelurahan di Citta
2026-07-01 15:39:34 [INFO]   KAB [7313] Kabupaten Wajo
2026-07-01 15:39:35 [INFO]     KEC [731301] Sabangparu
2026-07-01 15:39:36 [INFO]       15 kelurahan di Sabangparu
2026-07-01 15:39:36 [INFO]     KEC [731302] Pammana
2026-07-01 15:39:36 [INFO]       16 kelurahan di Pammana
2026-07-01 15:39:36 [INFO]     KEC [731303] Takkalalla
2026-07-01 15:39:37 [INFO]       13 kelurahan di Takkalalla
2026-07-01 15:39:37 [INFO]     KEC [731304] Sajoanging
2026-07-01 15:39:37 [INFO]       9 kelurahan di Sajoanging
2026-07-01 15:39:37 [INFO]     KEC [731305] Majauleng
2026-07-01 15:39:38 [INFO]       18 kelurahan di Majauleng
2026-07-01 15:39:38 [INFO]     KEC [731306] Tempe
2026-07-01 15:39:38 [INFO]       16 kelurahan di Tempe
2026-07-01 15:39:38 [INFO]     KEC [731307] Belawa
2026-07-01 15:39:39 [INFO]       9 kelurahan di Belawa
2026-07-01 15:39:39 [INFO]     KEC [731308] Tanasitolo
2026-07-01 15:39:39 [INFO]       19 kelurahan di Tanasitolo
2026-07-01 15:39:39 [INFO]     KEC [731309] Maniangpajo
2026-07-01 15:39:40 [INFO]       8 kelurahan di Maniangpajo
2026-07-01 15:39:40 [INFO]     KEC [731310] Pitumpanua
2026-07-01 15:39:41 [INFO]       27 kelurahan di Pitumpanua
2026-07-01 15:39:41 [INFO]     KEC [731311] Bola
2026-07-01 15:39:41 [INFO]       11 kelurahan di Bola
2026-07-01 15:39:41 [INFO]     KEC [731312] Penrang
2026-07-01 15:39:42 [INFO]       10 kelurahan di Penrang
2026-07-01 15:39:42 [INFO]     KEC [731313] Gilireng
2026-07-01 15:39:42 [INFO]       9 kelurahan di Gilireng
2026-07-01 15:39:42 [INFO]     KEC [731314] Keera
2026-07-01 15:39:43 [INFO]       10 kelurahan di Keera
2026-07-01 15:39:43 [INFO]   KAB [7314] Kabupaten Sidenreng Rappang
2026-07-01 15:39:43 [INFO]     KEC [731401] Panca Lautang
2026-07-01 15:39:44 [INFO]       10 kelurahan di Panca Lautang
2026-07-01 15:39:44 [INFO]     KEC [731402] Tellu Limpoe
2026-07-01 15:39:44 [INFO]       9 kelurahan di Tellu Limpoe
2026-07-01 15:39:44 [INFO]     KEC [731403] Watang Pulu
2026-07-01 15:39:45 [INFO]       10 kelurahan di Watang Pulu
2026-07-01 15:39:45 [INFO]     KEC [731404] Baranti
2026-07-01 15:39:46 [INFO]       9 kelurahan di Baranti
2026-07-01 15:39:46 [INFO]     KEC [731405] Panca Rijang
2026-07-01 15:39:46 [INFO]       8 kelurahan di Panca Rijang
2026-07-01 15:39:46 [INFO]     KEC [731406] Kulo
2026-07-01 15:39:47 [INFO]       6 kelurahan di Kulo
2026-07-01 15:39:47 [INFO]     KEC [731407] Maritengngae
2026-07-01 15:39:48 [INFO]       12 kelurahan di Maritengngae
2026-07-01 15:39:48 [INFO]     KEC [731408] Watang Sidenreng
2026-07-01 15:39:48 [INFO]       8 kelurahan di Watang Sidenreng
2026-07-01 15:39:48 [INFO]     KEC [731409] Dua Pitue
2026-07-01 15:39:49 [INFO]       10 kelurahan di Dua Pitue
2026-07-01 15:39:49 [INFO]     KEC [731410] Pitu Riawa
2026-07-01 15:39:49 [INFO]       12 kelurahan di Pitu Riawa
2026-07-01 15:39:49 [INFO]     KEC [731411] Pitu Riase
2026-07-01 15:39:50 [INFO]       12 kelurahan di Pitu Riase
2026-07-01 15:39:50 [INFO]   KAB [7315] Kabupaten Pinrang
2026-07-01 15:39:51 [INFO]     KEC [731501] Mattiro Sompe
2026-07-01 15:39:51 [INFO]       9 kelurahan di Mattiro Sompe
2026-07-01 15:39:51 [INFO]     KEC [731502] Suppa
2026-07-01 15:39:52 [INFO]       10 kelurahan di Suppa
2026-07-01 15:39:52 [INFO]     KEC [731503] Mattiro Bulu
2026-07-01 15:39:52 [INFO]       9 kelurahan di Mattiro Bulu
2026-07-01 15:39:52 [INFO]     KEC [731504] Watang Sawitto
2026-07-01 15:39:53 [INFO]       8 kelurahan di Watang Sawitto
2026-07-01 15:39:53 [INFO]     KEC [731505] Patampanua
2026-07-01 15:39:53 [INFO]       11 kelurahan di Patampanua
2026-07-01 15:39:53 [INFO]     KEC [731506] Duampanua
2026-07-01 15:39:54 [INFO]       15 kelurahan di Duampanua
2026-07-01 15:39:54 [INFO]     KEC [731507] Lembang
2026-07-01 15:39:55 [INFO]       16 kelurahan di Lembang
2026-07-01 15:39:55 [INFO]     KEC [731508] Cempa
2026-07-01 15:39:55 [INFO]       7 kelurahan di Cempa
2026-07-01 15:39:55 [INFO]     KEC [731509] Tiroang
2026-07-01 15:39:56 [INFO]       6 kelurahan di Tiroang
2026-07-01 15:39:56 [INFO]     KEC [731510] Lanrisang
2026-07-01 15:39:56 [INFO]       7 kelurahan di Lanrisang
2026-07-01 15:39:56 [INFO]     KEC [731511] Paleteang
2026-07-01 15:39:57 [INFO]       6 kelurahan di Paleteang
2026-07-01 15:39:57 [INFO]     KEC [731512] Batulappa
2026-07-01 15:39:57 [INFO]       5 kelurahan di Batulappa
2026-07-01 15:39:57 [INFO]   KAB [7316] Kabupaten Enrekang
2026-07-01 15:39:58 [INFO]     KEC [731601] Maiwa
2026-07-01 15:39:59 [INFO]       22 kelurahan di Maiwa
2026-07-01 15:39:59 [INFO]     KEC [731602] Enrekang
2026-07-01 15:39:59 [INFO]       18 kelurahan di Enrekang
2026-07-01 15:39:59 [INFO]     KEC [731603] Baraka
2026-07-01 15:40:00 [INFO]       15 kelurahan di Baraka
2026-07-01 15:40:00 [INFO]     KEC [731604] Anggeraja
2026-07-01 15:40:00 [INFO]       15 kelurahan di Anggeraja
2026-07-01 15:40:00 [INFO]     KEC [731605] Alla
2026-07-01 15:40:01 [INFO]       8 kelurahan di Alla
2026-07-01 15:40:01 [INFO]     KEC [731606] Bungin
2026-07-01 15:40:02 [INFO]       6 kelurahan di Bungin
2026-07-01 15:40:02 [INFO]     KEC [731607] Cendana
2026-07-01 15:40:02 [INFO]       7 kelurahan di Cendana
2026-07-01 15:40:02 [INFO]     KEC [731608] Curio
2026-07-01 15:40:03 [INFO]       11 kelurahan di Curio
2026-07-01 15:40:03 [INFO]     KEC [731609] Malua
2026-07-01 15:40:03 [INFO]       8 kelurahan di Malua
2026-07-01 15:40:03 [INFO]     KEC [731610] Buntu Batu
2026-07-01 15:40:04 [INFO]       8 kelurahan di Buntu Batu
2026-07-01 15:40:04 [INFO]     KEC [731611] Masalle
2026-07-01 15:40:04 [INFO]       6 kelurahan di Masalle
2026-07-01 15:40:04 [INFO]     KEC [731612] Baroko
2026-07-01 15:40:05 [INFO]       5 kelurahan di Baroko
2026-07-01 15:40:05 [INFO]   KAB [7317] Kabupaten Luwu
2026-07-01 15:40:06 [INFO]     KEC [731701] Basse Sangtempe
2026-07-01 15:40:06 [INFO]       12 kelurahan di Basse Sangtempe
2026-07-01 15:40:06 [INFO]     KEC [731702] Larompong
2026-07-01 15:40:07 [INFO]       13 kelurahan di Larompong
2026-07-01 15:40:07 [INFO]     KEC [731703] Suli
2026-07-01 15:40:07 [INFO]       13 kelurahan di Suli
2026-07-01 15:40:07 [INFO]     KEC [731704] Bajo
2026-07-01 15:40:08 [INFO]       12 kelurahan di Bajo
2026-07-01 15:40:08 [INFO]     KEC [731705] Bua Ponrang
2026-07-01 15:40:08 [INFO]       10 kelurahan di Bua Ponrang
2026-07-01 15:40:08 [INFO]     KEC [731706] Walenrang
2026-07-01 15:40:09 [INFO]       9 kelurahan di Walenrang
2026-07-01 15:40:09 [INFO]     KEC [731707] Belopa
2026-07-01 15:40:10 [INFO]       9 kelurahan di Belopa
2026-07-01 15:40:10 [INFO]     KEC [731708] Bua
2026-07-01 15:40:10 [INFO]       15 kelurahan di Bua
2026-07-01 15:40:10 [INFO]     KEC [731709] Lamasi
2026-07-01 15:40:11 [INFO]       10 kelurahan di Lamasi
2026-07-01 15:40:11 [INFO]     KEC [731710] Larompong Selatan
2026-07-01 15:40:11 [INFO]       10 kelurahan di Larompong Selatan
2026-07-01 15:40:11 [INFO]     KEC [731711] Ponrang
2026-07-01 15:40:12 [INFO]       10 kelurahan di Ponrang
2026-07-01 15:40:12 [INFO]     KEC [731712] Latimojong
2026-07-01 15:40:12 [INFO]       12 kelurahan di Latimojong
2026-07-01 15:40:12 [INFO]     KEC [731713] Kamanre
2026-07-01 15:40:13 [INFO]       8 kelurahan di Kamanre
2026-07-01 15:40:13 [INFO]     KEC [731714] Belopa Utara
2026-07-01 15:40:14 [INFO]       8 kelurahan di Belopa Utara
2026-07-01 15:40:14 [INFO]     KEC [731715] Walenrang Barat
2026-07-01 15:40:14 [INFO]       6 kelurahan di Walenrang Barat
2026-07-01 15:40:14 [INFO]     KEC [731716] Walenrang Utara
2026-07-01 15:40:15 [INFO]       11 kelurahan di Walenrang Utara
2026-07-01 15:40:15 [INFO]     KEC [731717] Walenrang Timur
2026-07-01 15:40:15 [INFO]       8 kelurahan di Walenrang Timur
2026-07-01 15:40:15 [INFO]     KEC [731718] Lamasi Timur
2026-07-01 15:40:16 [INFO]       9 kelurahan di Lamasi Timur
2026-07-01 15:40:16 [INFO]     KEC [731719] Suli Barat
2026-07-01 15:40:17 [INFO]       8 kelurahan di Suli Barat
2026-07-01 15:40:17 [INFO]     KEC [731720] Bajo Barat
2026-07-01 15:40:17 [INFO]       9 kelurahan di Bajo Barat
2026-07-01 15:40:17 [INFO]     KEC [731721] Ponrang Selatan
2026-07-01 15:40:18 [INFO]       13 kelurahan di Ponrang Selatan
2026-07-01 15:40:18 [INFO]     KEC [731722] Basse Sangtempe Utara
2026-07-01 15:40:18 [INFO]       12 kelurahan di Basse Sangtempe Utara
2026-07-01 15:40:18 [INFO]   KAB [7318] Kabupaten Tana Toraja
2026-07-01 15:40:19 [INFO]     KEC [731801] Salupputti
2026-07-01 15:40:19 [INFO]       9 kelurahan di Salupputti
2026-07-01 15:40:19 [INFO]     KEC [731802] Bittuang
2026-07-01 15:40:20 [INFO]       15 kelurahan di Bittuang
2026-07-01 15:40:20 [INFO]     KEC [731803] Bonggakaradeng
2026-07-01 15:40:21 [INFO]       6 kelurahan di Bonggakaradeng
2026-07-01 15:40:21 [INFO]     KEC [731805] Makale
2026-07-01 15:40:21 [INFO]       15 kelurahan di Makale
2026-07-01 15:40:21 [INFO]     KEC [731809] Simbuang
2026-07-01 15:40:22 [INFO]       6 kelurahan di Simbuang
2026-07-01 15:40:22 [INFO]     KEC [731811] Rantetayo
2026-07-01 15:40:22 [INFO]       6 kelurahan di Rantetayo
2026-07-01 15:40:22 [INFO]     KEC [731812] Mengkendek
2026-07-01 15:40:23 [INFO]       17 kelurahan di Mengkendek
2026-07-01 15:40:23 [INFO]     KEC [731813] Sangalla'
2026-07-01 15:40:24 [INFO]       5 kelurahan di Sangalla'
2026-07-01 15:40:24 [INFO]     KEC [731819] Gandangbatu Sillanan
2026-07-01 15:40:24 [INFO]       12 kelurahan di Gandangbatu Sillanan
2026-07-01 15:40:24 [INFO]     KEC [731820] Rembon
2026-07-01 15:40:25 [INFO]       13 kelurahan di Rembon
2026-07-01 15:40:25 [INFO]     KEC [731827] Makale Utara
2026-07-01 15:40:25 [INFO]       5 kelurahan di Makale Utara
2026-07-01 15:40:25 [INFO]     KEC [731828] Mappak
2026-07-01 15:40:26 [INFO]       6 kelurahan di Mappak
2026-07-01 15:40:26 [INFO]     KEC [731829] Makale Selatan
2026-07-01 15:40:26 [INFO]       8 kelurahan di Makale Selatan
2026-07-01 15:40:26 [INFO]     KEC [731831] Masanda
2026-07-01 15:40:27 [INFO]       8 kelurahan di Masanda
2026-07-01 15:40:27 [INFO]     KEC [731833] Sangalla' Selatan
2026-07-01 15:40:28 [INFO]       5 kelurahan di Sangalla' Selatan
2026-07-01 15:40:28 [INFO]     KEC [731834] Sangalla' Utara
2026-07-01 15:40:28 [INFO]       6 kelurahan di Sangalla' Utara
2026-07-01 15:40:28 [INFO]     KEC [731835] Malimbong Balepe'
2026-07-01 15:40:29 [INFO]       6 kelurahan di Malimbong Balepe'
2026-07-01 15:40:29 [INFO]     KEC [731837] Rano
2026-07-01 15:40:29 [INFO]       5 kelurahan di Rano
2026-07-01 15:40:29 [INFO]     KEC [731838] Kurra
2026-07-01 15:40:30 [INFO]       6 kelurahan di Kurra
2026-07-01 15:40:30 [INFO]   KAB [7322] Kabupaten Luwu Utara
2026-07-01 15:40:30 [INFO]     KEC [732201] Malangke
2026-07-01 15:40:31 [INFO]       14 kelurahan di Malangke
2026-07-01 15:40:31 [INFO]     KEC [732202] Bone Bone
2026-07-01 15:40:31 [INFO]       11 kelurahan di Bone Bone
2026-07-01 15:40:31 [INFO]     KEC [732203] Masamba
2026-07-01 15:40:32 [INFO]       19 kelurahan di Masamba
2026-07-01 15:40:32 [INFO]     KEC [732204] Sabbang
2026-07-01 15:40:33 [INFO]       10 kelurahan di Sabbang
2026-07-01 15:40:33 [INFO]     KEC [732205] Rongkong
2026-07-01 15:40:33 [INFO]       7 kelurahan di Rongkong
2026-07-01 15:40:33 [INFO]     KEC [732206] Sukamaju
2026-07-01 15:40:34 [INFO]       14 kelurahan di Sukamaju
2026-07-01 15:40:34 [INFO]     KEC [732207] Seko
2026-07-01 15:40:34 [INFO]       12 kelurahan di Seko
2026-07-01 15:40:34 [INFO]     KEC [732208] Malangke Barat
2026-07-01 15:40:35 [INFO]       13 kelurahan di Malangke Barat
2026-07-01 15:40:35 [INFO]     KEC [732209] Rampi
2026-07-01 15:40:36 [INFO]       6 kelurahan di Rampi
2026-07-01 15:40:36 [INFO]     KEC [732210] Mappedeceng
2026-07-01 15:40:36 [INFO]       15 kelurahan di Mappedeceng
2026-07-01 15:40:36 [INFO]     KEC [732211] Baebunta
2026-07-01 15:40:37 [INFO]       11 kelurahan di Baebunta
2026-07-01 15:40:37 [INFO]     KEC [732212] Tana Lili
2026-07-01 15:40:37 [INFO]       10 kelurahan di Tana Lili
2026-07-01 15:40:37 [INFO]     KEC [732213] Sukamaju Selatan
2026-07-01 15:40:38 [INFO]       11 kelurahan di Sukamaju Selatan
2026-07-01 15:40:38 [INFO]     KEC [732214] Baebunta Selatan
2026-07-01 15:40:39 [INFO]       10 kelurahan di Baebunta Selatan
2026-07-01 15:40:39 [INFO]     KEC [732215] Sabbang Selatan
2026-07-01 15:40:39 [INFO]       10 kelurahan di Sabbang Selatan
2026-07-01 15:40:39 [INFO]   KAB [7324] Kabupaten Luwu Timur
2026-07-01 15:40:40 [INFO]     KEC [732401] Mangkutana
2026-07-01 15:40:40 [INFO]       11 kelurahan di Mangkutana
2026-07-01 15:40:40 [INFO]     KEC [732402] Nuha
2026-07-01 15:40:41 [INFO]       5 kelurahan di Nuha
2026-07-01 15:40:41 [INFO]     KEC [732403] Towuti
2026-07-01 15:40:42 [INFO]       18 kelurahan di Towuti
2026-07-01 15:40:42 [INFO]     KEC [732404] Malili
2026-07-01 15:40:42 [INFO]       15 kelurahan di Malili
2026-07-01 15:40:42 [INFO]     KEC [732405] Angkona
2026-07-01 15:40:43 [INFO]       10 kelurahan di Angkona
2026-07-01 15:40:43 [INFO]     KEC [732406] Wotu
2026-07-01 15:40:43 [INFO]       17 kelurahan di Wotu
2026-07-01 15:40:43 [INFO]     KEC [732407] Burau
2026-07-01 15:40:44 [INFO]       18 kelurahan di Burau
2026-07-01 15:40:44 [INFO]     KEC [732408] Tomoni
2026-07-01 15:40:45 [INFO]       13 kelurahan di Tomoni
2026-07-01 15:40:45 [INFO]     KEC [732409] Tomoni Timur
2026-07-01 15:40:45 [INFO]       8 kelurahan di Tomoni Timur
2026-07-01 15:40:45 [INFO]     KEC [732410] Kalaena
2026-07-01 15:40:46 [INFO]       7 kelurahan di Kalaena
2026-07-01 15:40:46 [INFO]     KEC [732411] Wasuponda
2026-07-01 15:40:46 [INFO]       6 kelurahan di Wasuponda
2026-07-01 15:40:46 [INFO]   KAB [7326] Kabupaten Toraja Utara
2026-07-01 15:40:47 [INFO]     KEC [732601] Rantepao
2026-07-01 15:40:47 [INFO]       11 kelurahan di Rantepao
2026-07-01 15:40:47 [INFO]     KEC [732602] Sesean
2026-07-01 15:40:48 [INFO]       9 kelurahan di Sesean
2026-07-01 15:40:48 [INFO]     KEC [732603] Nanggala
2026-07-01 15:40:48 [INFO]       9 kelurahan di Nanggala
2026-07-01 15:40:48 [INFO]     KEC [732604] Rindingallo
2026-07-01 15:40:49 [INFO]       9 kelurahan di Rindingallo
2026-07-01 15:40:49 [INFO]     KEC [732605] Buntao
2026-07-01 15:40:50 [INFO]       6 kelurahan di Buntao
2026-07-01 15:40:50 [INFO]     KEC [732606] Sa'dan
2026-07-01 15:40:50 [INFO]       10 kelurahan di Sa'dan
2026-07-01 15:40:50 [INFO]     KEC [732607] Sanggalangi
2026-07-01 15:40:51 [INFO]       6 kelurahan di Sanggalangi
2026-07-01 15:40:51 [INFO]     KEC [732608] Sopai
2026-07-01 15:40:51 [INFO]       8 kelurahan di Sopai
2026-07-01 15:40:51 [INFO]     KEC [732609] Tikala
2026-07-01 15:40:52 [INFO]       7 kelurahan di Tikala
2026-07-01 15:40:52 [INFO]     KEC [732610] Balusu
2026-07-01 15:40:52 [INFO]       7 kelurahan di Balusu
2026-07-01 15:40:52 [INFO]     KEC [732611] Tallunglipu
2026-07-01 15:40:53 [INFO]       7 kelurahan di Tallunglipu
2026-07-01 15:40:53 [INFO]     KEC [732612] Dende' Piongan Napo
2026-07-01 15:40:54 [INFO]       8 kelurahan di Dende' Piongan Napo
2026-07-01 15:40:54 [INFO]     KEC [732613] Buntu Pepasan
2026-07-01 15:40:54 [INFO]       13 kelurahan di Buntu Pepasan
2026-07-01 15:40:54 [INFO]     KEC [732614] Baruppu
2026-07-01 15:40:55 [INFO]       4 kelurahan di Baruppu
2026-07-01 15:40:55 [INFO]     KEC [732615] Kesu
2026-07-01 15:40:55 [INFO]       7 kelurahan di Kesu
2026-07-01 15:40:55 [INFO]     KEC [732616] Tondon
2026-07-01 15:40:56 [INFO]       4 kelurahan di Tondon
2026-07-01 15:40:56 [INFO]     KEC [732617] Bangkelekila
2026-07-01 15:40:56 [INFO]       4 kelurahan di Bangkelekila
2026-07-01 15:40:56 [INFO]     KEC [732618] Rantebua
2026-07-01 15:40:57 [INFO]       7 kelurahan di Rantebua
2026-07-01 15:40:57 [INFO]     KEC [732619] Sesean Suloara
2026-07-01 15:40:58 [INFO]       5 kelurahan di Sesean Suloara
2026-07-01 15:40:58 [INFO]     KEC [732620] Kapala Pitu
2026-07-01 15:40:58 [INFO]       6 kelurahan di Kapala Pitu
2026-07-01 15:40:58 [INFO]     KEC [732621] Awan Rante Karua
2026-07-01 15:40:59 [INFO]       4 kelurahan di Awan Rante Karua
2026-07-01 15:40:59 [INFO]   KAB [7371] Kota Makassar
2026-07-01 15:40:59 [INFO]     KEC [737101] Mariso
2026-07-01 15:41:00 [INFO]       9 kelurahan di Mariso
2026-07-01 15:41:00 [INFO]     KEC [737102] Mamajang
2026-07-01 15:41:00 [INFO]       13 kelurahan di Mamajang
2026-07-01 15:41:00 [INFO]     KEC [737103] Makassar
2026-07-01 15:41:01 [INFO]       14 kelurahan di Makassar
2026-07-01 15:41:01 [INFO]     KEC [737104] Ujung Pandang
2026-07-01 15:41:02 [INFO]       10 kelurahan di Ujung Pandang
2026-07-01 15:41:02 [INFO]     KEC [737105] Wajo
2026-07-01 15:41:02 [INFO]       8 kelurahan di Wajo
2026-07-01 15:41:02 [INFO]     KEC [737106] Bontoala
2026-07-01 15:41:03 [INFO]       12 kelurahan di Bontoala
2026-07-01 15:41:03 [INFO]     KEC [737107] Tallo
2026-07-01 15:41:03 [INFO]       15 kelurahan di Tallo
2026-07-01 15:41:03 [INFO]     KEC [737108] Ujung Tanah
2026-07-01 15:41:04 [INFO]       9 kelurahan di Ujung Tanah
2026-07-01 15:41:04 [INFO]     KEC [737109] Panakkukang
2026-07-01 15:41:05 [INFO]       11 kelurahan di Panakkukang
2026-07-01 15:41:05 [INFO]     KEC [737110] Tamalate
2026-07-01 15:41:05 [INFO]       11 kelurahan di Tamalate
2026-07-01 15:41:05 [INFO]     KEC [737111] Biringkanaya
2026-07-01 15:41:06 [INFO]       11 kelurahan di Biringkanaya
2026-07-01 15:41:06 [INFO]     KEC [737112] Manggala
2026-07-01 15:41:06 [INFO]       8 kelurahan di Manggala
2026-07-01 15:41:06 [INFO]     KEC [737113] Rappocini
2026-07-01 15:41:07 [INFO]       11 kelurahan di Rappocini
2026-07-01 15:41:07 [INFO]     KEC [737114] Tamalanrea
2026-07-01 15:41:08 [INFO]       8 kelurahan di Tamalanrea
2026-07-01 15:41:08 [INFO]     KEC [737115] Kepulauan Sangkarrang
2026-07-01 15:41:08 [INFO]       3 kelurahan di Kepulauan Sangkarrang
2026-07-01 15:41:08 [INFO]   KAB [7372] Kota Parepare
2026-07-01 15:41:09 [INFO]     KEC [737201] Bacukiki
2026-07-01 15:41:09 [INFO]       4 kelurahan di Bacukiki
2026-07-01 15:41:09 [INFO]     KEC [737202] Ujung
2026-07-01 15:41:10 [INFO]       5 kelurahan di Ujung
2026-07-01 15:41:10 [INFO]     KEC [737203] Soreang
2026-07-01 15:41:11 [INFO]       7 kelurahan di Soreang
2026-07-01 15:41:11 [INFO]     KEC [737204] Bacukiki Barat
2026-07-01 15:41:11 [INFO]       6 kelurahan di Bacukiki Barat
2026-07-01 15:41:11 [INFO]   KAB [7373] Kota Palopo
2026-07-01 15:41:12 [INFO]     KEC [737301] Wara
2026-07-01 15:41:12 [INFO]       6 kelurahan di Wara
2026-07-01 15:41:12 [INFO]     KEC [737302] Wara Utara
2026-07-01 15:41:13 [INFO]       6 kelurahan di Wara Utara
2026-07-01 15:41:13 [INFO]     KEC [737303] Wara Selatan
2026-07-01 15:41:13 [INFO]       4 kelurahan di Wara Selatan
2026-07-01 15:41:13 [INFO]     KEC [737304] Telluwanua
2026-07-01 15:41:14 [INFO]       7 kelurahan di Telluwanua
2026-07-01 15:41:14 [INFO]     KEC [737305] Wara Timur
2026-07-01 15:41:15 [INFO]       7 kelurahan di Wara Timur
2026-07-01 15:41:15 [INFO]     KEC [737306] Wara Barat
2026-07-01 15:41:15 [INFO]       5 kelurahan di Wara Barat
2026-07-01 15:41:15 [INFO]     KEC [737307] Sendana
2026-07-01 15:41:16 [INFO]       4 kelurahan di Sendana
2026-07-01 15:41:16 [INFO]     KEC [737308] Mungkajang
2026-07-01 15:41:16 [INFO]       4 kelurahan di Mungkajang
2026-07-01 15:41:16 [INFO]     KEC [737309] Bara
2026-07-01 15:41:17 [INFO]       5 kelurahan di Bara
2026-07-01 15:41:17 [INFO] PROVINSI SELESAI [73] Sulawesi Selatan
2026-07-01 15:41:17 [INFO] PROVINSI [74] Sulawesi Tenggara
2026-07-01 15:41:18 [INFO]   KAB [7401] Kabupaten Kolaka
2026-07-01 15:41:18 [INFO]     KEC [740101] Wundulako
2026-07-01 15:41:19 [INFO]       11 kelurahan di Wundulako
2026-07-01 15:41:19 [INFO]     KEC [740104] Kolaka
2026-07-01 15:41:19 [INFO]       7 kelurahan di Kolaka
2026-07-01 15:41:19 [INFO]     KEC [740107] Pomalaa
2026-07-01 15:41:20 [INFO]       12 kelurahan di Pomalaa
2026-07-01 15:41:20 [INFO]     KEC [740108] Watubangga
2026-07-01 15:41:20 [INFO]       14 kelurahan di Watubangga
2026-07-01 15:41:20 [INFO]     KEC [740110] Wolo
2026-07-01 15:41:21 [INFO]       14 kelurahan di Wolo
2026-07-01 15:41:21 [INFO]     KEC [740112] Baula
2026-07-01 15:41:21 [INFO]       10 kelurahan di Baula
2026-07-01 15:41:21 [INFO]     KEC [740114] Latambaga
2026-07-01 15:41:22 [INFO]       7 kelurahan di Latambaga
2026-07-01 15:41:22 [INFO]     KEC [740118] Tanggetada
2026-07-01 15:41:23 [INFO]       14 kelurahan di Tanggetada
2026-07-01 15:41:23 [INFO]     KEC [740120] Samaturu
2026-07-01 15:41:23 [INFO]       19 kelurahan di Samaturu
2026-07-01 15:41:23 [INFO]     KEC [740124] Toari
2026-07-01 15:41:24 [INFO]       10 kelurahan di Toari
2026-07-01 15:41:24 [INFO]     KEC [740125] Polinggona
2026-07-01 15:41:24 [INFO]       7 kelurahan di Polinggona
2026-07-01 15:41:24 [INFO]     KEC [740127] Iwoimendaa
2026-07-01 15:41:25 [INFO]       10 kelurahan di Iwoimendaa
2026-07-01 15:41:25 [INFO]   KAB [7402] Kabupaten Konawe
2026-07-01 15:41:26 [INFO]     KEC [740201] Lambuya
2026-07-01 15:41:26 [INFO]       10 kelurahan di Lambuya
2026-07-01 15:41:26 [INFO]     KEC [740202] Unaaha
2026-07-01 15:41:27 [INFO]       12 kelurahan di Unaaha
2026-07-01 15:41:27 [INFO]     KEC [740203] Wawotobi
2026-07-01 15:41:27 [INFO]       19 kelurahan di Wawotobi
2026-07-01 15:41:27 [INFO]     KEC [740204] Pondidaha
2026-07-01 15:41:28 [INFO]       18 kelurahan di Pondidaha
2026-07-01 15:41:28 [INFO]     KEC [740205] Sampara
2026-07-01 15:41:28 [INFO]       15 kelurahan di Sampara
2026-07-01 15:41:28 [INFO]     KEC [740210] Abuki
2026-07-01 15:41:29 [INFO]       12 kelurahan di Abuki
2026-07-01 15:41:29 [INFO]     KEC [740211] Soropia
2026-07-01 15:41:30 [INFO]       15 kelurahan di Soropia
2026-07-01 15:41:30 [INFO]     KEC [740215] Tongauna
2026-07-01 15:41:30 [INFO]       10 kelurahan di Tongauna
2026-07-01 15:41:30 [INFO]     KEC [740216] Latoma
2026-07-01 15:41:31 [INFO]       11 kelurahan di Latoma
2026-07-01 15:41:31 [INFO]     KEC [740217] Puriala
2026-07-01 15:41:31 [INFO]       16 kelurahan di Puriala
2026-07-01 15:41:31 [INFO]     KEC [740218] Uepai
2026-07-01 15:41:32 [INFO]       18 kelurahan di Uepai
2026-07-01 15:41:32 [INFO]     KEC [740219] Wonggeduku
2026-07-01 15:41:32 [INFO]       16 kelurahan di Wonggeduku
2026-07-01 15:41:32 [INFO]     KEC [740220] Besulutu
2026-07-01 15:41:33 [INFO]       16 kelurahan di Besulutu
2026-07-01 15:41:33 [INFO]     KEC [740221] Bondoala
2026-07-01 15:41:34 [INFO]       9 kelurahan di Bondoala
2026-07-01 15:41:34 [INFO]     KEC [740223] Routa
2026-07-01 15:41:34 [INFO]       7 kelurahan di Routa
2026-07-01 15:41:34 [INFO]     KEC [740224] Anggaberi
2026-07-01 15:41:35 [INFO]       8 kelurahan di Anggaberi
2026-07-01 15:41:35 [INFO]     KEC [740225] Meluhu
2026-07-01 15:41:35 [INFO]       9 kelurahan di Meluhu
2026-07-01 15:41:35 [INFO]     KEC [740228] Amonggedo
2026-07-01 15:41:36 [INFO]       15 kelurahan di Amonggedo
2026-07-01 15:41:36 [INFO]     KEC [740231] Asinua
2026-07-01 15:41:36 [INFO]       8 kelurahan di Asinua
2026-07-01 15:41:36 [INFO]     KEC [740232] Konawe
2026-07-01 15:41:37 [INFO]       12 kelurahan di Konawe
2026-07-01 15:41:37 [INFO]     KEC [740233] Kapoiala
2026-07-01 15:41:38 [INFO]       14 kelurahan di Kapoiala
2026-07-01 15:41:38 [INFO]     KEC [740236] Lalonggasumeeto
2026-07-01 15:41:38 [INFO]       11 kelurahan di Lalonggasumeeto
2026-07-01 15:41:38 [INFO]     KEC [740237] Onembute
2026-07-01 15:41:39 [INFO]       12 kelurahan di Onembute
2026-07-01 15:41:39 [INFO]     KEC [740238] Padangguni
2026-07-01 15:41:40 [INFO]       11 kelurahan di Padangguni
2026-07-01 15:41:40 [INFO]     KEC [740239] Morosi
2026-07-01 15:41:40 [INFO]       10 kelurahan di Morosi
2026-07-01 15:41:40 [INFO]     KEC [740240] Anggalomoare
2026-07-01 15:41:41 [INFO]       10 kelurahan di Anggalomoare
2026-07-01 15:41:41 [INFO]     KEC [740241] Wonggeduku Barat
2026-07-01 15:41:41 [INFO]       14 kelurahan di Wonggeduku Barat
2026-07-01 15:41:41 [INFO]     KEC [740242] Tongauna Utara
2026-07-01 15:41:42 [INFO]       10 kelurahan di Tongauna Utara
2026-07-01 15:41:42 [INFO]   KAB [7403] Kabupaten Muna
2026-07-01 15:41:43 [INFO]     KEC [740306] Napabalano
2026-07-01 15:41:43 [INFO]       6 kelurahan di Napabalano
2026-07-01 15:41:43 [INFO]     KEC [740307] Maligano
2026-07-01 15:41:44 [INFO]       6 kelurahan di Maligano
2026-07-01 15:41:44 [INFO]     KEC [740313] Wakorumba Selatan
2026-07-01 15:41:44 [INFO]       5 kelurahan di Wakorumba Selatan
2026-07-01 15:41:44 [INFO]     KEC [740314] Lasalepa
2026-07-01 15:41:45 [INFO]       7 kelurahan di Lasalepa
2026-07-01 15:41:45 [INFO]     KEC [740315] Batalaiworu
2026-07-01 15:41:45 [INFO]       4 kelurahan di Batalaiworu
2026-07-01 15:41:45 [INFO]     KEC [740316] Katobu
2026-07-01 15:41:46 [INFO]       8 kelurahan di Katobu
2026-07-01 15:41:46 [INFO]     KEC [740317] Duruka
2026-07-01 15:41:46 [INFO]       7 kelurahan di Duruka
2026-07-01 15:41:46 [INFO]     KEC [740318] Lohia
2026-07-01 15:41:47 [INFO]       9 kelurahan di Lohia
2026-07-01 15:41:47 [INFO]     KEC [740319] Watopute
2026-07-01 15:41:48 [INFO]       8 kelurahan di Watopute
2026-07-01 15:41:48 [INFO]     KEC [740320] Kontunaga
2026-07-01 15:41:48 [INFO]       6 kelurahan di Kontunaga
2026-07-01 15:41:48 [INFO]     KEC [740323] Kabangka
2026-07-01 15:41:49 [INFO]       9 kelurahan di Kabangka
2026-07-01 15:41:49 [INFO]     KEC [740324] Kabawo
2026-07-01 15:41:49 [INFO]       11 kelurahan di Kabawo
2026-07-01 15:41:49 [INFO]     KEC [740325] Parigi
2026-07-01 15:41:50 [INFO]       11 kelurahan di Parigi
2026-07-01 15:41:50 [INFO]     KEC [740326] Bone
2026-07-01 15:41:51 [INFO]       5 kelurahan di Bone
2026-07-01 15:41:51 [INFO]     KEC [740327] Tongkuno
2026-07-01 15:41:51 [INFO]       12 kelurahan di Tongkuno
2026-07-01 15:41:51 [INFO]     KEC [740328] Pasir Putih
2026-07-01 15:41:52 [INFO]       6 kelurahan di Pasir Putih
2026-07-01 15:41:52 [INFO]     KEC [740330] Kontu Kowuna
2026-07-01 15:41:52 [INFO]       6 kelurahan di Kontu Kowuna
2026-07-01 15:41:52 [INFO]     KEC [740331] Marobo
2026-07-01 15:41:53 [INFO]       5 kelurahan di Marobo
2026-07-01 15:41:53 [INFO]     KEC [740332] Tongkuno Selatan
2026-07-01 15:41:53 [INFO]       6 kelurahan di Tongkuno Selatan
2026-07-01 15:41:53 [INFO]     KEC [740333] Pasi Kolaga
2026-07-01 15:41:54 [INFO]       4 kelurahan di Pasi Kolaga
2026-07-01 15:41:54 [INFO]     KEC [740334] Batukara
2026-07-01 15:41:54 [INFO]       4 kelurahan di Batukara
2026-07-01 15:41:54 [INFO]     KEC [740337] Towea
2026-07-01 15:41:55 [INFO]       5 kelurahan di Towea
2026-07-01 15:41:55 [INFO]   KAB [7404] Kabupaten Buton
2026-07-01 15:41:56 [INFO]     KEC [740411] Pasarwajo
2026-07-01 15:41:56 [INFO]       22 kelurahan di Pasarwajo
2026-07-01 15:41:56 [INFO]     KEC [740422] Kapontori
2026-07-01 15:41:57 [INFO]       17 kelurahan di Kapontori
2026-07-01 15:41:57 [INFO]     KEC [740423] Lasalimu
2026-07-01 15:41:57 [INFO]       15 kelurahan di Lasalimu
2026-07-01 15:41:57 [INFO]     KEC [740424] Lasalimu Selatan
2026-07-01 15:41:58 [INFO]       16 kelurahan di Lasalimu Selatan
2026-07-01 15:41:58 [INFO]     KEC [740427] Siotapina
2026-07-01 15:41:59 [INFO]       11 kelurahan di Siotapina
2026-07-01 15:41:59 [INFO]     KEC [740428] Wolowa
2026-07-01 15:41:59 [INFO]       7 kelurahan di Wolowa
2026-07-01 15:41:59 [INFO]     KEC [740429] Wabula
2026-07-01 15:42:00 [INFO]       7 kelurahan di Wabula
2026-07-01 15:42:00 [INFO]   KAB [7405] Kabupaten Konawe Selatan
2026-07-01 15:42:00 [INFO]     KEC [740501] Tinanggea
2026-07-01 15:42:01 [INFO]       24 kelurahan di Tinanggea
2026-07-01 15:42:01 [INFO]     KEC [740502] Angata
2026-07-01 15:42:01 [INFO]       24 kelurahan di Angata
2026-07-01 15:42:01 [INFO]     KEC [740503] Andoolo
2026-07-01 15:42:02 [INFO]       10 kelurahan di Andoolo
2026-07-01 15:42:02 [INFO]     KEC [740504] Palangga
2026-07-01 15:42:02 [INFO]       15 kelurahan di Palangga
2026-07-01 15:42:02 [INFO]     KEC [740505] Landono
2026-07-01 15:42:03 [INFO]       12 kelurahan di Landono
2026-07-01 15:42:03 [INFO]     KEC [740506] Lainea
2026-07-01 15:42:04 [INFO]       12 kelurahan di Lainea
2026-07-01 15:42:04 [INFO]     KEC [740507] Konda
2026-07-01 15:42:04 [INFO]       17 kelurahan di Konda
2026-07-01 15:42:04 [INFO]     KEC [740508] Ranomeeto
2026-07-01 15:42:05 [INFO]       12 kelurahan di Ranomeeto
2026-07-01 15:42:05 [INFO]     KEC [740509] Kolono
2026-07-01 15:42:05 [INFO]       21 kelurahan di Kolono
2026-07-01 15:42:05 [INFO]     KEC [740510] Moramo
2026-07-01 15:42:06 [INFO]       20 kelurahan di Moramo
2026-07-01 15:42:06 [INFO]     KEC [740511] Laonti
2026-07-01 15:42:07 [INFO]       19 kelurahan di Laonti
2026-07-01 15:42:07 [INFO]     KEC [740512] Lalembuu
2026-07-01 15:42:07 [INFO]       18 kelurahan di Lalembuu
2026-07-01 15:42:07 [INFO]     KEC [740513] Benua
2026-07-01 15:42:08 [INFO]       12 kelurahan di Benua
2026-07-01 15:42:08 [INFO]     KEC [740514] Palangga Selatan
2026-07-01 15:42:08 [INFO]       10 kelurahan di Palangga Selatan
2026-07-01 15:42:08 [INFO]     KEC [740515] Mowila
2026-07-01 15:42:09 [INFO]       20 kelurahan di Mowila
2026-07-01 15:42:09 [INFO]     KEC [740516] Moramo Utara
2026-07-01 15:42:09 [INFO]       10 kelurahan di Moramo Utara
2026-07-01 15:42:09 [INFO]     KEC [740517] Buke
2026-07-01 15:42:10 [INFO]       16 kelurahan di Buke
2026-07-01 15:42:10 [INFO]     KEC [740518] Wolasi
2026-07-01 15:42:10 [INFO]       7 kelurahan di Wolasi
2026-07-01 15:42:10 [INFO]     KEC [740519] Laeya
2026-07-01 15:42:11 [INFO]       17 kelurahan di Laeya
2026-07-01 15:42:11 [INFO]     KEC [740520] Baito
2026-07-01 15:42:12 [INFO]       8 kelurahan di Baito
2026-07-01 15:42:12 [INFO]     KEC [740521] Basala
2026-07-01 15:42:12 [INFO]       9 kelurahan di Basala
2026-07-01 15:42:12 [INFO]     KEC [740522] Ranomeeto Barat
2026-07-01 15:42:13 [INFO]       9 kelurahan di Ranomeeto Barat
2026-07-01 15:42:13 [INFO]     KEC [740523] Kolono Timur
2026-07-01 15:42:13 [INFO]       10 kelurahan di Kolono Timur
2026-07-01 15:42:13 [INFO]     KEC [740524] Sabulakoa
2026-07-01 15:42:14 [INFO]       9 kelurahan di Sabulakoa
2026-07-01 15:42:14 [INFO]     KEC [740525] Andoolo Barat
2026-07-01 15:42:14 [INFO]       10 kelurahan di Andoolo Barat
2026-07-01 15:42:14 [INFO]   KAB [7406] Kabupaten Bombana
2026-07-01 15:42:15 [INFO]     KEC [740601] Poleang
2026-07-01 15:42:15 [INFO]       10 kelurahan di Poleang
2026-07-01 15:42:16 [INFO]     KEC [740602] Poleang Timur
2026-07-01 15:42:17 [INFO]       5 kelurahan di Poleang Timur
2026-07-01 15:42:17 [INFO]     KEC [740603] Rarowatu
2026-07-01 15:42:17 [INFO]       9 kelurahan di Rarowatu
2026-07-01 15:42:17 [INFO]     KEC [740604] Rumbia
2026-07-01 15:42:18 [INFO]       5 kelurahan di Rumbia
2026-07-01 15:42:18 [INFO]     KEC [740605] Kabaena
2026-07-01 15:42:18 [INFO]       4 kelurahan di Kabaena
2026-07-01 15:42:18 [INFO]     KEC [740606] Kabaena Timur
2026-07-01 15:42:19 [INFO]       7 kelurahan di Kabaena Timur
2026-07-01 15:42:19 [INFO]     KEC [740607] Poleang Barat
2026-07-01 15:42:19 [INFO]       11 kelurahan di Poleang Barat
2026-07-01 15:42:19 [INFO]     KEC [740608] Mata Oleo
2026-07-01 15:42:20 [INFO]       11 kelurahan di Mata Oleo
2026-07-01 15:42:20 [INFO]     KEC [740609] Rarowatu Utara
2026-07-01 15:42:21 [INFO]       8 kelurahan di Rarowatu Utara
2026-07-01 15:42:21 [INFO]     KEC [740610] Poleang Utara
2026-07-01 15:42:21 [INFO]       8 kelurahan di Poleang Utara
2026-07-01 15:42:21 [INFO]     KEC [740611] Poleang Selatan
2026-07-01 15:42:22 [INFO]       5 kelurahan di Poleang Selatan
2026-07-01 15:42:22 [INFO]     KEC [740612] Poleang Tenggara
2026-07-01 15:42:23 [INFO]       5 kelurahan di Poleang Tenggara
2026-07-01 15:42:23 [INFO]     KEC [740613] Kabaena Selatan
2026-07-01 15:42:23 [INFO]       4 kelurahan di Kabaena Selatan
2026-07-01 15:42:23 [INFO]     KEC [740614] Kabaena Barat
2026-07-01 15:42:24 [INFO]       5 kelurahan di Kabaena Barat
2026-07-01 15:42:24 [INFO]     KEC [740615] Kabaena Utara
2026-07-01 15:42:24 [INFO]       6 kelurahan di Kabaena Utara
2026-07-01 15:42:24 [INFO]     KEC [740616] Kabaena Tengah
2026-07-01 15:42:25 [INFO]       7 kelurahan di Kabaena Tengah
2026-07-01 15:42:25 [INFO]     KEC [740617] Kep. Masaloka Raya
2026-07-01 15:42:25 [INFO]       5 kelurahan di Kep. Masaloka Raya
2026-07-01 15:42:25 [INFO]     KEC [740618] Rumbia Tengah
2026-07-01 15:42:26 [INFO]       5 kelurahan di Rumbia Tengah
2026-07-01 15:42:26 [INFO]     KEC [740619] Poleang Tengah
2026-07-01 15:42:27 [INFO]       4 kelurahan di Poleang Tengah
2026-07-01 15:42:27 [INFO]     KEC [740620] Tontonunu
2026-07-01 15:42:27 [INFO]       5 kelurahan di Tontonunu
2026-07-01 15:42:27 [INFO]     KEC [740621] Lantari Jaya
2026-07-01 15:42:28 [INFO]       9 kelurahan di Lantari Jaya
2026-07-01 15:42:28 [INFO]     KEC [740622] Mata Usu
2026-07-01 15:42:28 [INFO]       5 kelurahan di Mata Usu
2026-07-01 15:42:28 [INFO]   KAB [7407] Kabupaten Wakatobi
2026-07-01 15:42:29 [INFO]     KEC [740701] Wangi-Wangi
2026-07-01 15:42:29 [INFO]       20 kelurahan di Wangi-Wangi
2026-07-01 15:42:29 [INFO]     KEC [740702] Kaledupa
2026-07-01 15:42:30 [INFO]       16 kelurahan di Kaledupa
2026-07-01 15:42:30 [INFO]     KEC [740703] Tomia
2026-07-01 15:42:31 [INFO]       10 kelurahan di Tomia
2026-07-01 15:42:31 [INFO]     KEC [740704] Binongko
2026-07-01 15:42:31 [INFO]       9 kelurahan di Binongko
2026-07-01 15:42:31 [INFO]     KEC [740705] Wangi Wangi Selatan
2026-07-01 15:42:32 [INFO]       21 kelurahan di Wangi Wangi Selatan
2026-07-01 15:42:32 [INFO]     KEC [740706] Kaledupa Selatan
2026-07-01 15:42:32 [INFO]       10 kelurahan di Kaledupa Selatan
2026-07-01 15:42:32 [INFO]     KEC [740707] Tomia Timur
2026-07-01 15:42:33 [INFO]       9 kelurahan di Tomia Timur
2026-07-01 15:42:33 [INFO]     KEC [740708] Togo Binongko
2026-07-01 15:42:34 [INFO]       5 kelurahan di Togo Binongko
2026-07-01 15:42:34 [INFO]   KAB [7408] Kabupaten Kolaka Utara
2026-07-01 15:42:35 [INFO]     KEC [740801] Lasusua
2026-07-01 15:42:35 [INFO]       12 kelurahan di Lasusua
2026-07-01 15:42:35 [INFO]     KEC [740802] Pakue
2026-07-01 15:42:36 [INFO]       11 kelurahan di Pakue
2026-07-01 15:42:36 [INFO]     KEC [740803] Batu Putih
2026-07-01 15:42:36 [INFO]       11 kelurahan di Batu Putih
2026-07-01 15:42:36 [INFO]     KEC [740804] Rante Angin
2026-07-01 15:42:37 [INFO]       7 kelurahan di Rante Angin
2026-07-01 15:42:37 [INFO]     KEC [740805] Kodeoha
2026-07-01 15:42:38 [INFO]       12 kelurahan di Kodeoha
2026-07-01 15:42:38 [INFO]     KEC [740806] Ngapa
2026-07-01 15:42:38 [INFO]       12 kelurahan di Ngapa
2026-07-01 15:42:38 [INFO]     KEC [740807] Wawo
2026-07-01 15:42:39 [INFO]       7 kelurahan di Wawo
2026-07-01 15:42:39 [INFO]     KEC [740808] Lambai
2026-07-01 15:42:39 [INFO]       7 kelurahan di Lambai
2026-07-01 15:42:39 [INFO]     KEC [740809] Watunohu
2026-07-01 15:42:40 [INFO]       8 kelurahan di Watunohu
2026-07-01 15:42:40 [INFO]     KEC [740810] Pakue Tengah
2026-07-01 15:42:40 [INFO]       10 kelurahan di Pakue Tengah
2026-07-01 15:42:40 [INFO]     KEC [740811] Pakue Utara
2026-07-01 15:42:41 [INFO]       9 kelurahan di Pakue Utara
2026-07-01 15:42:41 [INFO]     KEC [740812] Porehu
2026-07-01 15:42:42 [INFO]       8 kelurahan di Porehu
2026-07-01 15:42:42 [INFO]     KEC [740813] Katoi
2026-07-01 15:42:42 [INFO]       6 kelurahan di Katoi
2026-07-01 15:42:42 [INFO]     KEC [740814] Tiwu
2026-07-01 15:42:43 [INFO]       7 kelurahan di Tiwu
2026-07-01 15:42:43 [INFO]     KEC [740815] Tolala
2026-07-01 15:42:43 [INFO]       6 kelurahan di Tolala
2026-07-01 15:42:43 [INFO]   KAB [7409] Kabupaten Konawe Utara
2026-07-01 15:42:44 [INFO]     KEC [740901] Asera
2026-07-01 15:42:45 [INFO]       19 kelurahan di Asera
2026-07-01 15:42:45 [INFO]     KEC [740902] Wiwirano
2026-07-01 15:42:45 [INFO]       15 kelurahan di Wiwirano
2026-07-01 15:42:45 [INFO]     KEC [740903] Langgikima
2026-07-01 15:42:46 [INFO]       12 kelurahan di Langgikima
2026-07-01 15:42:46 [INFO]     KEC [740904] Molawe
2026-07-01 15:42:46 [INFO]       9 kelurahan di Molawe
2026-07-01 15:42:46 [INFO]     KEC [740905] Lasolo
2026-07-01 15:42:47 [INFO]       17 kelurahan di Lasolo
2026-07-01 15:42:47 [INFO]     KEC [740906] Lembo
2026-07-01 15:42:47 [INFO]       12 kelurahan di Lembo
2026-07-01 15:42:47 [INFO]     KEC [740907] Sawa
2026-07-01 15:42:48 [INFO]       14 kelurahan di Sawa
2026-07-01 15:42:48 [INFO]     KEC [740908] Oheo
2026-07-01 15:42:49 [INFO]       17 kelurahan di Oheo
2026-07-01 15:42:49 [INFO]     KEC [740909] Andowia
2026-07-01 15:42:49 [INFO]       15 kelurahan di Andowia
2026-07-01 15:42:49 [INFO]     KEC [740910] Motui
2026-07-01 15:42:50 [INFO]       15 kelurahan di Motui
2026-07-01 15:42:50 [INFO]     KEC [740911] Wawolesea
2026-07-01 15:42:50 [INFO]       8 kelurahan di Wawolesea
2026-07-01 15:42:50 [INFO]     KEC [740912] Lasolo Kepulauan
2026-07-01 15:42:51 [INFO]       6 kelurahan di Lasolo Kepulauan
2026-07-01 15:42:51 [INFO]     KEC [740913] Landawe
2026-07-01 15:42:52 [INFO]       11 kelurahan di Landawe
2026-07-01 15:42:52 [INFO]   KAB [7410] Kabupaten Buton Utara
2026-07-01 15:42:52 [INFO]     KEC [741001] Kulisusu
2026-07-01 15:42:53 [INFO]       23 kelurahan di Kulisusu
2026-07-01 15:42:53 [INFO]     KEC [741002] Kambowa
2026-07-01 15:42:54 [INFO]       11 kelurahan di Kambowa
2026-07-01 15:42:54 [INFO]     KEC [741003] Bonegunu
2026-07-01 15:42:54 [INFO]       15 kelurahan di Bonegunu
2026-07-01 15:42:54 [INFO]     KEC [741004] Kulisusu Barat
2026-07-01 15:42:55 [INFO]       14 kelurahan di Kulisusu Barat
2026-07-01 15:42:55 [INFO]     KEC [741005] Kulisusu Utara
2026-07-01 15:42:55 [INFO]       14 kelurahan di Kulisusu Utara
2026-07-01 15:42:55 [INFO]     KEC [741006] Wakorumba Utara
2026-07-01 15:42:56 [INFO]       13 kelurahan di Wakorumba Utara
2026-07-01 15:42:56 [INFO]   KAB [7411] Kabupaten Kolaka Timur
2026-07-01 15:42:57 [INFO]     KEC [741101] Tirawuta
2026-07-01 15:42:57 [INFO]       16 kelurahan di Tirawuta
2026-07-01 15:42:57 [INFO]     KEC [741102] Loea
2026-07-01 15:42:58 [INFO]       9 kelurahan di Loea
2026-07-01 15:42:58 [INFO]     KEC [741103] Ladongi
2026-07-01 15:42:59 [INFO]       10 kelurahan di Ladongi
2026-07-01 15:42:59 [INFO]     KEC [741104] Poli Polia
2026-07-01 15:42:59 [INFO]       12 kelurahan di Poli Polia
2026-07-01 15:42:59 [INFO]     KEC [741105] Lambandia
2026-07-01 15:43:00 [INFO]       15 kelurahan di Lambandia
2026-07-01 15:43:00 [INFO]     KEC [741106] Lalolae
2026-07-01 15:43:00 [INFO]       5 kelurahan di Lalolae
2026-07-01 15:43:00 [INFO]     KEC [741107] Mowewe
2026-07-01 15:43:01 [INFO]       10 kelurahan di Mowewe
2026-07-01 15:43:01 [INFO]     KEC [741108] Uluiwoi
2026-07-01 15:43:02 [INFO]       10 kelurahan di Uluiwoi
2026-07-01 15:43:02 [INFO]     KEC [741109] Tinondo
2026-07-01 15:43:02 [INFO]       12 kelurahan di Tinondo
2026-07-01 15:43:02 [INFO]     KEC [741110] Aere
2026-07-01 15:43:03 [INFO]       11 kelurahan di Aere
2026-07-01 15:43:03 [INFO]     KEC [741111] Ueesi
2026-07-01 15:43:03 [INFO]       11 kelurahan di Ueesi
2026-07-01 15:43:03 [INFO]     KEC [741112] Dangia
2026-07-01 15:43:04 [INFO]       12 kelurahan di Dangia
2026-07-01 15:43:04 [INFO]   KAB [7412] Kabupaten Konawe Kepulauan
2026-07-01 15:43:05 [INFO]     KEC [741201] Wawonii Barat
2026-07-01 15:43:05 [INFO]       16 kelurahan di Wawonii Barat
2026-07-01 15:43:05 [INFO]     KEC [741202] Wawonii Utara
2026-07-01 15:43:06 [INFO]       21 kelurahan di Wawonii Utara
2026-07-01 15:43:06 [INFO]     KEC [741203] Wawonii Timur Laut
2026-07-01 15:43:07 [INFO]       10 kelurahan di Wawonii Timur Laut
2026-07-01 15:43:07 [INFO]     KEC [741204] Wawonii Timur
2026-07-01 15:43:07 [INFO]       11 kelurahan di Wawonii Timur
2026-07-01 15:43:07 [INFO]     KEC [741205] Wawonii Tenggara
2026-07-01 15:43:08 [INFO]       15 kelurahan di Wawonii Tenggara
2026-07-01 15:43:08 [INFO]     KEC [741206] Wawonii Selatan
2026-07-01 15:43:09 [INFO]       11 kelurahan di Wawonii Selatan
2026-07-01 15:43:09 [INFO]     KEC [741207] Wawonii Tengah
2026-07-01 15:43:09 [INFO]       12 kelurahan di Wawonii Tengah
2026-07-01 15:43:09 [INFO]   KAB [7413] Kabupaten Muna Barat
2026-07-01 15:43:10 [INFO]     KEC [741301] Sawerigadi
2026-07-01 15:43:11 [INFO]       10 kelurahan di Sawerigadi
2026-07-01 15:43:11 [INFO]     KEC [741302] Barangka
2026-07-01 15:43:11 [INFO]       8 kelurahan di Barangka
2026-07-01 15:43:11 [INFO]     KEC [741303] Lawa
2026-07-01 15:43:12 [INFO]       8 kelurahan di Lawa
2026-07-01 15:43:12 [INFO]     KEC [741304] Wadaga
2026-07-01 15:43:12 [INFO]       7 kelurahan di Wadaga
2026-07-01 15:43:12 [INFO]     KEC [741305] Tiworo Selatan
2026-07-01 15:43:13 [INFO]       5 kelurahan di Tiworo Selatan
2026-07-01 15:43:13 [INFO]     KEC [741306] Maginti
2026-07-01 15:43:14 [INFO]       8 kelurahan di Maginti
2026-07-01 15:43:14 [INFO]     KEC [741307] Tiworo Tengah
2026-07-01 15:43:15 [INFO]       8 kelurahan di Tiworo Tengah
2026-07-01 15:43:15 [INFO]     KEC [741308] Tiworo Utara
2026-07-01 15:43:15 [INFO]       7 kelurahan di Tiworo Utara
2026-07-01 15:43:15 [INFO]     KEC [741309] Tiworo Kepulauan
2026-07-01 15:43:16 [INFO]       9 kelurahan di Tiworo Kepulauan
2026-07-01 15:43:16 [INFO]     KEC [741310] Kusambi
2026-07-01 15:43:17 [INFO]       10 kelurahan di Kusambi
2026-07-01 15:43:17 [INFO]     KEC [741311] Napano Kusambi
2026-07-01 15:43:18 [INFO]       6 kelurahan di Napano Kusambi
2026-07-01 15:43:18 [INFO]   KAB [7414] Kabupaten Buton Tengah
2026-07-01 15:43:18 [INFO]     KEC [741401] Lakudo
2026-07-01 15:43:19 [INFO]       15 kelurahan di Lakudo
2026-07-01 15:43:19 [INFO]     KEC [741402] Mawasangka Timur
2026-07-01 15:43:21 [INFO]       8 kelurahan di Mawasangka Timur
2026-07-01 15:43:21 [INFO]     KEC [741403] Mawasangka Tengah
2026-07-01 15:43:21 [INFO]       10 kelurahan di Mawasangka Tengah
2026-07-01 15:43:22 [INFO]     KEC [741404] Mawasangka
2026-07-01 15:43:22 [INFO]       19 kelurahan di Mawasangka
2026-07-01 15:43:22 [INFO]     KEC [741405] Talaga Raya
2026-07-01 15:43:23 [INFO]       7 kelurahan di Talaga Raya
2026-07-01 15:43:23 [INFO]     KEC [741406] Gu
2026-07-01 15:43:24 [INFO]       12 kelurahan di Gu
2026-07-01 15:43:24 [INFO]     KEC [741407] Sangia Wambulu
2026-07-01 15:43:24 [INFO]       6 kelurahan di Sangia Wambulu
2026-07-01 15:43:24 [INFO]   KAB [7415] Kabupaten Buton Selatan
2026-07-01 15:43:25 [INFO]     KEC [741501] Batauga
2026-07-01 15:43:26 [INFO]       12 kelurahan di Batauga
2026-07-01 15:43:26 [INFO]     KEC [741502] Sampolawa
2026-07-01 15:43:27 [INFO]       16 kelurahan di Sampolawa
2026-07-01 15:43:27 [INFO]     KEC [741503] Lapandewa
2026-07-01 15:43:27 [INFO]       7 kelurahan di Lapandewa
2026-07-01 15:43:27 [INFO]     KEC [741504] Batu Atas
2026-07-01 15:43:28 [INFO]       7 kelurahan di Batu Atas
2026-07-01 15:43:28 [INFO]     KEC [741505] Siompu Barat
2026-07-01 15:43:29 [INFO]       8 kelurahan di Siompu Barat
2026-07-01 15:43:29 [INFO]     KEC [741506] Siompu
2026-07-01 15:43:30 [INFO]       10 kelurahan di Siompu
2026-07-01 15:43:30 [INFO]     KEC [741507] Kadatua
2026-07-01 15:43:30 [INFO]       10 kelurahan di Kadatua
2026-07-01 15:43:30 [INFO]   KAB [7471] Kota Kendari
2026-07-01 15:43:31 [INFO]     KEC [747101] Mandonga
2026-07-01 15:43:32 [INFO]       6 kelurahan di Mandonga
2026-07-01 15:43:32 [INFO]     KEC [747102] Kendari
2026-07-01 15:43:33 [INFO]       9 kelurahan di Kendari
2026-07-01 15:43:33 [INFO]     KEC [747103] Baruga
2026-07-01 15:43:34 [INFO]       4 kelurahan di Baruga
2026-07-01 15:43:34 [INFO]     KEC [747104] Poasia
2026-07-01 15:43:34 [INFO]       5 kelurahan di Poasia
2026-07-01 15:43:34 [INFO]     KEC [747105] Kendari Barat
2026-07-01 15:43:35 [INFO]       9 kelurahan di Kendari Barat
2026-07-01 15:43:35 [INFO]     KEC [747106] Abeli
2026-07-01 15:43:36 [INFO]       7 kelurahan di Abeli
2026-07-01 15:43:36 [INFO]     KEC [747107] Wua-Wua
2026-07-01 15:43:36 [INFO]       4 kelurahan di Wua-Wua
2026-07-01 15:43:36 [INFO]     KEC [747108] Kadia
2026-07-01 15:43:37 [INFO]       5 kelurahan di Kadia
2026-07-01 15:43:37 [INFO]     KEC [747109] Puuwatu
2026-07-01 15:43:38 [INFO]       6 kelurahan di Puuwatu
2026-07-01 15:43:38 [INFO]     KEC [747110] Kambu
2026-07-01 15:43:38 [INFO]       4 kelurahan di Kambu
2026-07-01 15:43:38 [INFO]     KEC [747111] Nambo
2026-07-01 15:43:39 [INFO]       6 kelurahan di Nambo
2026-07-01 15:43:39 [INFO]   KAB [7472] Kota Bau Bau
2026-07-01 15:43:40 [INFO]     KEC [747201] Betoambari
2026-07-01 15:43:41 [INFO]       5 kelurahan di Betoambari
2026-07-01 15:43:41 [INFO]     KEC [747202] Wolio
2026-07-01 15:43:41 [INFO]       7 kelurahan di Wolio
2026-07-01 15:43:41 [INFO]     KEC [747203] Sorawolio
2026-07-01 15:43:42 [INFO]       4 kelurahan di Sorawolio
2026-07-01 15:43:42 [INFO]     KEC [747204] Bungi
2026-07-01 15:43:43 [INFO]       5 kelurahan di Bungi
2026-07-01 15:43:43 [INFO]     KEC [747205] Kokalukuna
2026-07-01 15:43:44 [INFO]       6 kelurahan di Kokalukuna
2026-07-01 15:43:44 [INFO]     KEC [747206] Murhum
2026-07-01 15:43:44 [INFO]       5 kelurahan di Murhum
2026-07-01 15:43:44 [INFO]     KEC [747207] Lea-Lea
2026-07-01 15:43:45 [INFO]       5 kelurahan di Lea-Lea
2026-07-01 15:43:45 [INFO]     KEC [747208] Batupoaro
2026-07-01 15:43:47 [INFO]       6 kelurahan di Batupoaro
2026-07-01 15:43:47 [INFO] PROVINSI SELESAI [74] Sulawesi Tenggara
2026-07-01 15:43:47 [INFO] PROVINSI [75] Gorontalo
2026-07-01 15:43:47 [INFO]   KAB [7501] Kabupaten Gorontalo
2026-07-01 15:43:49 [INFO]     KEC [750101] Limboto
2026-07-01 15:43:49 [INFO]       14 kelurahan di Limboto
2026-07-01 15:43:49 [INFO]     KEC [750102] Telaga
2026-07-01 15:43:50 [INFO]       9 kelurahan di Telaga
2026-07-01 15:43:50 [INFO]     KEC [750103] Batudaa
2026-07-01 15:43:51 [INFO]       8 kelurahan di Batudaa
2026-07-01 15:43:51 [INFO]     KEC [750104] Tibawa
2026-07-01 15:43:51 [INFO]       16 kelurahan di Tibawa
2026-07-01 15:43:51 [INFO]     KEC [750105] Batudaa Pantai
2026-07-01 15:43:52 [INFO]       9 kelurahan di Batudaa Pantai
2026-07-01 15:43:52 [INFO]     KEC [750109] Boliyohuto
2026-07-01 15:43:52 [INFO]       13 kelurahan di Boliyohuto
2026-07-01 15:43:52 [INFO]     KEC [750110] Telaga Biru
2026-07-01 15:43:53 [INFO]       15 kelurahan di Telaga Biru
2026-07-01 15:43:53 [INFO]     KEC [750111] Bongomeme
2026-07-01 15:43:54 [INFO]       15 kelurahan di Bongomeme
2026-07-01 15:43:54 [INFO]     KEC [750113] Tolangohula
2026-07-01 15:43:54 [INFO]       15 kelurahan di Tolangohula
2026-07-01 15:43:54 [INFO]     KEC [750114] Mootilango
2026-07-01 15:43:55 [INFO]       10 kelurahan di Mootilango
2026-07-01 15:43:55 [INFO]     KEC [750116] Pulubala
2026-07-01 15:43:55 [INFO]       11 kelurahan di Pulubala
2026-07-01 15:43:55 [INFO]     KEC [750117] Limboto Barat
2026-07-01 15:43:56 [INFO]       10 kelurahan di Limboto Barat
2026-07-01 15:43:56 [INFO]     KEC [750118] Tilango
2026-07-01 15:43:57 [INFO]       8 kelurahan di Tilango
2026-07-01 15:43:57 [INFO]     KEC [750119] Tabongo
2026-07-01 15:43:57 [INFO]       9 kelurahan di Tabongo
2026-07-01 15:43:57 [INFO]     KEC [750120] Biluhu
2026-07-01 15:43:58 [INFO]       8 kelurahan di Biluhu
2026-07-01 15:43:58 [INFO]     KEC [750121] Asparaga
2026-07-01 15:43:59 [INFO]       10 kelurahan di Asparaga
2026-07-01 15:43:59 [INFO]     KEC [750122] Talaga Jaya
2026-07-01 15:43:59 [INFO]       5 kelurahan di Talaga Jaya
2026-07-01 15:43:59 [INFO]     KEC [750123] Bilato
2026-07-01 15:44:00 [INFO]       10 kelurahan di Bilato
2026-07-01 15:44:00 [INFO]     KEC [750124] Dungaliyo
2026-07-01 15:44:01 [INFO]       10 kelurahan di Dungaliyo
2026-07-01 15:44:01 [INFO]   KAB [7502] Kabupaten Boalemo
2026-07-01 15:44:02 [INFO]     KEC [750201] Paguyaman
2026-07-01 15:44:02 [INFO]       22 kelurahan di Paguyaman
2026-07-01 15:44:02 [INFO]     KEC [750202] Wonosari
2026-07-01 15:44:03 [INFO]       14 kelurahan di Wonosari
2026-07-01 15:44:03 [INFO]     KEC [750203] Dulupi
2026-07-01 15:44:04 [INFO]       8 kelurahan di Dulupi
2026-07-01 15:44:04 [INFO]     KEC [750204] Tilamuta
2026-07-01 15:44:05 [INFO]       12 kelurahan di Tilamuta
2026-07-01 15:44:05 [INFO]     KEC [750205] Mananggu
2026-07-01 15:44:05 [INFO]       9 kelurahan di Mananggu
2026-07-01 15:44:05 [INFO]     KEC [750206] Botumoito
2026-07-01 15:44:06 [INFO]       9 kelurahan di Botumoito
2026-07-01 15:44:06 [INFO]     KEC [750207] Paguyaman Pantai
2026-07-01 15:44:07 [INFO]       8 kelurahan di Paguyaman Pantai
2026-07-01 15:44:07 [INFO]   KAB [7503] Kabupaten Bone Bolango
2026-07-01 15:44:08 [INFO]     KEC [750301] Tapa
2026-07-01 15:44:09 [INFO]       7 kelurahan di Tapa
2026-07-01 15:44:09 [INFO]     KEC [750302] Kabila
2026-07-01 15:44:10 [INFO]       12 kelurahan di Kabila
2026-07-01 15:44:10 [INFO]     KEC [750303] Suwawa
2026-07-01 15:44:10 [INFO]       10 kelurahan di Suwawa
2026-07-01 15:44:10 [INFO]     KEC [750304] Bonepantai
2026-07-01 15:44:11 [INFO]       13 kelurahan di Bonepantai
2026-07-01 15:44:11 [INFO]     KEC [750305] Bulango Utara
2026-07-01 15:44:11 [INFO]       9 kelurahan di Bulango Utara
2026-07-01 15:44:12 [INFO]     KEC [750306] Tilongkabila
2026-07-01 15:44:12 [INFO]       14 kelurahan di Tilongkabila
2026-07-01 15:44:12 [INFO]     KEC [750307] Botupingge
2026-07-01 15:44:13 [INFO]       9 kelurahan di Botupingge
2026-07-01 15:44:13 [INFO]     KEC [750308] Kabila Bone
2026-07-01 15:44:13 [INFO]       9 kelurahan di Kabila Bone
2026-07-01 15:44:13 [INFO]     KEC [750309] Bone
2026-07-01 15:44:14 [INFO]       14 kelurahan di Bone
2026-07-01 15:44:14 [INFO]     KEC [750310] Bone Raya
2026-07-01 15:44:15 [INFO]       10 kelurahan di Bone Raya
2026-07-01 15:44:15 [INFO]     KEC [750311] Suwawa Timur
2026-07-01 15:44:15 [INFO]       9 kelurahan di Suwawa Timur
2026-07-01 15:44:16 [INFO]     KEC [750312] Suwawa Selatan
2026-07-01 15:44:16 [INFO]       8 kelurahan di Suwawa Selatan
2026-07-01 15:44:16 [INFO]     KEC [750313] Suwawa Tengah
2026-07-01 15:44:17 [INFO]       6 kelurahan di Suwawa Tengah
2026-07-01 15:44:17 [INFO]     KEC [750314] Bulango Ulu
2026-07-01 15:44:17 [INFO]       6 kelurahan di Bulango Ulu
2026-07-01 15:44:17 [INFO]     KEC [750315] Bulango Selatan
2026-07-01 15:44:18 [INFO]       10 kelurahan di Bulango Selatan
2026-07-01 15:44:18 [INFO]     KEC [750316] Bulango Timur
2026-07-01 15:44:19 [INFO]       5 kelurahan di Bulango Timur
2026-07-01 15:44:19 [INFO]     KEC [750317] Bulawa
2026-07-01 15:44:19 [INFO]       9 kelurahan di Bulawa
2026-07-01 15:44:19 [INFO]     KEC [750318] Pinogu
2026-07-01 15:44:20 [INFO]       5 kelurahan di Pinogu
2026-07-01 15:44:20 [INFO]   KAB [7504] Kabupaten Pohuwato
2026-07-01 15:44:21 [INFO]     KEC [750401] Popayato
2026-07-01 15:44:21 [INFO]       10 kelurahan di Popayato
2026-07-01 15:44:21 [INFO]     KEC [750402] Lemito
2026-07-01 15:44:22 [INFO]       8 kelurahan di Lemito
2026-07-01 15:44:22 [INFO]     KEC [750403] Randangan
2026-07-01 15:44:23 [INFO]       13 kelurahan di Randangan
2026-07-01 15:44:23 [INFO]     KEC [750404] Marisa
2026-07-01 15:44:24 [INFO]       8 kelurahan di Marisa
2026-07-01 15:44:24 [INFO]     KEC [750405] Paguat
2026-07-01 15:44:24 [INFO]       11 kelurahan di Paguat
2026-07-01 15:44:24 [INFO]     KEC [750406] Patilanggio
2026-07-01 15:44:25 [INFO]       6 kelurahan di Patilanggio
2026-07-01 15:44:25 [INFO]     KEC [750407] Taluditi
2026-07-01 15:44:26 [INFO]       7 kelurahan di Taluditi
2026-07-01 15:44:26 [INFO]     KEC [750408] Dengilo
2026-07-01 15:44:26 [INFO]       5 kelurahan di Dengilo
2026-07-01 15:44:26 [INFO]     KEC [750409] Buntulia
2026-07-01 15:44:27 [INFO]       7 kelurahan di Buntulia
2026-07-01 15:44:27 [INFO]     KEC [750410] Duhiadaa
2026-07-01 15:44:28 [INFO]       8 kelurahan di Duhiadaa
2026-07-01 15:44:28 [INFO]     KEC [750411] Wanggarasi
2026-07-01 15:44:28 [INFO]       7 kelurahan di Wanggarasi
2026-07-01 15:44:28 [INFO]     KEC [750412] Popayato Timur
2026-07-01 15:44:29 [INFO]       7 kelurahan di Popayato Timur
2026-07-01 15:44:29 [INFO]     KEC [750413] Popayato Barat
2026-07-01 15:44:30 [INFO]       7 kelurahan di Popayato Barat
2026-07-01 15:44:30 [INFO]   KAB [7505] Kabupaten Gorontalo Utara
2026-07-01 15:44:30 [INFO]     KEC [750501] Atinggola
2026-07-01 15:44:31 [INFO]       14 kelurahan di Atinggola
2026-07-01 15:44:31 [INFO]     KEC [750502] Kwandang
2026-07-01 15:44:32 [INFO]       18 kelurahan di Kwandang
2026-07-01 15:44:32 [INFO]     KEC [750503] Anggrek
2026-07-01 15:44:33 [INFO]       15 kelurahan di Anggrek
2026-07-01 15:44:33 [INFO]     KEC [750504] Sumalata
2026-07-01 15:44:34 [INFO]       11 kelurahan di Sumalata
2026-07-01 15:44:34 [INFO]     KEC [750505] Tolinggula
2026-07-01 15:44:35 [INFO]       10 kelurahan di Tolinggula
2026-07-01 15:44:35 [INFO]     KEC [750506] Gentuma Raya
2026-07-01 15:44:35 [INFO]       11 kelurahan di Gentuma Raya
2026-07-01 15:44:35 [INFO]     KEC [750507] Tomilito
2026-07-01 15:44:36 [INFO]       10 kelurahan di Tomilito
2026-07-01 15:44:36 [INFO]     KEC [750508] Ponelo Kepulauan
2026-07-01 15:44:37 [INFO]       4 kelurahan di Ponelo Kepulauan
2026-07-01 15:44:37 [INFO]     KEC [750509] Monano
2026-07-01 15:44:37 [INFO]       10 kelurahan di Monano
2026-07-01 15:44:37 [INFO]     KEC [750510] Biau
2026-07-01 15:44:38 [INFO]       10 kelurahan di Biau
2026-07-01 15:44:38 [INFO]     KEC [750511] Sumalata Timur
2026-07-01 15:44:38 [INFO]       10 kelurahan di Sumalata Timur
2026-07-01 15:44:38 [INFO]   KAB [7571] Kota Gorontalo
2026-07-01 15:44:39 [INFO]     KEC [757101] Kota Barat
2026-07-01 15:44:39 [INFO]       7 kelurahan di Kota Barat
2026-07-01 15:44:39 [INFO]     KEC [757102] Kota Selatan
2026-07-01 15:44:40 [INFO]       5 kelurahan di Kota Selatan
2026-07-01 15:44:40 [INFO]     KEC [757103] Kota Utara
2026-07-01 15:44:40 [INFO]       6 kelurahan di Kota Utara
2026-07-01 15:44:40 [INFO]     KEC [757104] Dungingi
2026-07-01 15:44:41 [INFO]       5 kelurahan di Dungingi
2026-07-01 15:44:41 [INFO]     KEC [757105] Kota Timur
2026-07-01 15:44:42 [INFO]       6 kelurahan di Kota Timur
2026-07-01 15:44:42 [INFO]     KEC [757106] Kota Tengah
2026-07-01 15:44:42 [INFO]       6 kelurahan di Kota Tengah
2026-07-01 15:44:42 [INFO]     KEC [757107] Sipatana
2026-07-01 15:44:43 [INFO]       5 kelurahan di Sipatana
2026-07-01 15:44:43 [INFO]     KEC [757108] Dumbo Raya
2026-07-01 15:44:43 [INFO]       5 kelurahan di Dumbo Raya
2026-07-01 15:44:43 [INFO]     KEC [757109] Hulonthalangi
2026-07-01 15:44:44 [INFO]       5 kelurahan di Hulonthalangi
2026-07-01 15:44:44 [INFO] PROVINSI SELESAI [75] Gorontalo
2026-07-01 15:44:44 [INFO] PROVINSI [76] Sulawesi Barat
2026-07-01 15:44:45 [INFO]   KAB [7601] Kabupaten Pasangkayu
2026-07-01 15:44:45 [INFO]     KEC [760101] Bambalamotu
2026-07-01 15:44:46 [INFO]       6 kelurahan di Bambalamotu
2026-07-01 15:44:46 [INFO]     KEC [760102] Pasangkayu
2026-07-01 15:44:46 [INFO]       6 kelurahan di Pasangkayu
2026-07-01 15:44:46 [INFO]     KEC [760103] Baras
2026-07-01 15:44:47 [INFO]       6 kelurahan di Baras
2026-07-01 15:44:47 [INFO]     KEC [760104] Sarudu
2026-07-01 15:44:47 [INFO]       5 kelurahan di Sarudu
2026-07-01 15:44:47 [INFO]     KEC [760105] Dapurang
2026-07-01 15:44:48 [INFO]       5 kelurahan di Dapurang
2026-07-01 15:44:48 [INFO]     KEC [760106] Duripoku
2026-07-01 15:44:48 [INFO]       4 kelurahan di Duripoku
2026-07-01 15:44:48 [INFO]     KEC [760107] Bulu Taba
2026-07-01 15:44:49 [INFO]       7 kelurahan di Bulu Taba
2026-07-01 15:44:49 [INFO]     KEC [760108] Tikke Raya
2026-07-01 15:44:49 [INFO]       5 kelurahan di Tikke Raya
2026-07-01 15:44:50 [INFO]     KEC [760109] Pedongga
2026-07-01 15:44:50 [INFO]       4 kelurahan di Pedongga
2026-07-01 15:44:50 [INFO]     KEC [760110] Bambaira
2026-07-01 15:44:51 [INFO]       4 kelurahan di Bambaira
2026-07-01 15:44:51 [INFO]     KEC [760111] Sarjo
2026-07-01 15:44:51 [INFO]       4 kelurahan di Sarjo
2026-07-01 15:44:51 [INFO]     KEC [760112] Lariang
2026-07-01 15:44:52 [INFO]       7 kelurahan di Lariang
2026-07-01 15:44:52 [INFO]   KAB [7602] Kabupaten Mamuju
2026-07-01 15:44:53 [INFO]     KEC [760201] Mamuju
2026-07-01 15:44:53 [INFO]       8 kelurahan di Mamuju
2026-07-01 15:44:53 [INFO]     KEC [760202] Tapalang
2026-07-01 15:44:54 [INFO]       10 kelurahan di Tapalang
2026-07-01 15:44:54 [INFO]     KEC [760203] Kalukku
2026-07-01 15:44:54 [INFO]       14 kelurahan di Kalukku
2026-07-01 15:44:54 [INFO]     KEC [760204] Kalumpang
2026-07-01 15:44:55 [INFO]       13 kelurahan di Kalumpang
2026-07-01 15:44:55 [INFO]     KEC [760207] Papalang
2026-07-01 15:44:55 [INFO]       9 kelurahan di Papalang
2026-07-01 15:44:56 [INFO]     KEC [760208] Sampaga
2026-07-01 15:44:56 [INFO]       7 kelurahan di Sampaga
2026-07-01 15:44:56 [INFO]     KEC [760211] Tommo
2026-07-01 15:44:57 [INFO]       14 kelurahan di Tommo
2026-07-01 15:44:57 [INFO]     KEC [760212] Simboro
2026-07-01 15:44:57 [INFO]       8 kelurahan di Simboro
2026-07-01 15:44:57 [INFO]     KEC [760213] Tapalang Barat
2026-07-01 15:44:58 [INFO]       7 kelurahan di Tapalang Barat
2026-07-01 15:44:58 [INFO]     KEC [760215] Bonehau
2026-07-01 15:44:59 [INFO]       9 kelurahan di Bonehau
2026-07-01 15:44:59 [INFO]     KEC [760216] Kepulauan Bala Balakang
2026-07-01 15:44:59 [INFO]       2 kelurahan di Kepulauan Bala Balakang
2026-07-01 15:45:00 [INFO]   KAB [7603] Kabupaten Mamasa
2026-07-01 15:45:00 [INFO]     KEC [760301] Mambi
2026-07-01 15:45:01 [INFO]       13 kelurahan di Mambi
2026-07-01 15:45:01 [INFO]     KEC [760302] Aralle
2026-07-01 15:45:01 [INFO]       12 kelurahan di Aralle
2026-07-01 15:45:01 [INFO]     KEC [760303] Mamasa
2026-07-01 15:45:02 [INFO]       12 kelurahan di Mamasa
2026-07-01 15:45:02 [INFO]     KEC [760304] Pana
2026-07-01 15:45:02 [INFO]       13 kelurahan di Pana
2026-07-01 15:45:02 [INFO]     KEC [760305] Tabulahan
2026-07-01 15:45:03 [INFO]       14 kelurahan di Tabulahan
2026-07-01 15:45:03 [INFO]     KEC [760306] Sumarorong
2026-07-01 15:45:04 [INFO]       10 kelurahan di Sumarorong
2026-07-01 15:45:04 [INFO]     KEC [760307] Messawa
2026-07-01 15:45:04 [INFO]       9 kelurahan di Messawa
2026-07-01 15:45:04 [INFO]     KEC [760308] Sesenapadang
2026-07-01 15:45:05 [INFO]       10 kelurahan di Sesenapadang
2026-07-01 15:45:05 [INFO]     KEC [760309] Tanduk Kalua
2026-07-01 15:45:05 [INFO]       12 kelurahan di Tanduk Kalua
2026-07-01 15:45:05 [INFO]     KEC [760310] Tabang
2026-07-01 15:45:06 [INFO]       7 kelurahan di Tabang
2026-07-01 15:45:06 [INFO]     KEC [760311] Bambang
2026-07-01 15:45:06 [INFO]       20 kelurahan di Bambang
2026-07-01 15:45:06 [INFO]     KEC [760312] Balla
2026-07-01 15:45:07 [INFO]       8 kelurahan di Balla
2026-07-01 15:45:07 [INFO]     KEC [760313] Nosu
2026-07-01 15:45:08 [INFO]       7 kelurahan di Nosu
2026-07-01 15:45:08 [INFO]     KEC [760314] Tawalian
2026-07-01 15:45:08 [INFO]       4 kelurahan di Tawalian
2026-07-01 15:45:08 [INFO]     KEC [760315] Rantebulahan Timur
2026-07-01 15:45:09 [INFO]       8 kelurahan di Rantebulahan Timur
2026-07-01 15:45:09 [INFO]     KEC [760316] Buntumalangka
2026-07-01 15:45:10 [INFO]       11 kelurahan di Buntumalangka
2026-07-01 15:45:10 [INFO]     KEC [760317] Mehalaan
2026-07-01 15:45:10 [INFO]       11 kelurahan di Mehalaan
2026-07-01 15:45:10 [INFO]   KAB [7604] Kabupaten Polewali Mandar
2026-07-01 15:45:11 [INFO]     KEC [760401] Tinambung
2026-07-01 15:45:11 [INFO]       8 kelurahan di Tinambung
2026-07-01 15:45:11 [INFO]     KEC [760402] Campalagian
2026-07-01 15:45:12 [INFO]       18 kelurahan di Campalagian
2026-07-01 15:45:12 [INFO]     KEC [760403] Wonomulyo
2026-07-01 15:45:12 [INFO]       14 kelurahan di Wonomulyo
2026-07-01 15:45:13 [INFO]     KEC [760404] Polewali
2026-07-01 15:45:13 [INFO]       9 kelurahan di Polewali
2026-07-01 15:45:13 [INFO]     KEC [760405] Tutar
2026-07-01 15:45:14 [INFO]       13 kelurahan di Tutar
2026-07-01 15:45:14 [INFO]     KEC [760406] Binuang
2026-07-01 15:45:14 [INFO]       10 kelurahan di Binuang
2026-07-01 15:45:14 [INFO]     KEC [760407] Tapango
2026-07-01 15:45:15 [INFO]       14 kelurahan di Tapango
2026-07-01 15:45:15 [INFO]     KEC [760408] Mapilli
2026-07-01 15:45:15 [INFO]       12 kelurahan di Mapilli
2026-07-01 15:45:15 [INFO]     KEC [760409] Matangnga
2026-07-01 15:45:16 [INFO]       7 kelurahan di Matangnga
2026-07-01 15:45:16 [INFO]     KEC [760410] Luyo
2026-07-01 15:45:17 [INFO]       11 kelurahan di Luyo
2026-07-01 15:45:17 [INFO]     KEC [760411] Limboro
2026-07-01 15:45:17 [INFO]       11 kelurahan di Limboro
2026-07-01 15:45:17 [INFO]     KEC [760412] Balanipa
2026-07-01 15:45:18 [INFO]       11 kelurahan di Balanipa
2026-07-01 15:45:18 [INFO]     KEC [760413] Anreapi
2026-07-01 15:45:18 [INFO]       5 kelurahan di Anreapi
2026-07-01 15:45:18 [INFO]     KEC [760414] Matakali
2026-07-01 15:45:19 [INFO]       7 kelurahan di Matakali
2026-07-01 15:45:19 [INFO]     KEC [760415] Allu
2026-07-01 15:45:20 [INFO]       8 kelurahan di Allu
2026-07-01 15:45:20 [INFO]     KEC [760416] Bulo
2026-07-01 15:45:20 [INFO]       9 kelurahan di Bulo
2026-07-01 15:45:20 [INFO]   KAB [7605] Kabupaten Majene
2026-07-01 15:45:21 [INFO]     KEC [760501] Banggae
2026-07-01 15:45:21 [INFO]       8 kelurahan di Banggae
2026-07-01 15:45:21 [INFO]     KEC [760502] Pamboang
2026-07-01 15:45:22 [INFO]       15 kelurahan di Pamboang
2026-07-01 15:45:22 [INFO]     KEC [760503] Sendana
2026-07-01 15:45:22 [INFO]       16 kelurahan di Sendana
2026-07-01 15:45:22 [INFO]     KEC [760504] Malunda
2026-07-01 15:45:23 [INFO]       12 kelurahan di Malunda
2026-07-01 15:45:23 [INFO]     KEC [760505] Ulumanda
2026-07-01 15:45:24 [INFO]       8 kelurahan di Ulumanda
2026-07-01 15:45:24 [INFO]     KEC [760506] Tammerodo Sendana
2026-07-01 15:45:24 [INFO]       7 kelurahan di Tammerodo Sendana
2026-07-01 15:45:24 [INFO]     KEC [760507] Tubo Sendana
2026-07-01 15:45:25 [INFO]       7 kelurahan di Tubo Sendana
2026-07-01 15:45:25 [INFO]     KEC [760508] Banggae Timur
2026-07-01 15:45:25 [INFO]       9 kelurahan di Banggae Timur
2026-07-01 15:45:25 [INFO]   KAB [7606] Kabupaten Mamuju Tengah
2026-07-01 15:45:26 [INFO]     KEC [760601] Tobadak
2026-07-01 15:45:26 [INFO]       8 kelurahan di Tobadak
2026-07-01 15:45:26 [INFO]     KEC [760602] Pangale
2026-07-01 15:45:27 [INFO]       9 kelurahan di Pangale
2026-07-01 15:45:27 [INFO]     KEC [760603] Budong-Budong
2026-07-01 15:45:28 [INFO]       11 kelurahan di Budong-Budong
2026-07-01 15:45:28 [INFO]     KEC [760604] Topoyo
2026-07-01 15:45:28 [INFO]       15 kelurahan di Topoyo
2026-07-01 15:45:28 [INFO]     KEC [760605] Karossa
2026-07-01 15:45:29 [INFO]       11 kelurahan di Karossa
2026-07-01 15:45:29 [INFO] PROVINSI SELESAI [76] Sulawesi Barat
2026-07-01 15:45:29 [INFO] PROVINSI [81] Maluku
2026-07-01 15:45:30 [INFO]   KAB [8101] Kabupaten Maluku Tengah
2026-07-01 15:45:30 [INFO]     KEC [810101] Amahai
2026-07-01 15:45:31 [INFO]       15 kelurahan di Amahai
2026-07-01 15:45:31 [INFO]     KEC [810102] Teon Nila Serua
2026-07-01 15:45:31 [INFO]       16 kelurahan di Teon Nila Serua
2026-07-01 15:45:31 [INFO]     KEC [810106] Seram Utara
2026-07-01 15:45:32 [INFO]       20 kelurahan di Seram Utara
2026-07-01 15:45:32 [INFO]     KEC [810109] Banda
2026-07-01 15:45:32 [INFO]       18 kelurahan di Banda
2026-07-01 15:45:32 [INFO]     KEC [810111] Tehoru
2026-07-01 15:45:33 [INFO]       10 kelurahan di Tehoru
2026-07-01 15:45:33 [INFO]     KEC [810112] Saparua
2026-07-01 15:45:34 [INFO]       7 kelurahan di Saparua
2026-07-01 15:45:34 [INFO]     KEC [810113] Pulau Haruku
2026-07-01 15:45:34 [INFO]       11 kelurahan di Pulau Haruku
2026-07-01 15:45:34 [INFO]     KEC [810114] Salahutu
2026-07-01 15:45:35 [INFO]       6 kelurahan di Salahutu
2026-07-01 15:45:35 [INFO]     KEC [810115] Leihitu
2026-07-01 15:45:35 [INFO]       11 kelurahan di Leihitu
2026-07-01 15:45:35 [INFO]     KEC [810116] Nusa Laut
2026-07-01 15:45:36 [INFO]       7 kelurahan di Nusa Laut
2026-07-01 15:45:36 [INFO]     KEC [810117] Kota Masohi
2026-07-01 15:45:36 [INFO]       5 kelurahan di Kota Masohi
2026-07-01 15:45:36 [INFO]     KEC [810120] Seram Utara Barat
2026-07-01 15:45:37 [INFO]       13 kelurahan di Seram Utara Barat
2026-07-01 15:45:37 [INFO]     KEC [810121] Teluk Elpaputih
2026-07-01 15:45:38 [INFO]       4 kelurahan di Teluk Elpaputih
2026-07-01 15:45:38 [INFO]     KEC [810122] Leihitu Barat
2026-07-01 15:45:38 [INFO]       5 kelurahan di Leihitu Barat
2026-07-01 15:45:38 [INFO]     KEC [810123] Telutih
2026-07-01 15:45:39 [INFO]       10 kelurahan di Telutih
2026-07-01 15:45:39 [INFO]     KEC [810124] Seram Utara Timur Seti
2026-07-01 15:45:39 [INFO]       12 kelurahan di Seram Utara Timur Seti
2026-07-01 15:45:39 [INFO]     KEC [810125] Seram Utara Timur Kobi
2026-07-01 15:45:40 [INFO]       12 kelurahan di Seram Utara Timur Kobi
2026-07-01 15:45:40 [INFO]     KEC [810126] Saparua Timur
2026-07-01 15:45:40 [INFO]       10 kelurahan di Saparua Timur
2026-07-01 15:45:40 [INFO]   KAB [8102] Kabupaten Maluku Tenggara
2026-07-01 15:45:41 [INFO]     KEC [810201] Kei Kecil
2026-07-01 15:45:42 [INFO]       15 kelurahan di Kei Kecil
2026-07-01 15:45:42 [INFO]     KEC [810203] Kei Besar
2026-07-01 15:45:42 [INFO]       37 kelurahan di Kei Besar
2026-07-01 15:45:42 [INFO]     KEC [810204] Kei Besar Selatan
2026-07-01 15:45:43 [INFO]       10 kelurahan di Kei Besar Selatan
2026-07-01 15:45:43 [INFO]     KEC [810205] Kei Besar Utara Timur
2026-07-01 15:45:43 [INFO]       30 kelurahan di Kei Besar Utara Timur
2026-07-01 15:45:43 [INFO]     KEC [810213] Kei Kecil Timur
2026-07-01 15:45:44 [INFO]       18 kelurahan di Kei Kecil Timur
2026-07-01 15:45:44 [INFO]     KEC [810214] Kei Kecil Barat
2026-07-01 15:45:44 [INFO]       10 kelurahan di Kei Kecil Barat
2026-07-01 15:45:44 [INFO]     KEC [810215] Manyeuw
2026-07-01 15:45:45 [INFO]       9 kelurahan di Manyeuw
2026-07-01 15:45:45 [INFO]     KEC [810216] Hoat Sorbay
2026-07-01 15:45:46 [INFO]       13 kelurahan di Hoat Sorbay
2026-07-01 15:45:46 [INFO]     KEC [810217] Kei Besar Utara Barat
2026-07-01 15:45:46 [INFO]       25 kelurahan di Kei Besar Utara Barat
2026-07-01 15:45:46 [INFO]     KEC [810218] Kei Besar Selatan Barat
2026-07-01 15:45:47 [INFO]       13 kelurahan di Kei Besar Selatan Barat
2026-07-01 15:45:47 [INFO]     KEC [810219] Kei Kecil Timur Selatan
2026-07-01 15:45:47 [INFO]       11 kelurahan di Kei Kecil Timur Selatan
2026-07-01 15:45:47 [INFO]   KAB [8103] Kabupaten Kepulauan Tanimbar
2026-07-01 15:45:48 [INFO]     KEC [810301] Tanimbar Selatan
2026-07-01 15:45:48 [INFO]       12 kelurahan di Tanimbar Selatan
2026-07-01 15:45:48 [INFO]     KEC [810302] Selaru
2026-07-01 15:45:49 [INFO]       7 kelurahan di Selaru
2026-07-01 15:45:49 [INFO]     KEC [810303] Wertamrian
2026-07-01 15:45:49 [INFO]       9 kelurahan di Wertamrian
2026-07-01 15:45:49 [INFO]     KEC [810304] Wermaktian
2026-07-01 15:45:50 [INFO]       9 kelurahan di Wermaktian
2026-07-01 15:45:50 [INFO]     KEC [810305] Tanimbar Utara
2026-07-01 15:45:51 [INFO]       8 kelurahan di Tanimbar Utara
2026-07-01 15:45:51 [INFO]     KEC [810306] Fordata
2026-07-01 15:45:51 [INFO]       6 kelurahan di Fordata
2026-07-01 15:45:51 [INFO]     KEC [810307] Wuar Labobar
2026-07-01 15:45:52 [INFO]       11 kelurahan di Wuar Labobar
2026-07-01 15:45:52 [INFO]     KEC [810308] Kormomolin
2026-07-01 15:45:53 [INFO]       10 kelurahan di Kormomolin
2026-07-01 15:45:53 [INFO]     KEC [810309] Nirunmas
2026-07-01 15:45:53 [INFO]       5 kelurahan di Nirunmas
2026-07-01 15:45:53 [INFO]     KEC [810318] Molu Maru
2026-07-01 15:45:54 [INFO]       5 kelurahan di Molu Maru
2026-07-01 15:45:54 [INFO]   KAB [8104] Kabupaten Buru
2026-07-01 15:45:54 [INFO]     KEC [810401] Namlea
2026-07-01 15:45:55 [INFO]       7 kelurahan di Namlea
2026-07-01 15:45:55 [INFO]     KEC [810402] Air Buaya
2026-07-01 15:45:56 [INFO]       10 kelurahan di Air Buaya
2026-07-01 15:45:56 [INFO]     KEC [810403] Waeapo
2026-07-01 15:45:56 [INFO]       7 kelurahan di Waeapo
2026-07-01 15:45:56 [INFO]     KEC [810406] Waplau
2026-07-01 15:45:57 [INFO]       10 kelurahan di Waplau
2026-07-01 15:45:57 [INFO]     KEC [810410] Batabual
2026-07-01 15:45:58 [INFO]       5 kelurahan di Batabual
2026-07-01 15:45:58 [INFO]     KEC [810411] Lolong Guba
2026-07-01 15:45:58 [INFO]       10 kelurahan di Lolong Guba
2026-07-01 15:45:58 [INFO]     KEC [810412] Waelata
2026-07-01 15:45:59 [INFO]       10 kelurahan di Waelata
2026-07-01 15:45:59 [INFO]     KEC [810413] Fena Leisela
2026-07-01 15:45:59 [INFO]       13 kelurahan di Fena Leisela
2026-07-01 15:45:59 [INFO]     KEC [810414] Teluk Kaiely
2026-07-01 15:46:00 [INFO]       5 kelurahan di Teluk Kaiely
2026-07-01 15:46:00 [INFO]     KEC [810415] Lilialy
2026-07-01 15:46:00 [INFO]       5 kelurahan di Lilialy
2026-07-01 15:46:00 [INFO]   KAB [8105] Kabupaten Seram Bagian Timur
2026-07-01 15:46:01 [INFO]     KEC [810501] Bula
2026-07-01 15:46:02 [INFO]       10 kelurahan di Bula
2026-07-01 15:46:02 [INFO]     KEC [810502] Seram Timur
2026-07-01 15:46:02 [INFO]       6 kelurahan di Seram Timur
2026-07-01 15:46:02 [INFO]     KEC [810503] Werinama
2026-07-01 15:46:03 [INFO]       10 kelurahan di Werinama
2026-07-01 15:46:03 [INFO]     KEC [810504] Pulau Gorom
2026-07-01 15:46:03 [INFO]       24 kelurahan di Pulau Gorom
2026-07-01 15:46:03 [INFO]     KEC [810505] Wakate
2026-07-01 15:46:04 [INFO]       18 kelurahan di Wakate
2026-07-01 15:46:04 [INFO]     KEC [810506] Tutuk Tolu
2026-07-01 15:46:05 [INFO]       11 kelurahan di Tutuk Tolu
2026-07-01 15:46:05 [INFO]     KEC [810507] Siwalalat
2026-07-01 15:46:05 [INFO]       12 kelurahan di Siwalalat
2026-07-01 15:46:05 [INFO]     KEC [810508] Kilmury
2026-07-01 15:46:06 [INFO]       14 kelurahan di Kilmury
2026-07-01 15:46:06 [INFO]     KEC [810509] Pulau Panjang
2026-07-01 15:46:06 [INFO]       6 kelurahan di Pulau Panjang
2026-07-01 15:46:06 [INFO]     KEC [810510] Teor
2026-07-01 15:46:07 [INFO]       10 kelurahan di Teor
2026-07-01 15:46:07 [INFO]     KEC [810511] Gorom Timur
2026-07-01 15:46:08 [INFO]       23 kelurahan di Gorom Timur
2026-07-01 15:46:08 [INFO]     KEC [810512] Bula Barat
2026-07-01 15:46:08 [INFO]       13 kelurahan di Bula Barat
2026-07-01 15:46:08 [INFO]     KEC [810513] Kian Darat
2026-07-01 15:46:09 [INFO]       10 kelurahan di Kian Darat
2026-07-01 15:46:09 [INFO]     KEC [810514] Siritaun Wida Timur
2026-07-01 15:46:09 [INFO]       10 kelurahan di Siritaun Wida Timur
2026-07-01 15:46:09 [INFO]     KEC [810515] Teluk Waru
2026-07-01 15:46:10 [INFO]       11 kelurahan di Teluk Waru
2026-07-01 15:46:10 [INFO]     KEC [810516] Ukar Sengan
2026-07-01 15:46:10 [INFO]       10 kelurahan di Ukar Sengan
2026-07-01 15:46:10 [INFO]   KAB [8106] Kabupaten Seram Bagian Barat
2026-07-01 15:46:11 [INFO]     KEC [810601] Kairatu
2026-07-01 15:46:11 [INFO]       7 kelurahan di Kairatu
2026-07-01 15:46:11 [INFO]     KEC [810602] Seram Barat
2026-07-01 15:46:12 [INFO]       7 kelurahan di Seram Barat
2026-07-01 15:46:12 [INFO]     KEC [810603] Taniwel
2026-07-01 15:46:13 [INFO]       19 kelurahan di Taniwel
2026-07-01 15:46:13 [INFO]     KEC [810604] Huamual Belakang
2026-07-01 15:46:13 [INFO]       7 kelurahan di Huamual Belakang
2026-07-01 15:46:13 [INFO]     KEC [810605] Amalatu
2026-07-01 15:46:14 [INFO]       7 kelurahan di Amalatu
2026-07-01 15:46:14 [INFO]     KEC [810606] Inamosol
2026-07-01 15:46:14 [INFO]       5 kelurahan di Inamosol
2026-07-01 15:46:14 [INFO]     KEC [810607] Kairatu Barat
2026-07-01 15:46:15 [INFO]       6 kelurahan di Kairatu Barat
2026-07-01 15:46:15 [INFO]     KEC [810608] Huamual
2026-07-01 15:46:16 [INFO]       5 kelurahan di Huamual
2026-07-01 15:46:16 [INFO]     KEC [810609] Kepulauan Manipa
2026-07-01 15:46:16 [INFO]       7 kelurahan di Kepulauan Manipa
2026-07-01 15:46:16 [INFO]     KEC [810610] Taniwel Timur
2026-07-01 15:46:17 [INFO]       15 kelurahan di Taniwel Timur
2026-07-01 15:46:17 [INFO]     KEC [810611] Elpaputih
2026-07-01 15:46:17 [INFO]       7 kelurahan di Elpaputih
2026-07-01 15:46:17 [INFO]   KAB [8107] Kabupaten Kepulauan Aru
2026-07-01 15:46:18 [INFO]     KEC [810701] Pulau-Pulau Aru
2026-07-01 15:46:18 [INFO]       15 kelurahan di Pulau-Pulau Aru
2026-07-01 15:46:18 [INFO]     KEC [810702] Aru Selatan
2026-07-01 15:46:19 [INFO]       15 kelurahan di Aru Selatan
2026-07-01 15:46:19 [INFO]     KEC [810703] Aru Tengah
2026-07-01 15:46:20 [INFO]       22 kelurahan di Aru Tengah
2026-07-01 15:46:20 [INFO]     KEC [810704] Aru Utara
2026-07-01 15:46:20 [INFO]       12 kelurahan di Aru Utara
2026-07-01 15:46:20 [INFO]     KEC [810705] Aru Utara Timur Batuley
2026-07-01 15:46:21 [INFO]       9 kelurahan di Aru Utara Timur Batuley
2026-07-01 15:46:21 [INFO]     KEC [810706] Sir-Sir
2026-07-01 15:46:21 [INFO]       9 kelurahan di Sir-Sir
2026-07-01 15:46:21 [INFO]     KEC [810707] Aru Tengah Timur
2026-07-01 15:46:22 [INFO]       13 kelurahan di Aru Tengah Timur
2026-07-01 15:46:22 [INFO]     KEC [810708] Aru Tengah Selatan
2026-07-01 15:46:22 [INFO]       7 kelurahan di Aru Tengah Selatan
2026-07-01 15:46:22 [INFO]     KEC [810709] Aru Selatan Timur
2026-07-01 15:46:23 [INFO]       10 kelurahan di Aru Selatan Timur
2026-07-01 15:46:23 [INFO]     KEC [810710] Aru Selatan Utara
2026-07-01 15:46:23 [INFO]       7 kelurahan di Aru Selatan Utara
2026-07-01 15:46:24 [INFO]   KAB [8108] Kabupaten Maluku Barat Daya
2026-07-01 15:46:24 [INFO]     KEC [810801] Moa
2026-07-01 15:46:25 [INFO]       8 kelurahan di Moa
2026-07-01 15:46:25 [INFO]     KEC [810802] Damer
2026-07-01 15:46:25 [INFO]       7 kelurahan di Damer
2026-07-01 15:46:25 [INFO]     KEC [810803] Kepulauan Luang Sermata
2026-07-01 15:46:26 [INFO]       11 kelurahan di Kepulauan Luang Sermata
2026-07-01 15:46:26 [INFO]     KEC [810804] Babar Barat
2026-07-01 15:46:26 [INFO]       9 kelurahan di Babar Barat
2026-07-01 15:46:27 [INFO]     KEC [810805] Pulau-pulau Babar Timur
2026-07-01 15:46:27 [INFO]       11 kelurahan di Pulau-pulau Babar Timur
2026-07-01 15:46:27 [INFO]     KEC [810806] Wetar Selatan
2026-07-01 15:46:28 [INFO]       6 kelurahan di Wetar Selatan
2026-07-01 15:46:28 [INFO]     KEC [810807] Kisar Selatan
2026-07-01 15:46:28 [INFO]       6 kelurahan di Kisar Selatan
2026-07-01 15:46:28 [INFO]     KEC [810808] Pulau Leti
2026-07-01 15:46:29 [INFO]       7 kelurahan di Pulau Leti
2026-07-01 15:46:29 [INFO]     KEC [810809] Pulau Masela
2026-07-01 15:46:29 [INFO]       11 kelurahan di Pulau Masela
2026-07-01 15:46:29 [INFO]     KEC [810810] Dawelor Dawera
2026-07-01 15:46:30 [INFO]       6 kelurahan di Dawelor Dawera
2026-07-01 15:46:30 [INFO]     KEC [810811] Pulau Wetang
2026-07-01 15:46:31 [INFO]       8 kelurahan di Pulau Wetang
2026-07-01 15:46:31 [INFO]     KEC [810812] Pulau Lakor
2026-07-01 15:46:31 [INFO]       5 kelurahan di Pulau Lakor
2026-07-01 15:46:31 [INFO]     KEC [810813] Wetar Utara
2026-07-01 15:46:32 [INFO]       6 kelurahan di Wetar Utara
2026-07-01 15:46:32 [INFO]     KEC [810814] Wetar Barat
2026-07-01 15:46:32 [INFO]       5 kelurahan di Wetar Barat
2026-07-01 15:46:32 [INFO]     KEC [810815] Wetar Timur
2026-07-01 15:46:33 [INFO]       6 kelurahan di Wetar Timur
2026-07-01 15:46:33 [INFO]     KEC [810816] Kepulauan Roma
2026-07-01 15:46:33 [INFO]       3 kelurahan di Kepulauan Roma
2026-07-01 15:46:33 [INFO]     KEC [810817] Kisar Utara
2026-07-01 15:46:34 [INFO]       3 kelurahan di Kisar Utara
2026-07-01 15:46:34 [INFO]   KAB [8109] Kabupaten Buru Selatan
2026-07-01 15:46:34 [INFO]     KEC [810901] Namrole
2026-07-01 15:46:35 [INFO]       17 kelurahan di Namrole
2026-07-01 15:46:35 [INFO]     KEC [810902] Waesama
2026-07-01 15:46:36 [INFO]       11 kelurahan di Waesama
2026-07-01 15:46:36 [INFO]     KEC [810903] Ambalau
2026-07-01 15:46:36 [INFO]       7 kelurahan di Ambalau
2026-07-01 15:46:36 [INFO]     KEC [810904] Kepala Madan
2026-07-01 15:46:37 [INFO]       16 kelurahan di Kepala Madan
2026-07-01 15:46:37 [INFO]     KEC [810905] Leksula
2026-07-01 15:46:38 [INFO]       19 kelurahan di Leksula
2026-07-01 15:46:38 [INFO]     KEC [810906] Fena Fafan
2026-07-01 15:46:38 [INFO]       11 kelurahan di Fena Fafan
2026-07-01 15:46:38 [INFO]   KAB [8171] Kota Ambon
2026-07-01 15:46:39 [INFO]     KEC [817101] Nusaniwe
2026-07-01 15:46:39 [INFO]       13 kelurahan di Nusaniwe
2026-07-01 15:46:39 [INFO]     KEC [817102] Sirimau
2026-07-01 15:46:40 [INFO]       14 kelurahan di Sirimau
2026-07-01 15:46:40 [INFO]     KEC [817103] Baguala
2026-07-01 15:46:41 [INFO]       7 kelurahan di Baguala
2026-07-01 15:46:41 [INFO]     KEC [817104] Teluk Ambon
2026-07-01 15:46:41 [INFO]       8 kelurahan di Teluk Ambon
2026-07-01 15:46:41 [INFO]     KEC [817105] Leitimur Selatan
2026-07-01 15:46:42 [INFO]       8 kelurahan di Leitimur Selatan
2026-07-01 15:46:42 [INFO]   KAB [8172] Kota Tual
2026-07-01 15:46:42 [INFO]     KEC [817201] Pulau Dullah Utara
2026-07-01 15:46:43 [INFO]       8 kelurahan di Pulau Dullah Utara
2026-07-01 15:46:43 [INFO]     KEC [817202] Pulau Dullah Selatan
2026-07-01 15:46:43 [INFO]       5 kelurahan di Pulau Dullah Selatan
2026-07-01 15:46:43 [INFO]     KEC [817203] Tayando Tam
2026-07-01 15:46:44 [INFO]       5 kelurahan di Tayando Tam
2026-07-01 15:46:44 [INFO]     KEC [817204] Pulau-Pulau Kur
2026-07-01 15:46:45 [INFO]       5 kelurahan di Pulau-Pulau Kur
2026-07-01 15:46:45 [INFO]     KEC [817205] Kur Selatan
2026-07-01 15:46:45 [INFO]       7 kelurahan di Kur Selatan
2026-07-01 15:46:45 [INFO] PROVINSI SELESAI [81] Maluku
2026-07-01 15:46:45 [INFO] PROVINSI [82] Maluku Utara
2026-07-01 15:46:46 [INFO]   KAB [8201] Kabupaten Halmahera Barat
2026-07-01 15:46:47 [INFO]     KEC [820101] Jailolo
2026-07-01 15:46:47 [INFO]       34 kelurahan di Jailolo
2026-07-01 15:46:47 [INFO]     KEC [820102] Loloda
2026-07-01 15:46:48 [INFO]       17 kelurahan di Loloda
2026-07-01 15:46:48 [INFO]     KEC [820103] Ibu
2026-07-01 15:46:48 [INFO]       17 kelurahan di Ibu
2026-07-01 15:46:48 [INFO]     KEC [820104] Sahu
2026-07-01 15:46:49 [INFO]       19 kelurahan di Sahu
2026-07-01 15:46:49 [INFO]     KEC [820105] Jailolo Selatan
2026-07-01 15:46:49 [INFO]       26 kelurahan di Jailolo Selatan
2026-07-01 15:46:49 [INFO]     KEC [820107] Ibu Utara
2026-07-01 15:46:50 [INFO]       16 kelurahan di Ibu Utara
2026-07-01 15:46:50 [INFO]     KEC [820108] Ibu Selatan
2026-07-01 15:46:51 [INFO]       16 kelurahan di Ibu Selatan
2026-07-01 15:46:51 [INFO]     KEC [820109] Sahu Timur
2026-07-01 15:46:51 [INFO]       18 kelurahan di Sahu Timur
2026-07-01 15:46:51 [INFO]     KEC [820110] Loloda Tengah
2026-07-01 15:46:52 [INFO]       10 kelurahan di Loloda Tengah
2026-07-01 15:46:52 [INFO]   KAB [8202] Kabupaten Halmahera Tengah
2026-07-01 15:46:53 [INFO]     KEC [820201] Weda
2026-07-01 15:46:53 [INFO]       7 kelurahan di Weda
2026-07-01 15:46:53 [INFO]     KEC [820202] Patani
2026-07-01 15:46:54 [INFO]       5 kelurahan di Patani
2026-07-01 15:46:54 [INFO]     KEC [820203] Pulau Gebe
2026-07-01 15:46:54 [INFO]       8 kelurahan di Pulau Gebe
2026-07-01 15:46:54 [INFO]     KEC [820204] Weda Utara
2026-07-01 15:46:55 [INFO]       5 kelurahan di Weda Utara
2026-07-01 15:46:55 [INFO]     KEC [820205] Weda Selatan
2026-07-01 15:46:55 [INFO]       8 kelurahan di Weda Selatan
2026-07-01 15:46:56 [INFO]     KEC [820206] Patani Utara
2026-07-01 15:46:56 [INFO]       6 kelurahan di Patani Utara
2026-07-01 15:46:56 [INFO]     KEC [820207] Weda Tengah
2026-07-01 15:46:57 [INFO]       7 kelurahan di Weda Tengah
2026-07-01 15:46:57 [INFO]     KEC [820208] Patani Barat
2026-07-01 15:46:57 [INFO]       5 kelurahan di Patani Barat
2026-07-01 15:46:57 [INFO]     KEC [820209] Weda Timur
2026-07-01 15:46:58 [INFO]       4 kelurahan di Weda Timur
2026-07-01 15:46:58 [INFO]     KEC [820210] Patani Timur
2026-07-01 15:46:58 [INFO]       6 kelurahan di Patani Timur
2026-07-01 15:46:58 [INFO]   KAB [8203] Kabupaten Halmahera Utara
2026-07-01 15:46:59 [INFO]     KEC [820304] Galela
2026-07-01 15:47:00 [INFO]       7 kelurahan di Galela
2026-07-01 15:47:00 [INFO]     KEC [820305] Tobelo
2026-07-01 15:47:00 [INFO]       10 kelurahan di Tobelo
2026-07-01 15:47:00 [INFO]     KEC [820306] Tobelo Selatan
2026-07-01 15:47:01 [INFO]       13 kelurahan di Tobelo Selatan
2026-07-01 15:47:01 [INFO]     KEC [820307] Kao
2026-07-01 15:47:01 [INFO]       14 kelurahan di Kao
2026-07-01 15:47:01 [INFO]     KEC [820308] Malifut
2026-07-01 15:47:02 [INFO]       22 kelurahan di Malifut
2026-07-01 15:47:02 [INFO]     KEC [820309] Loloda Utara
2026-07-01 15:47:02 [INFO]       18 kelurahan di Loloda Utara
2026-07-01 15:47:02 [INFO]     KEC [820310] Tobelo Utara
2026-07-01 15:47:03 [INFO]       10 kelurahan di Tobelo Utara
2026-07-01 15:47:03 [INFO]     KEC [820311] Tobelo Tengah
2026-07-01 15:47:04 [INFO]       9 kelurahan di Tobelo Tengah
2026-07-01 15:47:04 [INFO]     KEC [820312] Tobelo Timur
2026-07-01 15:47:04 [INFO]       6 kelurahan di Tobelo Timur
2026-07-01 15:47:04 [INFO]     KEC [820313] Tobelo Barat
2026-07-01 15:47:05 [INFO]       5 kelurahan di Tobelo Barat
2026-07-01 15:47:05 [INFO]     KEC [820314] Galela Barat
2026-07-01 15:47:05 [INFO]       9 kelurahan di Galela Barat
2026-07-01 15:47:05 [INFO]     KEC [820315] Galela Utara
2026-07-01 15:47:06 [INFO]       12 kelurahan di Galela Utara
2026-07-01 15:47:06 [INFO]     KEC [820316] Galela Selatan
2026-07-01 15:47:06 [INFO]       7 kelurahan di Galela Selatan
2026-07-01 15:47:06 [INFO]     KEC [820319] Loloda Kepulauan
2026-07-01 15:47:07 [INFO]       10 kelurahan di Loloda Kepulauan
2026-07-01 15:47:07 [INFO]     KEC [820320] Kao Utara
2026-07-01 15:47:07 [INFO]       12 kelurahan di Kao Utara
2026-07-01 15:47:07 [INFO]     KEC [820321] Kao Barat
2026-07-01 15:47:08 [INFO]       21 kelurahan di Kao Barat
2026-07-01 15:47:08 [INFO]     KEC [820322] Kao Teluk
2026-07-01 15:47:09 [INFO]       11 kelurahan di Kao Teluk
2026-07-01 15:47:09 [INFO]   KAB [8204] Kabupaten Halmahera Selatan
2026-07-01 15:47:09 [INFO]     KEC [820401] Pulau Makian
2026-07-01 15:47:10 [INFO]       15 kelurahan di Pulau Makian
2026-07-01 15:47:10 [INFO]     KEC [820402] Kayoa
2026-07-01 15:47:11 [INFO]       14 kelurahan di Kayoa
2026-07-01 15:47:11 [INFO]     KEC [820403] Gane Timur
2026-07-01 15:47:11 [INFO]       12 kelurahan di Gane Timur
2026-07-01 15:47:11 [INFO]     KEC [820404] Gane Barat
2026-07-01 15:47:12 [INFO]       10 kelurahan di Gane Barat
2026-07-01 15:47:12 [INFO]     KEC [820405] Obi Selatan
2026-07-01 15:47:12 [INFO]       8 kelurahan di Obi Selatan
2026-07-01 15:47:12 [INFO]     KEC [820406] Obi
2026-07-01 15:47:13 [INFO]       9 kelurahan di Obi
2026-07-01 15:47:13 [INFO]     KEC [820407] Bacan Timur
2026-07-01 15:47:13 [INFO]       10 kelurahan di Bacan Timur
2026-07-01 15:47:13 [INFO]     KEC [820408] Bacan
2026-07-01 15:47:14 [INFO]       14 kelurahan di Bacan
2026-07-01 15:47:14 [INFO]     KEC [820409] Bacan Barat
2026-07-01 15:47:15 [INFO]       7 kelurahan di Bacan Barat
2026-07-01 15:47:15 [INFO]     KEC [820410] Makian Barat
2026-07-01 15:47:15 [INFO]       7 kelurahan di Makian Barat
2026-07-01 15:47:15 [INFO]     KEC [820411] Kayoa Barat
2026-07-01 15:47:16 [INFO]       4 kelurahan di Kayoa Barat
2026-07-01 15:47:16 [INFO]     KEC [820412] Kayoa Selatan
2026-07-01 15:47:16 [INFO]       6 kelurahan di Kayoa Selatan
2026-07-01 15:47:16 [INFO]     KEC [820413] Kayoa Utara
2026-07-01 15:47:17 [INFO]       6 kelurahan di Kayoa Utara
2026-07-01 15:47:17 [INFO]     KEC [820414] Bacan Barat Utara
2026-07-01 15:47:18 [INFO]       8 kelurahan di Bacan Barat Utara
2026-07-01 15:47:18 [INFO]     KEC [820415] Kasiruta Barat
2026-07-01 15:47:18 [INFO]       10 kelurahan di Kasiruta Barat
2026-07-01 15:47:18 [INFO]     KEC [820416] Kasiruta Timur
2026-07-01 15:47:19 [INFO]       8 kelurahan di Kasiruta Timur
2026-07-01 15:47:19 [INFO]     KEC [820417] Bacan Selatan
2026-07-01 15:47:19 [INFO]       10 kelurahan di Bacan Selatan
2026-07-01 15:47:19 [INFO]     KEC [820418] Kepulauan Botanglomang
2026-07-01 15:47:20 [INFO]       8 kelurahan di Kepulauan Botanglomang
2026-07-01 15:47:20 [INFO]     KEC [820419] Mandioli Selatan
2026-07-01 15:47:21 [INFO]       6 kelurahan di Mandioli Selatan
2026-07-01 15:47:21 [INFO]     KEC [820420] Mandioli Utara
2026-07-01 15:47:21 [INFO]       6 kelurahan di Mandioli Utara
2026-07-01 15:47:21 [INFO]     KEC [820421] Bacan Timur Selatan
2026-07-01 15:47:22 [INFO]       7 kelurahan di Bacan Timur Selatan
2026-07-01 15:47:22 [INFO]     KEC [820422] Bacan Timur Tengah
2026-07-01 15:47:22 [INFO]       7 kelurahan di Bacan Timur Tengah
2026-07-01 15:47:22 [INFO]     KEC [820423] Gane Barat Selatan
2026-07-01 15:47:23 [INFO]       8 kelurahan di Gane Barat Selatan
2026-07-01 15:47:23 [INFO]     KEC [820424] Gane Barat Utara
2026-07-01 15:47:23 [INFO]       12 kelurahan di Gane Barat Utara
2026-07-01 15:47:23 [INFO]     KEC [820425] Kepulauan Joronga
2026-07-01 15:47:24 [INFO]       7 kelurahan di Kepulauan Joronga
2026-07-01 15:47:24 [INFO]     KEC [820426] Gane Timur Selatan
2026-07-01 15:47:25 [INFO]       5 kelurahan di Gane Timur Selatan
2026-07-01 15:47:25 [INFO]     KEC [820427] Gane Timur Tengah
2026-07-01 15:47:25 [INFO]       8 kelurahan di Gane Timur Tengah
2026-07-01 15:47:25 [INFO]     KEC [820428] Obi Barat
2026-07-01 15:47:26 [INFO]       6 kelurahan di Obi Barat
2026-07-01 15:47:26 [INFO]     KEC [820429] Obi Timur
2026-07-01 15:47:26 [INFO]       4 kelurahan di Obi Timur
2026-07-01 15:47:26 [INFO]     KEC [820430] Obi Utara
2026-07-01 15:47:27 [INFO]       7 kelurahan di Obi Utara
2026-07-01 15:47:27 [INFO]   KAB [8205] Kabupaten Kepulauan Sula
2026-07-01 15:47:28 [INFO]     KEC [820501] Mangoli Timur
2026-07-01 15:47:28 [INFO]       5 kelurahan di Mangoli Timur
2026-07-01 15:47:28 [INFO]     KEC [820502] Sanana
2026-07-01 15:47:29 [INFO]       11 kelurahan di Sanana
2026-07-01 15:47:29 [INFO]     KEC [820503] Sulabesi Barat
2026-07-01 15:47:29 [INFO]       6 kelurahan di Sulabesi Barat
2026-07-01 15:47:29 [INFO]     KEC [820506] Mangoli Barat
2026-07-01 15:47:30 [INFO]       7 kelurahan di Mangoli Barat
2026-07-01 15:47:30 [INFO]     KEC [820507] Sulabesi Tengah
2026-07-01 15:47:30 [INFO]       6 kelurahan di Sulabesi Tengah
2026-07-01 15:47:30 [INFO]     KEC [820508] Sulabesi Timur
2026-07-01 15:47:31 [INFO]       6 kelurahan di Sulabesi Timur
2026-07-01 15:47:31 [INFO]     KEC [820509] Sulabesi Selatan
2026-07-01 15:47:32 [INFO]       5 kelurahan di Sulabesi Selatan
2026-07-01 15:47:32 [INFO]     KEC [820510] Mangoli Utara Timur
2026-07-01 15:47:32 [INFO]       4 kelurahan di Mangoli Utara Timur
2026-07-01 15:47:32 [INFO]     KEC [820511] Mangoli Tengah
2026-07-01 15:47:33 [INFO]       9 kelurahan di Mangoli Tengah
2026-07-01 15:47:33 [INFO]     KEC [820512] Mangoli Selatan
2026-07-01 15:47:33 [INFO]       5 kelurahan di Mangoli Selatan
2026-07-01 15:47:33 [INFO]     KEC [820513] Mangoli Utara
2026-07-01 15:47:34 [INFO]       7 kelurahan di Mangoli Utara
2026-07-01 15:47:34 [INFO]     KEC [820518] Sanana Utara
2026-07-01 15:47:34 [INFO]       7 kelurahan di Sanana Utara
2026-07-01 15:47:34 [INFO]   KAB [8206] Kabupaten Halmahera Timur
2026-07-01 15:47:35 [INFO]     KEC [820601] Wasile
2026-07-01 15:47:35 [INFO]       7 kelurahan di Wasile
2026-07-01 15:47:36 [INFO]     KEC [820602] Maba
2026-07-01 15:47:36 [INFO]       10 kelurahan di Maba
2026-07-01 15:47:36 [INFO]     KEC [820603] Maba Selatan
2026-07-01 15:47:37 [INFO]       9 kelurahan di Maba Selatan
2026-07-01 15:47:37 [INFO]     KEC [820604] Wasile Selatan
2026-07-01 15:47:37 [INFO]       24 kelurahan di Wasile Selatan
2026-07-01 15:47:37 [INFO]     KEC [820605] Wasile Tengah
2026-07-01 15:47:38 [INFO]       8 kelurahan di Wasile Tengah
2026-07-01 15:47:38 [INFO]     KEC [820606] Wasile Utara
2026-07-01 15:47:38 [INFO]       8 kelurahan di Wasile Utara
2026-07-01 15:47:38 [INFO]     KEC [820607] Wasile Timur
2026-07-01 15:47:39 [INFO]       8 kelurahan di Wasile Timur
2026-07-01 15:47:39 [INFO]     KEC [820608] Maba Tengah
2026-07-01 15:47:40 [INFO]       12 kelurahan di Maba Tengah
2026-07-01 15:47:40 [INFO]     KEC [820609] Maba Utara
2026-07-01 15:47:40 [INFO]       10 kelurahan di Maba Utara
2026-07-01 15:47:40 [INFO]     KEC [820610] Kota Maba
2026-07-01 15:47:41 [INFO]       6 kelurahan di Kota Maba
2026-07-01 15:47:41 [INFO]   KAB [8207] Kabupaten Pulau Morotai
2026-07-01 15:47:41 [INFO]     KEC [820701] Morotai Selatan
2026-07-01 15:47:42 [INFO]       25 kelurahan di Morotai Selatan
2026-07-01 15:47:42 [INFO]     KEC [820702] Morotai Selatan Barat
2026-07-01 15:47:42 [INFO]       15 kelurahan di Morotai Selatan Barat
2026-07-01 15:47:43 [INFO]     KEC [820703] Morotai Jaya
2026-07-01 15:47:43 [INFO]       14 kelurahan di Morotai Jaya
2026-07-01 15:47:43 [INFO]     KEC [820704] Morotai Utara
2026-07-01 15:47:44 [INFO]       14 kelurahan di Morotai Utara
2026-07-01 15:47:44 [INFO]     KEC [820705] Morotai Timur
2026-07-01 15:47:44 [INFO]       15 kelurahan di Morotai Timur
2026-07-01 15:47:44 [INFO]     KEC [820706] Pulau Rao
2026-07-01 15:47:45 [INFO]       5 kelurahan di Pulau Rao
2026-07-01 15:47:45 [INFO]   KAB [8208] Kabupaten Pulau Taliabu
2026-07-01 15:47:45 [INFO]     KEC [820801] Taliabu Barat
2026-07-01 15:47:46 [INFO]       13 kelurahan di Taliabu Barat
2026-07-01 15:47:46 [INFO]     KEC [820802] Taliabu Barat Laut
2026-07-01 15:47:46 [INFO]       5 kelurahan di Taliabu Barat Laut
2026-07-01 15:47:47 [INFO]     KEC [820803] Lede
2026-07-01 15:47:47 [INFO]       5 kelurahan di Lede
2026-07-01 15:47:47 [INFO]     KEC [820804] Taliabu Utara
2026-07-01 15:47:48 [INFO]       19 kelurahan di Taliabu Utara
2026-07-01 15:47:48 [INFO]     KEC [820805] Taliabu Timur
2026-07-01 15:47:48 [INFO]       4 kelurahan di Taliabu Timur
2026-07-01 15:47:48 [INFO]     KEC [820806] Taliabu Timur Selatan
2026-07-01 15:47:49 [INFO]       9 kelurahan di Taliabu Timur Selatan
2026-07-01 15:47:49 [INFO]     KEC [820807] Taliabu Selatan
2026-07-01 15:47:49 [INFO]       9 kelurahan di Taliabu Selatan
2026-07-01 15:47:49 [INFO]     KEC [820808] Tabona
2026-07-01 15:47:50 [INFO]       7 kelurahan di Tabona
2026-07-01 15:47:50 [INFO]   KAB [8271] Kota Ternate
2026-07-01 15:47:51 [INFO]     KEC [827101] Pulau Ternate
2026-07-01 15:47:51 [INFO]       6 kelurahan di Pulau Ternate
2026-07-01 15:47:51 [INFO]     KEC [827102] Kota Ternate Selatan
2026-07-01 15:47:52 [INFO]       17 kelurahan di Kota Ternate Selatan
2026-07-01 15:47:52 [INFO]     KEC [827103] Kota Ternate Utara
2026-07-01 15:47:52 [INFO]       14 kelurahan di Kota Ternate Utara
2026-07-01 15:47:52 [INFO]     KEC [827104] Moti
2026-07-01 15:47:53 [INFO]       6 kelurahan di Moti
2026-07-01 15:47:53 [INFO]     KEC [827105] Pulau Batang Dua
2026-07-01 15:47:53 [INFO]       6 kelurahan di Pulau Batang Dua
2026-07-01 15:47:53 [INFO]     KEC [827106] Kota Ternate Tengah
2026-07-01 15:47:54 [INFO]       16 kelurahan di Kota Ternate Tengah
2026-07-01 15:47:54 [INFO]     KEC [827107] Pulau Hiri
2026-07-01 15:47:55 [INFO]       6 kelurahan di Pulau Hiri
2026-07-01 15:47:55 [INFO]     KEC [827108] Ternate Barat
2026-07-01 15:47:55 [INFO]       7 kelurahan di Ternate Barat
2026-07-01 15:47:55 [INFO]   KAB [8272] Kota Tidore Kepulauan
2026-07-01 15:47:56 [INFO]     KEC [827201] Tidore
2026-07-01 15:47:56 [INFO]       13 kelurahan di Tidore
2026-07-01 15:47:56 [INFO]     KEC [827202] Oba Utara
2026-07-01 15:47:57 [INFO]       13 kelurahan di Oba Utara
2026-07-01 15:47:57 [INFO]     KEC [827203] Oba
2026-07-01 15:47:57 [INFO]       13 kelurahan di Oba
2026-07-01 15:47:57 [INFO]     KEC [827204] Tidore Selatan
2026-07-01 15:47:58 [INFO]       8 kelurahan di Tidore Selatan
2026-07-01 15:47:58 [INFO]     KEC [827205] Tidore Utara
2026-07-01 15:47:59 [INFO]       14 kelurahan di Tidore Utara
2026-07-01 15:47:59 [INFO]     KEC [827206] Oba Tengah
2026-07-01 15:47:59 [INFO]       14 kelurahan di Oba Tengah
2026-07-01 15:47:59 [INFO]     KEC [827207] Oba Selatan
2026-07-01 15:48:00 [INFO]       7 kelurahan di Oba Selatan
2026-07-01 15:48:00 [INFO]     KEC [827208] Tidore Timur
2026-07-01 15:48:00 [INFO]       7 kelurahan di Tidore Timur
2026-07-01 15:48:00 [INFO] PROVINSI SELESAI [82] Maluku Utara
2026-07-01 15:48:00 [INFO] PROVINSI [91] Papua
2026-07-01 15:48:01 [INFO]   KAB [9103] Kabupaten Jayapura
2026-07-01 15:48:01 [INFO]     KEC [910301] Sentani
2026-07-01 15:48:02 [INFO]       10 kelurahan di Sentani
2026-07-01 15:48:02 [INFO]     KEC [910302] Sentani Timur
2026-07-01 15:48:03 [INFO]       7 kelurahan di Sentani Timur
2026-07-01 15:48:03 [INFO]     KEC [910303] Depapre
2026-07-01 15:48:03 [INFO]       8 kelurahan di Depapre
2026-07-01 15:48:03 [INFO]     KEC [910304] Sentani Barat
2026-07-01 15:48:04 [INFO]       5 kelurahan di Sentani Barat
2026-07-01 15:48:04 [INFO]     KEC [910305] Kemtuk
2026-07-01 15:48:04 [INFO]       12 kelurahan di Kemtuk
2026-07-01 15:48:04 [INFO]     KEC [910306] Kemtuk Gresi
2026-07-01 15:48:05 [INFO]       12 kelurahan di Kemtuk Gresi
2026-07-01 15:48:05 [INFO]     KEC [910307] Nimboran
2026-07-01 15:48:06 [INFO]       14 kelurahan di Nimboran
2026-07-01 15:48:06 [INFO]     KEC [910308] Nimbokrang
2026-07-01 15:48:06 [INFO]       9 kelurahan di Nimbokrang
2026-07-01 15:48:06 [INFO]     KEC [910309] Unurum Guay
2026-07-01 15:48:07 [INFO]       6 kelurahan di Unurum Guay
2026-07-01 15:48:07 [INFO]     KEC [910310] Demta
2026-07-01 15:48:07 [INFO]       7 kelurahan di Demta
2026-07-01 15:48:07 [INFO]     KEC [910311] Kaureh
2026-07-01 15:48:08 [INFO]       5 kelurahan di Kaureh
2026-07-01 15:48:08 [INFO]     KEC [910312] Ebungfao
2026-07-01 15:48:08 [INFO]       5 kelurahan di Ebungfao
2026-07-01 15:48:08 [INFO]     KEC [910313] Waibu
2026-07-01 15:48:09 [INFO]       7 kelurahan di Waibu
2026-07-01 15:48:09 [INFO]     KEC [910314] Nambluong
2026-07-01 15:48:10 [INFO]       9 kelurahan di Nambluong
2026-07-01 15:48:10 [INFO]     KEC [910315] Yapsi
2026-07-01 15:48:10 [INFO]       9 kelurahan di Yapsi
2026-07-01 15:48:10 [INFO]     KEC [910316] Airu
2026-07-01 15:48:11 [INFO]       6 kelurahan di Airu
2026-07-01 15:48:11 [INFO]     KEC [910317] Raveni Rara
2026-07-01 15:48:11 [INFO]       4 kelurahan di Raveni Rara
2026-07-01 15:48:11 [INFO]     KEC [910318] Gresi  Selatan
2026-07-01 15:48:12 [INFO]       4 kelurahan di Gresi  Selatan
2026-07-01 15:48:12 [INFO]     KEC [910319] Yokari
2026-07-01 15:48:12 [INFO]       5 kelurahan di Yokari
2026-07-01 15:48:12 [INFO]   KAB [9105] Kabupaten Kepulauan Yapen
2026-07-01 15:48:13 [INFO]     KEC [910501] Yapen Selatan
2026-07-01 15:48:14 [INFO]       13 kelurahan di Yapen Selatan
2026-07-01 15:48:14 [INFO]     KEC [910502] Yapen Barat
2026-07-01 15:48:14 [INFO]       17 kelurahan di Yapen Barat
2026-07-01 15:48:14 [INFO]     KEC [910503] Yapen Timur
2026-07-01 15:48:15 [INFO]       11 kelurahan di Yapen Timur
2026-07-01 15:48:15 [INFO]     KEC [910504] Angkaisera
2026-07-01 15:48:15 [INFO]       11 kelurahan di Angkaisera
2026-07-01 15:48:15 [INFO]     KEC [910505] Poom
2026-07-01 15:48:16 [INFO]       8 kelurahan di Poom
2026-07-01 15:48:16 [INFO]     KEC [910506] Kosiwo
2026-07-01 15:48:16 [INFO]       15 kelurahan di Kosiwo
2026-07-01 15:48:16 [INFO]     KEC [910507] Yapen Utara
2026-07-01 15:48:17 [INFO]       7 kelurahan di Yapen Utara
2026-07-01 15:48:17 [INFO]     KEC [910508] Raimbawi
2026-07-01 15:48:18 [INFO]       7 kelurahan di Raimbawi
2026-07-01 15:48:18 [INFO]     KEC [910509] Teluk Ampimoi
2026-07-01 15:48:18 [INFO]       11 kelurahan di Teluk Ampimoi
2026-07-01 15:48:18 [INFO]     KEC [910510] Kepulauan Ambai
2026-07-01 15:48:19 [INFO]       13 kelurahan di Kepulauan Ambai
2026-07-01 15:48:19 [INFO]     KEC [910511] Wonawa
2026-07-01 15:48:19 [INFO]       10 kelurahan di Wonawa
2026-07-01 15:48:19 [INFO]     KEC [910512] Windesi
2026-07-01 15:48:20 [INFO]       9 kelurahan di Windesi
2026-07-01 15:48:20 [INFO]     KEC [910513] Pulau Kurudu
2026-07-01 15:48:20 [INFO]       8 kelurahan di Pulau Kurudu
2026-07-01 15:48:20 [INFO]     KEC [910514] Pulau Yerui
2026-07-01 15:48:21 [INFO]       5 kelurahan di Pulau Yerui
2026-07-01 15:48:21 [INFO]     KEC [910515] Anotaurei
2026-07-01 15:48:22 [INFO]       8 kelurahan di Anotaurei
2026-07-01 15:48:22 [INFO]     KEC [910516] Yawakukat
2026-07-01 15:48:22 [INFO]       7 kelurahan di Yawakukat
2026-07-01 15:48:22 [INFO]     KEC [910517] Nusawani
2026-07-01 15:48:23 [INFO]       5 kelurahan di Nusawani
2026-07-01 15:48:23 [INFO]   KAB [9106] Kabupaten Biak Numfor
2026-07-01 15:48:23 [INFO]     KEC [910601] Biak Kota
2026-07-01 15:48:24 [INFO]       22 kelurahan di Biak Kota
2026-07-01 15:48:24 [INFO]     KEC [910602] Biak Utara
2026-07-01 15:48:24 [INFO]       16 kelurahan di Biak Utara
2026-07-01 15:48:24 [INFO]     KEC [910603] Biak Timur
2026-07-01 15:48:25 [INFO]       26 kelurahan di Biak Timur
2026-07-01 15:48:25 [INFO]     KEC [910604] Numfor Barat
2026-07-01 15:48:26 [INFO]       12 kelurahan di Numfor Barat
2026-07-01 15:48:26 [INFO]     KEC [910605] Numfor Timur
2026-07-01 15:48:26 [INFO]       9 kelurahan di Numfor Timur
2026-07-01 15:48:26 [INFO]     KEC [910608] Biak Barat
2026-07-01 15:48:27 [INFO]       22 kelurahan di Biak Barat
2026-07-01 15:48:27 [INFO]     KEC [910609] Warsa
2026-07-01 15:48:27 [INFO]       20 kelurahan di Warsa
2026-07-01 15:48:27 [INFO]     KEC [910610] Padaido
2026-07-01 15:48:28 [INFO]       11 kelurahan di Padaido
2026-07-01 15:48:28 [INFO]     KEC [910611] Yendidori
2026-07-01 15:48:29 [INFO]       19 kelurahan di Yendidori
2026-07-01 15:48:29 [INFO]     KEC [910612] Samofa
2026-07-01 15:48:29 [INFO]       17 kelurahan di Samofa
2026-07-01 15:48:29 [INFO]     KEC [910613] Yawosi
2026-07-01 15:48:30 [INFO]       8 kelurahan di Yawosi
2026-07-01 15:48:30 [INFO]     KEC [910614] Andey
2026-07-01 15:48:30 [INFO]       11 kelurahan di Andey
2026-07-01 15:48:30 [INFO]     KEC [910615] Swandiwe
2026-07-01 15:48:31 [INFO]       15 kelurahan di Swandiwe
2026-07-01 15:48:31 [INFO]     KEC [910616] Bruyadori
2026-07-01 15:48:32 [INFO]       10 kelurahan di Bruyadori
2026-07-01 15:48:32 [INFO]     KEC [910617] Orkeri
2026-07-01 15:48:32 [INFO]       9 kelurahan di Orkeri
2026-07-01 15:48:32 [INFO]     KEC [910618] Poiru
2026-07-01 15:48:33 [INFO]       9 kelurahan di Poiru
2026-07-01 15:48:33 [INFO]     KEC [910619] Aimando Padaido
2026-07-01 15:48:33 [INFO]       13 kelurahan di Aimando Padaido
2026-07-01 15:48:33 [INFO]     KEC [910620] Oridek
2026-07-01 15:48:34 [INFO]       14 kelurahan di Oridek
2026-07-01 15:48:34 [INFO]     KEC [910621] Bondifuar
2026-07-01 15:48:34 [INFO]       5 kelurahan di Bondifuar
2026-07-01 15:48:34 [INFO]   KAB [9110] Kabupaten Sarmi
2026-07-01 15:48:35 [INFO]     KEC [911001] Sarmi
2026-07-01 15:48:36 [INFO]       11 kelurahan di Sarmi
2026-07-01 15:48:36 [INFO]     KEC [911002] Tor Atas
2026-07-01 15:48:36 [INFO]       10 kelurahan di Tor Atas
2026-07-01 15:48:36 [INFO]     KEC [911003] Pantai Barat
2026-07-01 15:48:37 [INFO]       16 kelurahan di Pantai Barat
2026-07-01 15:48:37 [INFO]     KEC [911004] Pantai Timur
2026-07-01 15:48:37 [INFO]       7 kelurahan di Pantai Timur
2026-07-01 15:48:37 [INFO]     KEC [911005] Bonggo
2026-07-01 15:48:38 [INFO]       10 kelurahan di Bonggo
2026-07-01 15:48:38 [INFO]     KEC [911009] Apawer Hulu
2026-07-01 15:48:38 [INFO]       10 kelurahan di Apawer Hulu
2026-07-01 15:48:38 [INFO]     KEC [911012] Sarmi Selatan
2026-07-01 15:48:39 [INFO]       6 kelurahan di Sarmi Selatan
2026-07-01 15:48:39 [INFO]     KEC [911013] Sarmi Timur
2026-07-01 15:48:40 [INFO]       8 kelurahan di Sarmi Timur
2026-07-01 15:48:40 [INFO]     KEC [911014] Pantai Timur Bagian Barat
2026-07-01 15:48:40 [INFO]       11 kelurahan di Pantai Timur Bagian Barat
2026-07-01 15:48:40 [INFO]     KEC [911015] Bonggo Timur
2026-07-01 15:48:41 [INFO]       5 kelurahan di Bonggo Timur
2026-07-01 15:48:41 [INFO]   KAB [9111] Kabupaten Keerom
2026-07-01 15:48:41 [INFO]     KEC [911101] Waris
2026-07-01 15:48:42 [INFO]       8 kelurahan di Waris
2026-07-01 15:48:42 [INFO]     KEC [911102] Arso
2026-07-01 15:48:42 [INFO]       12 kelurahan di Arso
2026-07-01 15:48:42 [INFO]     KEC [911103] Senggi
2026-07-01 15:48:43 [INFO]       7 kelurahan di Senggi
2026-07-01 15:48:43 [INFO]     KEC [911104] Web
2026-07-01 15:48:44 [INFO]       6 kelurahan di Web
2026-07-01 15:48:44 [INFO]     KEC [911105] Skanto
2026-07-01 15:48:44 [INFO]       12 kelurahan di Skanto
2026-07-01 15:48:44 [INFO]     KEC [911106] Arso Timur
2026-07-01 15:48:45 [INFO]       9 kelurahan di Arso Timur
2026-07-01 15:48:45 [INFO]     KEC [911107] Towe
2026-07-01 15:48:45 [INFO]       10 kelurahan di Towe
2026-07-01 15:48:45 [INFO]     KEC [911108] Arso Barat
2026-07-01 15:48:46 [INFO]       8 kelurahan di Arso Barat
2026-07-01 15:48:46 [INFO]     KEC [911109] Mannem
2026-07-01 15:48:46 [INFO]       7 kelurahan di Mannem
2026-07-01 15:48:46 [INFO]     KEC [911110] Yaffi
2026-07-01 15:48:47 [INFO]       7 kelurahan di Yaffi
2026-07-01 15:48:47 [INFO]     KEC [911111] Kaisenar
2026-07-01 15:48:48 [INFO]       5 kelurahan di Kaisenar
2026-07-01 15:48:48 [INFO]   KAB [9115] Kabupaten Waropen
2026-07-01 15:48:48 [INFO]     KEC [911501] Waropen Bawah
2026-07-01 15:48:49 [INFO]       7 kelurahan di Waropen Bawah
2026-07-01 15:48:49 [INFO]     KEC [911503] Masirei
2026-07-01 15:48:49 [INFO]       9 kelurahan di Masirei
2026-07-01 15:48:49 [INFO]     KEC [911507] Risei Sayati
2026-07-01 15:48:50 [INFO]       10 kelurahan di Risei Sayati
2026-07-01 15:48:50 [INFO]     KEC [911508] Urei Faisei
2026-07-01 15:48:50 [INFO]       12 kelurahan di Urei Faisei
2026-07-01 15:48:50 [INFO]     KEC [911509] Inggerus
2026-07-01 15:48:51 [INFO]       7 kelurahan di Inggerus
2026-07-01 15:48:51 [INFO]     KEC [911510] Kirihi
2026-07-01 15:48:52 [INFO]       10 kelurahan di Kirihi
2026-07-01 15:48:52 [INFO]     KEC [911511] Oudate
2026-07-01 15:48:52 [INFO]       8 kelurahan di Oudate
2026-07-01 15:48:52 [INFO]     KEC [911512] Wapoga
2026-07-01 15:48:53 [INFO]       7 kelurahan di Wapoga
2026-07-01 15:48:53 [INFO]     KEC [911513] Demba
2026-07-01 15:48:53 [INFO]       10 kelurahan di Demba
2026-07-01 15:48:53 [INFO]     KEC [911514] Wonti
2026-07-01 15:48:54 [INFO]       10 kelurahan di Wonti
2026-07-01 15:48:54 [INFO]     KEC [911515] Soyoi Mambai
2026-07-01 15:48:54 [INFO]       10 kelurahan di Soyoi Mambai
2026-07-01 15:48:54 [INFO]   KAB [9119] Kabupaten Supiori
2026-07-01 15:48:55 [INFO]     KEC [911901] Supiori Selatan
2026-07-01 15:48:56 [INFO]       7 kelurahan di Supiori Selatan
2026-07-01 15:48:56 [INFO]     KEC [911902] Supiori Utara
2026-07-01 15:48:56 [INFO]       5 kelurahan di Supiori Utara
2026-07-01 15:48:56 [INFO]     KEC [911903] Supiori Timur
2026-07-01 15:48:57 [INFO]       10 kelurahan di Supiori Timur
2026-07-01 15:48:57 [INFO]     KEC [911904] Kepulauan Aruri
2026-07-01 15:48:57 [INFO]       9 kelurahan di Kepulauan Aruri
2026-07-01 15:48:57 [INFO]     KEC [911905] Supiori Barat
2026-07-01 15:48:58 [INFO]       7 kelurahan di Supiori Barat
2026-07-01 15:48:58 [INFO]   KAB [9120] Kabupaten Mamberamo Raya
2026-07-01 15:48:58 [INFO]     KEC [912001] Mamberamo Tengah
2026-07-01 15:48:59 [INFO]       11 kelurahan di Mamberamo Tengah
2026-07-01 15:48:59 [INFO]     KEC [912002] Mamberamo Hulu
2026-07-01 15:49:00 [INFO]       8 kelurahan di Mamberamo Hulu
2026-07-01 15:49:00 [INFO]     KEC [912003] Rufaer
2026-07-01 15:49:00 [INFO]       6 kelurahan di Rufaer
2026-07-01 15:49:00 [INFO]     KEC [912004] Mamberamo Tengah Timur
2026-07-01 15:49:01 [INFO]       7 kelurahan di Mamberamo Tengah Timur
2026-07-01 15:49:01 [INFO]     KEC [912005] Mamberamo Hilir
2026-07-01 15:49:01 [INFO]       8 kelurahan di Mamberamo Hilir
2026-07-01 15:49:01 [INFO]     KEC [912006] Waropen Atas
2026-07-01 15:49:02 [INFO]       7 kelurahan di Waropen Atas
2026-07-01 15:49:02 [INFO]     KEC [912007] Benuki
2026-07-01 15:49:02 [INFO]       7 kelurahan di Benuki
2026-07-01 15:49:02 [INFO]     KEC [912008] Sawai
2026-07-01 15:49:03 [INFO]       6 kelurahan di Sawai
2026-07-01 15:49:03 [INFO]   KAB [9171] Kota Jayapura
2026-07-01 15:49:04 [INFO]     KEC [917101] Jayapura Utara
2026-07-01 15:49:04 [INFO]       8 kelurahan di Jayapura Utara
2026-07-01 15:49:04 [INFO]     KEC [917102] Jayapura Selatan
2026-07-01 15:49:05 [INFO]       7 kelurahan di Jayapura Selatan
2026-07-01 15:49:05 [INFO]     KEC [917103] Abepura
2026-07-01 15:49:05 [INFO]       11 kelurahan di Abepura
2026-07-01 15:49:05 [INFO]     KEC [917104] Muara Tami
2026-07-01 15:49:06 [INFO]       8 kelurahan di Muara Tami
2026-07-01 15:49:06 [INFO]     KEC [917105] Heram
2026-07-01 15:49:06 [INFO]       5 kelurahan di Heram
2026-07-01 15:49:06 [INFO] PROVINSI SELESAI [91] Papua
2026-07-01 15:49:06 [INFO] PROVINSI [92] Papua Barat
2026-07-01 15:49:07 [INFO]   KAB [9202] Kabupaten Manokwari
2026-07-01 15:49:07 [INFO]     KEC [920203] Warmare
2026-07-01 15:49:08 [INFO]       19 kelurahan di Warmare
2026-07-01 15:49:08 [INFO]     KEC [920204] Prafi
2026-07-01 15:49:09 [INFO]       6 kelurahan di Prafi
2026-07-01 15:49:09 [INFO]     KEC [920205] Masni
2026-07-01 15:49:09 [INFO]       12 kelurahan di Masni
2026-07-01 15:49:09 [INFO]     KEC [920212] Manokwari Barat
2026-07-01 15:49:10 [INFO]       10 kelurahan di Manokwari Barat
2026-07-01 15:49:10 [INFO]     KEC [920213] Manokwari Timur
2026-07-01 15:49:10 [INFO]       7 kelurahan di Manokwari Timur
2026-07-01 15:49:10 [INFO]     KEC [920214] Manokwari Utara
2026-07-01 15:49:11 [INFO]       13 kelurahan di Manokwari Utara
2026-07-01 15:49:11 [INFO]     KEC [920215] Manokwari Selatan
2026-07-01 15:49:11 [INFO]       18 kelurahan di Manokwari Selatan
2026-07-01 15:49:11 [INFO]     KEC [920217] Tanah Rubuh
2026-07-01 15:49:12 [INFO]       24 kelurahan di Tanah Rubuh
2026-07-01 15:49:12 [INFO]     KEC [920221] Sidey
2026-07-01 15:49:13 [INFO]       12 kelurahan di Sidey
2026-07-01 15:49:13 [INFO]     KEC [920231] Aimasi
2026-07-01 15:49:13 [INFO]       10 kelurahan di Aimasi
2026-07-01 15:49:13 [INFO]     KEC [920232] Mokwam
2026-07-01 15:49:14 [INFO]       12 kelurahan di Mokwam
2026-07-01 15:49:14 [INFO]     KEC [920233] Masni Utara
2026-07-01 15:49:14 [INFO]       10 kelurahan di Masni Utara
2026-07-01 15:49:14 [INFO]     KEC [920234] Wasirawi
2026-07-01 15:49:15 [INFO]       10 kelurahan di Wasirawi
2026-07-01 15:49:15 [INFO]     KEC [920235] Moruj Mega
2026-07-01 15:49:15 [INFO]       10 kelurahan di Moruj Mega
2026-07-01 15:49:15 [INFO]   KAB [9203] Kabupaten Fak Fak
2026-07-01 15:49:16 [INFO]     KEC [920301] Fak-Fak
2026-07-01 15:49:17 [INFO]       5 kelurahan di Fak-Fak
2026-07-01 15:49:17 [INFO]     KEC [920302] Fak-Fak Barat
2026-07-01 15:49:17 [INFO]       9 kelurahan di Fak-Fak Barat
2026-07-01 15:49:17 [INFO]     KEC [920303] Fak-Fak Timur
2026-07-01 15:49:18 [INFO]       6 kelurahan di Fak-Fak Timur
2026-07-01 15:49:18 [INFO]     KEC [920304] Kokas
2026-07-01 15:49:18 [INFO]       15 kelurahan di Kokas
2026-07-01 15:49:18 [INFO]     KEC [920305] Fak-Fak Tengah
2026-07-01 15:49:19 [INFO]       14 kelurahan di Fak-Fak Tengah
2026-07-01 15:49:19 [INFO]     KEC [920306] Karas
2026-07-01 15:49:19 [INFO]       7 kelurahan di Karas
2026-07-01 15:49:19 [INFO]     KEC [920307] Bomberay
2026-07-01 15:49:20 [INFO]       7 kelurahan di Bomberay
2026-07-01 15:49:20 [INFO]     KEC [920308] Kramongmongga
2026-07-01 15:49:21 [INFO]       10 kelurahan di Kramongmongga
2026-07-01 15:49:21 [INFO]     KEC [920309] Teluk Patipi
2026-07-01 15:49:21 [INFO]       13 kelurahan di Teluk Patipi
2026-07-01 15:49:21 [INFO]     KEC [920310] Pariwari
2026-07-01 15:49:22 [INFO]       9 kelurahan di Pariwari
2026-07-01 15:49:22 [INFO]     KEC [920311] Wartutin
2026-07-01 15:49:22 [INFO]       6 kelurahan di Wartutin
2026-07-01 15:49:22 [INFO]     KEC [920312] Fakfak Timur Tengah
2026-07-01 15:49:23 [INFO]       10 kelurahan di Fakfak Timur Tengah
2026-07-01 15:49:23 [INFO]     KEC [920313] Arguni
2026-07-01 15:49:23 [INFO]       5 kelurahan di Arguni
2026-07-01 15:49:23 [INFO]     KEC [920314] Mbahamdandara
2026-07-01 15:49:24 [INFO]       7 kelurahan di Mbahamdandara
2026-07-01 15:49:24 [INFO]     KEC [920315] Kayauni
2026-07-01 15:49:25 [INFO]       9 kelurahan di Kayauni
2026-07-01 15:49:25 [INFO]     KEC [920316] Furwagi
2026-07-01 15:49:25 [INFO]       8 kelurahan di Furwagi
2026-07-01 15:49:25 [INFO]     KEC [920317] Tomage
2026-07-01 15:49:26 [INFO]       9 kelurahan di Tomage
2026-07-01 15:49:26 [INFO]   KAB [9206] Kabupaten Teluk Bintuni
2026-07-01 15:49:26 [INFO]     KEC [920601] Bintuni
2026-07-01 15:49:27 [INFO]       8 kelurahan di Bintuni
2026-07-01 15:49:27 [INFO]     KEC [920602] Merdey
2026-07-01 15:49:28 [INFO]       9 kelurahan di Merdey
2026-07-01 15:49:28 [INFO]     KEC [920603] Babo
2026-07-01 15:49:28 [INFO]       4 kelurahan di Babo
2026-07-01 15:49:28 [INFO]     KEC [920604] Aranday
2026-07-01 15:49:29 [INFO]       4 kelurahan di Aranday
2026-07-01 15:49:29 [INFO]     KEC [920605] Moskona Selatan
2026-07-01 15:49:29 [INFO]       5 kelurahan di Moskona Selatan
2026-07-01 15:49:29 [INFO]     KEC [920606] Moskona Utara
2026-07-01 15:49:30 [INFO]       4 kelurahan di Moskona Utara
2026-07-01 15:49:30 [INFO]     KEC [920607] Wamesa
2026-07-01 15:49:31 [INFO]       4 kelurahan di Wamesa
2026-07-01 15:49:31 [INFO]     KEC [920608] Fafurwar
2026-07-01 15:49:31 [INFO]       3 kelurahan di Fafurwar
2026-07-01 15:49:31 [INFO]     KEC [920609] Tembuni
2026-07-01 15:49:32 [INFO]       4 kelurahan di Tembuni
2026-07-01 15:49:32 [INFO]     KEC [920610] Kuri
2026-07-01 15:49:32 [INFO]       5 kelurahan di Kuri
2026-07-01 15:49:32 [INFO]     KEC [920611] Manimeri
2026-07-01 15:49:33 [INFO]       6 kelurahan di Manimeri
2026-07-01 15:49:33 [INFO]     KEC [920612] Tuhiba
2026-07-01 15:49:33 [INFO]       5 kelurahan di Tuhiba
2026-07-01 15:49:33 [INFO]     KEC [920613] Dataran Beimes
2026-07-01 15:49:34 [INFO]       6 kelurahan di Dataran Beimes
2026-07-01 15:49:34 [INFO]     KEC [920614] Sumuri
2026-07-01 15:49:35 [INFO]       5 kelurahan di Sumuri
2026-07-01 15:49:35 [INFO]     KEC [920615] Kaitaro
2026-07-01 15:49:35 [INFO]       5 kelurahan di Kaitaro
2026-07-01 15:49:35 [INFO]     KEC [920616] Aroba
2026-07-01 15:49:36 [INFO]       5 kelurahan di Aroba
2026-07-01 15:49:36 [INFO]     KEC [920617] Masyeta
2026-07-01 15:49:36 [INFO]       4 kelurahan di Masyeta
2026-07-01 15:49:36 [INFO]     KEC [920618] Biscoop
2026-07-01 15:49:37 [INFO]       7 kelurahan di Biscoop
2026-07-01 15:49:37 [INFO]     KEC [920619] Tomu
2026-07-01 15:49:37 [INFO]       4 kelurahan di Tomu
2026-07-01 15:49:37 [INFO]     KEC [920620] Kamundan
2026-07-01 15:49:38 [INFO]       4 kelurahan di Kamundan
2026-07-01 15:49:38 [INFO]     KEC [920621] Weriagar
2026-07-01 15:49:39 [INFO]       5 kelurahan di Weriagar
2026-07-01 15:49:39 [INFO]     KEC [920622] Moskona Barat
2026-07-01 15:49:39 [INFO]       4 kelurahan di Moskona Barat
2026-07-01 15:49:39 [INFO]     KEC [920623] Meyado
2026-07-01 15:49:40 [INFO]       4 kelurahan di Meyado
2026-07-01 15:49:40 [INFO]     KEC [920624] Moskona Timur
2026-07-01 15:49:40 [INFO]       3 kelurahan di Moskona Timur
2026-07-01 15:49:40 [INFO]   KAB [9207] Kabupaten Teluk Wondama
2026-07-01 15:49:41 [INFO]     KEC [920701] Wasior
2026-07-01 15:49:41 [INFO]       10 kelurahan di Wasior
2026-07-01 15:49:41 [INFO]     KEC [920702] Windesi
2026-07-01 15:49:42 [INFO]       5 kelurahan di Windesi
2026-07-01 15:49:42 [INFO]     KEC [920703] Teluk Duairi
2026-07-01 15:49:43 [INFO]       4 kelurahan di Teluk Duairi
2026-07-01 15:49:43 [INFO]     KEC [920704] Wondiboy
2026-07-01 15:49:43 [INFO]       4 kelurahan di Wondiboy
2026-07-01 15:49:43 [INFO]     KEC [920705] Wamesa
2026-07-01 15:49:44 [INFO]       5 kelurahan di Wamesa
2026-07-01 15:49:44 [INFO]     KEC [920706] Rumberpon
2026-07-01 15:49:44 [INFO]       7 kelurahan di Rumberpon
2026-07-01 15:49:44 [INFO]     KEC [920707] Naikere
2026-07-01 15:49:45 [INFO]       6 kelurahan di Naikere
2026-07-01 15:49:45 [INFO]     KEC [920708] Rasiei
2026-07-01 15:49:45 [INFO]       9 kelurahan di Rasiei
2026-07-01 15:49:45 [INFO]     KEC [920709] Kuri Wamesa
2026-07-01 15:49:46 [INFO]       6 kelurahan di Kuri Wamesa
2026-07-01 15:49:46 [INFO]     KEC [920710] Roon
2026-07-01 15:49:47 [INFO]       7 kelurahan di Roon
2026-07-01 15:49:47 [INFO]     KEC [920711] Roswar
2026-07-01 15:49:47 [INFO]       3 kelurahan di Roswar
2026-07-01 15:49:47 [INFO]     KEC [920712] Nikiwar
2026-07-01 15:49:48 [INFO]       5 kelurahan di Nikiwar
2026-07-01 15:49:48 [INFO]     KEC [920713] Soug Jaya
2026-07-01 15:49:48 [INFO]       5 kelurahan di Soug Jaya
2026-07-01 15:49:48 [INFO]   KAB [9208] Kabupaten Kaimana
2026-07-01 15:49:49 [INFO]     KEC [920801] Kaimana
2026-07-01 15:49:49 [INFO]       19 kelurahan di Kaimana
2026-07-01 15:49:49 [INFO]     KEC [920802] Buruway
2026-07-01 15:49:50 [INFO]       10 kelurahan di Buruway
2026-07-01 15:49:50 [INFO]     KEC [920803] Teluk Arguni Atas
2026-07-01 15:49:51 [INFO]       24 kelurahan di Teluk Arguni Atas
2026-07-01 15:49:51 [INFO]     KEC [920804] Teluk Etna
2026-07-01 15:49:51 [INFO]       5 kelurahan di Teluk Etna
2026-07-01 15:49:51 [INFO]     KEC [920805] Kambrau
2026-07-01 15:49:52 [INFO]       7 kelurahan di Kambrau
2026-07-01 15:49:52 [INFO]     KEC [920806] Teluk Arguni Bawah
2026-07-01 15:49:52 [INFO]       15 kelurahan di Teluk Arguni Bawah
2026-07-01 15:49:52 [INFO]     KEC [920807] Yamor
2026-07-01 15:49:53 [INFO]       6 kelurahan di Yamor
2026-07-01 15:49:53 [INFO]   KAB [9211] Kabupaten Manokwari Selatan
2026-07-01 15:49:53 [INFO]     KEC [921101] Ransiki
2026-07-01 15:49:54 [INFO]       13 kelurahan di Ransiki
2026-07-01 15:49:54 [INFO]     KEC [921102] Oransbari
2026-07-01 15:49:55 [INFO]       14 kelurahan di Oransbari
2026-07-01 15:49:55 [INFO]     KEC [921103] Neney
2026-07-01 15:49:55 [INFO]       7 kelurahan di Neney
2026-07-01 15:49:55 [INFO]     KEC [921104] Dataran Isim
2026-07-01 15:49:56 [INFO]       12 kelurahan di Dataran Isim
2026-07-01 15:49:56 [INFO]     KEC [921105] Momi Waren
2026-07-01 15:49:56 [INFO]       7 kelurahan di Momi Waren
2026-07-01 15:49:56 [INFO]     KEC [921106] Tahota
2026-07-01 15:49:57 [INFO]       4 kelurahan di Tahota
2026-07-01 15:49:57 [INFO]   KAB [9212] Kabupaten Pegunungan Arfak
2026-07-01 15:49:57 [INFO]     KEC [921201] Anggi
2026-07-01 15:49:58 [INFO]       13 kelurahan di Anggi
2026-07-01 15:49:58 [INFO]     KEC [921202] Anggi Gida
2026-07-01 15:49:59 [INFO]       8 kelurahan di Anggi Gida
2026-07-01 15:49:59 [INFO]     KEC [921203] Membey
2026-07-01 15:49:59 [INFO]       6 kelurahan di Membey
2026-07-01 15:49:59 [INFO]     KEC [921204] Sururey
2026-07-01 15:50:00 [INFO]       12 kelurahan di Sururey
2026-07-01 15:50:00 [INFO]     KEC [921205] Didohu
2026-07-01 15:50:00 [INFO]       14 kelurahan di Didohu
2026-07-01 15:50:00 [INFO]     KEC [921206] Taige
2026-07-01 15:50:01 [INFO]       11 kelurahan di Taige
2026-07-01 15:50:01 [INFO]     KEC [921207] Catubouw
2026-07-01 15:50:01 [INFO]       21 kelurahan di Catubouw
2026-07-01 15:50:01 [INFO]     KEC [921208] Testega
2026-07-01 15:50:02 [INFO]       15 kelurahan di Testega
2026-07-01 15:50:02 [INFO]     KEC [921209] Minyambaouw
2026-07-01 15:50:03 [INFO]       37 kelurahan di Minyambaouw
2026-07-01 15:50:03 [INFO]     KEC [921210] Hingk
2026-07-01 15:50:03 [INFO]       29 kelurahan di Hingk
2026-07-01 15:50:03 [INFO] PROVINSI SELESAI [92] Papua Barat
2026-07-01 15:50:03 [INFO] PROVINSI [93] Papua Selatan
2026-07-01 15:50:04 [INFO]   KAB [9301] Kabupaten Merauke
2026-07-01 15:50:04 [INFO]     KEC [930101] Merauke
2026-07-01 15:50:05 [INFO]       16 kelurahan di Merauke
2026-07-01 15:50:05 [INFO]     KEC [930102] Muting
2026-07-01 15:50:05 [INFO]       12 kelurahan di Muting
2026-07-01 15:50:06 [INFO]     KEC [930103] Okaba
2026-07-01 15:50:06 [INFO]       9 kelurahan di Okaba
2026-07-01 15:50:06 [INFO]     KEC [930104] Kimaam
2026-07-01 15:50:07 [INFO]       13 kelurahan di Kimaam
2026-07-01 15:50:07 [INFO]     KEC [930105] Semangga
2026-07-01 15:50:07 [INFO]       10 kelurahan di Semangga
2026-07-01 15:50:07 [INFO]     KEC [930106] Tanah Miring
2026-07-01 15:50:08 [INFO]       14 kelurahan di Tanah Miring
2026-07-01 15:50:08 [INFO]     KEC [930107] Jagebob
2026-07-01 15:50:08 [INFO]       14 kelurahan di Jagebob
2026-07-01 15:50:08 [INFO]     KEC [930108] Sota
2026-07-01 15:50:09 [INFO]       5 kelurahan di Sota
2026-07-01 15:50:09 [INFO]     KEC [930109] Ulilin
2026-07-01 15:50:10 [INFO]       11 kelurahan di Ulilin
2026-07-01 15:50:10 [INFO]     KEC [930110] Elikobal
2026-07-01 15:50:10 [INFO]       12 kelurahan di Elikobal
2026-07-01 15:50:10 [INFO]     KEC [930111] Kurik
2026-07-01 15:50:11 [INFO]       13 kelurahan di Kurik
2026-07-01 15:50:11 [INFO]     KEC [930112] Naukenjerai
2026-07-01 15:50:11 [INFO]       5 kelurahan di Naukenjerai
2026-07-01 15:50:11 [INFO]     KEC [930113] Animha
2026-07-01 15:50:12 [INFO]       5 kelurahan di Animha
2026-07-01 15:50:12 [INFO]     KEC [930114] Malind
2026-07-01 15:50:13 [INFO]       7 kelurahan di Malind
2026-07-01 15:50:13 [INFO]     KEC [930115] Tubang
2026-07-01 15:50:13 [INFO]       6 kelurahan di Tubang
2026-07-01 15:50:13 [INFO]     KEC [930116] Ngguti
2026-07-01 15:50:14 [INFO]       6 kelurahan di Ngguti
2026-07-01 15:50:14 [INFO]     KEC [930117] Kaptel
2026-07-01 15:50:14 [INFO]       5 kelurahan di Kaptel
2026-07-01 15:50:14 [INFO]     KEC [930118] Tabonji
2026-07-01 15:50:15 [INFO]       7 kelurahan di Tabonji
2026-07-01 15:50:15 [INFO]     KEC [930119] Waan
2026-07-01 15:50:15 [INFO]       6 kelurahan di Waan
2026-07-01 15:50:15 [INFO]     KEC [930120] Ilwayab
2026-07-01 15:50:16 [INFO]       4 kelurahan di Ilwayab
2026-07-01 15:50:16 [INFO]     KEC [930121] Padua
2026-07-01 15:50:17 [INFO]       5 kelurahan di Padua
2026-07-01 15:50:17 [INFO]     KEC [930122] Kontuar
2026-07-01 15:50:17 [INFO]       5 kelurahan di Kontuar
2026-07-01 15:50:17 [INFO]   KAB [9302] Kabupaten Boven Digoel
2026-07-01 15:50:18 [INFO]     KEC [930201] Mandobo
2026-07-01 15:50:19 [INFO]       5 kelurahan di Mandobo
2026-07-01 15:50:19 [INFO]     KEC [930202] Mindiptana
2026-07-01 15:50:19 [INFO]       13 kelurahan di Mindiptana
2026-07-01 15:50:19 [INFO]     KEC [930203] Waropko
2026-07-01 15:50:20 [INFO]       9 kelurahan di Waropko
2026-07-01 15:50:20 [INFO]     KEC [930204] Kouh
2026-07-01 15:50:20 [INFO]       3 kelurahan di Kouh
2026-07-01 15:50:20 [INFO]     KEC [930205] Jair
2026-07-01 15:50:21 [INFO]       6 kelurahan di Jair
2026-07-01 15:50:21 [INFO]     KEC [930206] Bomakia
2026-07-01 15:50:21 [INFO]       5 kelurahan di Bomakia
2026-07-01 15:50:21 [INFO]     KEC [930207] Kombut
2026-07-01 15:50:22 [INFO]       4 kelurahan di Kombut
2026-07-01 15:50:22 [INFO]     KEC [930208] Iniyandit
2026-07-01 15:50:23 [INFO]       5 kelurahan di Iniyandit
2026-07-01 15:50:23 [INFO]     KEC [930209] Arimop
2026-07-01 15:50:23 [INFO]       7 kelurahan di Arimop
2026-07-01 15:50:23 [INFO]     KEC [930210] Fofi
2026-07-01 15:50:24 [INFO]       8 kelurahan di Fofi
2026-07-01 15:50:24 [INFO]     KEC [930211] Ambatkwi
2026-07-01 15:50:24 [INFO]       5 kelurahan di Ambatkwi
2026-07-01 15:50:25 [INFO]     KEC [930212] Manggelum
2026-07-01 15:50:25 [INFO]       6 kelurahan di Manggelum
2026-07-01 15:50:25 [INFO]     KEC [930213] Firiwage
2026-07-01 15:50:26 [INFO]       4 kelurahan di Firiwage
2026-07-01 15:50:26 [INFO]     KEC [930214] Yaniruma
2026-07-01 15:50:26 [INFO]       3 kelurahan di Yaniruma
2026-07-01 15:50:26 [INFO]     KEC [930215] Subur
2026-07-01 15:50:27 [INFO]       4 kelurahan di Subur
2026-07-01 15:50:27 [INFO]     KEC [930216] Kombay
2026-07-01 15:50:27 [INFO]       5 kelurahan di Kombay
2026-07-01 15:50:27 [INFO]     KEC [930217] Ninati
2026-07-01 15:50:28 [INFO]       5 kelurahan di Ninati
2026-07-01 15:50:28 [INFO]     KEC [930218] Sesnuk
2026-07-01 15:50:28 [INFO]       5 kelurahan di Sesnuk
2026-07-01 15:50:28 [INFO]     KEC [930219] Ki
2026-07-01 15:50:29 [INFO]       4 kelurahan di Ki
2026-07-01 15:50:29 [INFO]     KEC [930220] Kawagit
2026-07-01 15:50:30 [INFO]       6 kelurahan di Kawagit
2026-07-01 15:50:30 [INFO]   KAB [9303] Kabupaten Mappi
2026-07-01 15:50:30 [INFO]     KEC [930301] Obaa
2026-07-01 15:50:31 [INFO]       24 kelurahan di Obaa
2026-07-01 15:50:31 [INFO]     KEC [930302] Mambioman Bapai
2026-07-01 15:50:31 [INFO]       15 kelurahan di Mambioman Bapai
2026-07-01 15:50:31 [INFO]     KEC [930303] Citak-Mitak
2026-07-01 15:50:32 [INFO]       7 kelurahan di Citak-Mitak
2026-07-01 15:50:32 [INFO]     KEC [930304] Edera
2026-07-01 15:50:32 [INFO]       7 kelurahan di Edera
2026-07-01 15:50:32 [INFO]     KEC [930305] Haju
2026-07-01 15:50:33 [INFO]       19 kelurahan di Haju
2026-07-01 15:50:33 [INFO]     KEC [930306] Assue
2026-07-01 15:50:34 [INFO]       18 kelurahan di Assue
2026-07-01 15:50:34 [INFO]     KEC [930307] Kaibar
2026-07-01 15:50:34 [INFO]       7 kelurahan di Kaibar
2026-07-01 15:50:34 [INFO]     KEC [930308] Passue
2026-07-01 15:50:35 [INFO]       13 kelurahan di Passue
2026-07-01 15:50:35 [INFO]     KEC [930309] Minyamur
2026-07-01 15:50:35 [INFO]       12 kelurahan di Minyamur
2026-07-01 15:50:35 [INFO]     KEC [930310] Venaha
2026-07-01 15:50:36 [INFO]       8 kelurahan di Venaha
2026-07-01 15:50:36 [INFO]     KEC [930311] Syahcame
2026-07-01 15:50:36 [INFO]       6 kelurahan di Syahcame
2026-07-01 15:50:36 [INFO]     KEC [930312] Yakomi
2026-07-01 15:50:37 [INFO]       7 kelurahan di Yakomi
2026-07-01 15:50:37 [INFO]     KEC [930313] Bamgi
2026-07-01 15:50:38 [INFO]       5 kelurahan di Bamgi
2026-07-01 15:50:38 [INFO]     KEC [930314] Passue Bawah
2026-07-01 15:50:38 [INFO]       8 kelurahan di Passue Bawah
2026-07-01 15:50:38 [INFO]     KEC [930315] Ti  Zain
2026-07-01 15:50:39 [INFO]       8 kelurahan di Ti  Zain
2026-07-01 15:50:39 [INFO]   KAB [9304] Kabupaten Asmat
2026-07-01 15:50:39 [INFO]     KEC [930401] Agats
2026-07-01 15:50:40 [INFO]       12 kelurahan di Agats
2026-07-01 15:50:40 [INFO]     KEC [930402] Atsj
2026-07-01 15:50:40 [INFO]       9 kelurahan di Atsj
2026-07-01 15:50:40 [INFO]     KEC [930403] Sawa Erma
2026-07-01 15:50:41 [INFO]       10 kelurahan di Sawa Erma
2026-07-01 15:50:41 [INFO]     KEC [930404] Akat
2026-07-01 15:50:42 [INFO]       5 kelurahan di Akat
2026-07-01 15:50:42 [INFO]     KEC [930405] Fayit
2026-07-01 15:50:42 [INFO]       13 kelurahan di Fayit
2026-07-01 15:50:42 [INFO]     KEC [930406] Pantai Kasuari
2026-07-01 15:50:43 [INFO]       9 kelurahan di Pantai Kasuari
2026-07-01 15:50:43 [INFO]     KEC [930407] Suator
2026-07-01 15:50:44 [INFO]       10 kelurahan di Suator
2026-07-01 15:50:44 [INFO]     KEC [930408] Suru-suru
2026-07-01 15:50:44 [INFO]       17 kelurahan di Suru-suru
2026-07-01 15:50:44 [INFO]     KEC [930409] Kolf Braza
2026-07-01 15:50:45 [INFO]       14 kelurahan di Kolf Braza
2026-07-01 15:50:45 [INFO]     KEC [930410] Unir Sirau
2026-07-01 15:50:45 [INFO]       7 kelurahan di Unir Sirau
2026-07-01 15:50:45 [INFO]     KEC [930411] Joerat
2026-07-01 15:50:46 [INFO]       6 kelurahan di Joerat
2026-07-01 15:50:46 [INFO]     KEC [930412] Pulau Tiga
2026-07-01 15:50:47 [INFO]       11 kelurahan di Pulau Tiga
2026-07-01 15:50:47 [INFO]     KEC [930413] Jetsy
2026-07-01 15:50:47 [INFO]       8 kelurahan di Jetsy
2026-07-01 15:50:47 [INFO]     KEC [930414] Der Koumur
2026-07-01 15:50:48 [INFO]       6 kelurahan di Der Koumur
2026-07-01 15:50:48 [INFO]     KEC [930415] Kopay
2026-07-01 15:50:49 [INFO]       10 kelurahan di Kopay
2026-07-01 15:50:49 [INFO]     KEC [930416] Safan
2026-07-01 15:50:49 [INFO]       12 kelurahan di Safan
2026-07-01 15:50:49 [INFO]     KEC [930417] Sirets
2026-07-01 15:50:50 [INFO]       8 kelurahan di Sirets
2026-07-01 15:50:50 [INFO]     KEC [930418] Ayib
2026-07-01 15:50:50 [INFO]       6 kelurahan di Ayib
2026-07-01 15:50:50 [INFO]     KEC [930419] Betcbamu
2026-07-01 15:50:51 [INFO]       7 kelurahan di Betcbamu
2026-07-01 15:50:51 [INFO]     KEC [930420] Joutu
2026-07-01 15:50:52 [INFO]       7 kelurahan di Joutu
2026-07-01 15:50:52 [INFO]     KEC [930421] Aswi
2026-07-01 15:50:52 [INFO]       10 kelurahan di Aswi
2026-07-01 15:50:52 [INFO]     KEC [930422] Awyu
2026-07-01 15:50:53 [INFO]       6 kelurahan di Awyu
2026-07-01 15:50:53 [INFO]     KEC [930423] Koroway Buluanop
2026-07-01 15:50:53 [INFO]       7 kelurahan di Koroway Buluanop
2026-07-01 15:50:53 [INFO]     KEC [930424] Tomor Birip
2026-07-01 15:50:54 [INFO]       8 kelurahan di Tomor Birip
2026-07-01 15:50:54 [INFO]     KEC [930425] Sor Ep
2026-07-01 15:50:55 [INFO]       6 kelurahan di Sor Ep
2026-07-01 15:50:55 [INFO] PROVINSI SELESAI [93] Papua Selatan
2026-07-01 15:50:55 [INFO] PROVINSI [94] Papua Tengah
2026-07-01 15:50:55 [INFO]   KAB [9401] Kabupaten Nabire
2026-07-01 15:50:56 [INFO]     KEC [940101] Nabire
2026-07-01 15:50:56 [INFO]       12 kelurahan di Nabire
2026-07-01 15:50:56 [INFO]     KEC [940102] Napan
2026-07-01 15:50:57 [INFO]       3 kelurahan di Napan
2026-07-01 15:50:57 [INFO]     KEC [940103] Yaur
2026-07-01 15:50:57 [INFO]       4 kelurahan di Yaur
2026-07-01 15:50:58 [INFO]     KEC [940104] Uwapa
2026-07-01 15:50:58 [INFO]       6 kelurahan di Uwapa
2026-07-01 15:50:58 [INFO]     KEC [940105] Wanggar
2026-07-01 15:50:59 [INFO]       3 kelurahan di Wanggar
2026-07-01 15:50:59 [INFO]     KEC [940106] Siriwo
2026-07-01 15:50:59 [INFO]       6 kelurahan di Siriwo
2026-07-01 15:50:59 [INFO]     KEC [940107] Makimi
2026-07-01 15:51:00 [INFO]       6 kelurahan di Makimi
2026-07-01 15:51:00 [INFO]     KEC [940108] Teluk Umar
2026-07-01 15:51:00 [INFO]       4 kelurahan di Teluk Umar
2026-07-01 15:51:00 [INFO]     KEC [940109] Teluk Kimi
2026-07-01 15:51:01 [INFO]       5 kelurahan di Teluk Kimi
2026-07-01 15:51:01 [INFO]     KEC [940110] Yaro
2026-07-01 15:51:02 [INFO]       8 kelurahan di Yaro
2026-07-01 15:51:02 [INFO]     KEC [940111] Wapoga
2026-07-01 15:51:02 [INFO]       5 kelurahan di Wapoga
2026-07-01 15:51:02 [INFO]     KEC [940112] Nabire Barat
2026-07-01 15:51:03 [INFO]       5 kelurahan di Nabire Barat
2026-07-01 15:51:03 [INFO]     KEC [940113] Moora
2026-07-01 15:51:03 [INFO]       5 kelurahan di Moora
2026-07-01 15:51:03 [INFO]     KEC [940114] Dipa
2026-07-01 15:51:04 [INFO]       5 kelurahan di Dipa
2026-07-01 15:51:04 [INFO]     KEC [940115] Menou
2026-07-01 15:51:04 [INFO]       4 kelurahan di Menou
2026-07-01 15:51:04 [INFO]   KAB [9402] Kabupaten Puncak Jaya
2026-07-01 15:51:05 [INFO]     KEC [940201] Mulia
2026-07-01 15:51:05 [INFO]       11 kelurahan di Mulia
2026-07-01 15:51:05 [INFO]     KEC [940202] Ilu
2026-07-01 15:51:06 [INFO]       21 kelurahan di Ilu
2026-07-01 15:51:06 [INFO]     KEC [940203] Fawi
2026-07-01 15:51:07 [INFO]       9 kelurahan di Fawi
2026-07-01 15:51:07 [INFO]     KEC [940204] Mewoluk
2026-07-01 15:51:07 [INFO]       8 kelurahan di Mewoluk
2026-07-01 15:51:07 [INFO]     KEC [940205] Yamo
2026-07-01 15:51:08 [INFO]       14 kelurahan di Yamo
2026-07-01 15:51:08 [INFO]     KEC [940206] Nume
2026-07-01 15:51:09 [INFO]       13 kelurahan di Nume
2026-07-01 15:51:09 [INFO]     KEC [940207] Torere
2026-07-01 15:51:09 [INFO]       13 kelurahan di Torere
2026-07-01 15:51:09 [INFO]     KEC [940208] Tingginambut
2026-07-01 15:51:10 [INFO]       22 kelurahan di Tingginambut
2026-07-01 15:51:10 [INFO]     KEC [940209] Pagaleme
2026-07-01 15:51:10 [INFO]       5 kelurahan di Pagaleme
2026-07-01 15:51:10 [INFO]     KEC [940210] Gurage
2026-07-01 15:51:11 [INFO]       11 kelurahan di Gurage
2026-07-01 15:51:11 [INFO]     KEC [940211] Irimuli
2026-07-01 15:51:12 [INFO]       9 kelurahan di Irimuli
2026-07-01 15:51:12 [INFO]     KEC [940212] Muara
2026-07-01 15:51:12 [INFO]       8 kelurahan di Muara
2026-07-01 15:51:12 [INFO]     KEC [940213] Ilamburawi
2026-07-01 15:51:13 [INFO]       5 kelurahan di Ilamburawi
2026-07-01 15:51:13 [INFO]     KEC [940214] Yambi
2026-07-01 15:51:13 [INFO]       9 kelurahan di Yambi
2026-07-01 15:51:13 [INFO]     KEC [940215] Lumo
2026-07-01 15:51:14 [INFO]       9 kelurahan di Lumo
2026-07-01 15:51:14 [INFO]     KEC [940216] Molanikime
2026-07-01 15:51:15 [INFO]       5 kelurahan di Molanikime
2026-07-01 15:51:15 [INFO]     KEC [940217] Dokome
2026-07-01 15:51:15 [INFO]       9 kelurahan di Dokome
2026-07-01 15:51:15 [INFO]     KEC [940218] Kalome
2026-07-01 15:51:16 [INFO]       16 kelurahan di Kalome
2026-07-01 15:51:16 [INFO]     KEC [940219] Wanwi
2026-07-01 15:51:16 [INFO]       17 kelurahan di Wanwi
2026-07-01 15:51:16 [INFO]     KEC [940220] Yamoneri
2026-07-01 15:51:17 [INFO]       16 kelurahan di Yamoneri
2026-07-01 15:51:17 [INFO]     KEC [940221] Waegi
2026-07-01 15:51:18 [INFO]       19 kelurahan di Waegi
2026-07-01 15:51:18 [INFO]     KEC [940222] Nioga
2026-07-01 15:51:18 [INFO]       11 kelurahan di Nioga
2026-07-01 15:51:18 [INFO]     KEC [940223] Gubume
2026-07-01 15:51:19 [INFO]       17 kelurahan di Gubume
2026-07-01 15:51:19 [INFO]     KEC [940224] Taganombak
2026-07-01 15:51:19 [INFO]       10 kelurahan di Taganombak
2026-07-01 15:51:19 [INFO]     KEC [940225] Dagai
2026-07-01 15:51:20 [INFO]       10 kelurahan di Dagai
2026-07-01 15:51:20 [INFO]     KEC [940226] Kiyage
2026-07-01 15:51:20 [INFO]       8 kelurahan di Kiyage
2026-07-01 15:51:20 [INFO]   KAB [9403] Kabupaten Paniai
2026-07-01 15:51:21 [INFO]     KEC [940301] Paniai Timur
2026-07-01 15:51:22 [INFO]       26 kelurahan di Paniai Timur
2026-07-01 15:51:22 [INFO]     KEC [940302] Paniai Barat
2026-07-01 15:51:22 [INFO]       13 kelurahan di Paniai Barat
2026-07-01 15:51:22 [INFO]     KEC [940303] Aradide
2026-07-01 15:51:23 [INFO]       9 kelurahan di Aradide
2026-07-01 15:51:23 [INFO]     KEC [940304] Bogabaida
2026-07-01 15:51:23 [INFO]       9 kelurahan di Bogabaida
2026-07-01 15:51:23 [INFO]     KEC [940305] Bibida
2026-07-01 15:51:24 [INFO]       7 kelurahan di Bibida
2026-07-01 15:51:24 [INFO]     KEC [940306] Dumadama
2026-07-01 15:51:24 [INFO]       5 kelurahan di Dumadama
2026-07-01 15:51:24 [INFO]     KEC [940307] Siriwo
2026-07-01 15:51:25 [INFO]       14 kelurahan di Siriwo
2026-07-01 15:51:25 [INFO]     KEC [940308] Kebo
2026-07-01 15:51:26 [INFO]       13 kelurahan di Kebo
2026-07-01 15:51:26 [INFO]     KEC [940309] Yatamo
2026-07-01 15:51:26 [INFO]       5 kelurahan di Yatamo
2026-07-01 15:51:26 [INFO]     KEC [940310] Ekadide
2026-07-01 15:51:27 [INFO]       12 kelurahan di Ekadide
2026-07-01 15:51:27 [INFO]     KEC [940311] Wegee Muka
2026-07-01 15:51:27 [INFO]       11 kelurahan di Wegee Muka
2026-07-01 15:51:27 [INFO]     KEC [940312] Wegee Bino
2026-07-01 15:51:28 [INFO]       9 kelurahan di Wegee Bino
2026-07-01 15:51:28 [INFO]     KEC [940313] Pugo Dagi
2026-07-01 15:51:29 [INFO]       9 kelurahan di Pugo Dagi
2026-07-01 15:51:29 [INFO]     KEC [940314] Muye
2026-07-01 15:51:29 [INFO]       10 kelurahan di Muye
2026-07-01 15:51:29 [INFO]     KEC [940315] Nakama
2026-07-01 15:51:30 [INFO]       7 kelurahan di Nakama
2026-07-01 15:51:30 [INFO]     KEC [940316] Teluk Deya
2026-07-01 15:51:30 [INFO]       6 kelurahan di Teluk Deya
2026-07-01 15:51:30 [INFO]     KEC [940317] Yagai
2026-07-01 15:51:31 [INFO]       10 kelurahan di Yagai
2026-07-01 15:51:31 [INFO]     KEC [940318] Youtadi
2026-07-01 15:51:32 [INFO]       6 kelurahan di Youtadi
2026-07-01 15:51:32 [INFO]     KEC [940319] Baya Biru
2026-07-01 15:51:33 [INFO]       6 kelurahan di Baya Biru
2026-07-01 15:51:33 [INFO]     KEC [940320] Deiyai  Miyo
2026-07-01 15:51:33 [INFO]       6 kelurahan di Deiyai  Miyo
2026-07-01 15:51:33 [INFO]     KEC [940321] Dogomo
2026-07-01 15:51:34 [INFO]       5 kelurahan di Dogomo
2026-07-01 15:51:34 [INFO]     KEC [940322] Aweida
2026-07-01 15:51:35 [INFO]       6 kelurahan di Aweida
2026-07-01 15:51:35 [INFO]     KEC [940323] Topiyai
2026-07-01 15:51:35 [INFO]       10 kelurahan di Topiyai
2026-07-01 15:51:35 [INFO]     KEC [940324] Fajar Timur
2026-07-01 15:51:36 [INFO]       7 kelurahan di Fajar Timur
2026-07-01 15:51:36 [INFO]   KAB [9404] Kabupaten Mimika
2026-07-01 15:51:36 [INFO]     KEC [940401] Mimika Baru
2026-07-01 15:51:37 [INFO]       14 kelurahan di Mimika Baru
2026-07-01 15:51:37 [INFO]     KEC [940402] Agimuga
2026-07-01 15:51:38 [INFO]       8 kelurahan di Agimuga
2026-07-01 15:51:38 [INFO]     KEC [940403] Mimika Timur
2026-07-01 15:51:38 [INFO]       6 kelurahan di Mimika Timur
2026-07-01 15:51:38 [INFO]     KEC [940404] Mimika Barat
2026-07-01 15:51:39 [INFO]       7 kelurahan di Mimika Barat
2026-07-01 15:51:39 [INFO]     KEC [940405] Jita
2026-07-01 15:51:40 [INFO]       10 kelurahan di Jita
2026-07-01 15:51:40 [INFO]     KEC [940406] Jila
2026-07-01 15:51:40 [INFO]       12 kelurahan di Jila
2026-07-01 15:51:40 [INFO]     KEC [940407] Mimika Timur Jauh
2026-07-01 15:51:41 [INFO]       5 kelurahan di Mimika Timur Jauh
2026-07-01 15:51:41 [INFO]     KEC [940408] Mimika Tengah
2026-07-01 15:51:41 [INFO]       5 kelurahan di Mimika Tengah
2026-07-01 15:51:41 [INFO]     KEC [940409] Kuala Kencana
2026-07-01 15:51:42 [INFO]       10 kelurahan di Kuala Kencana
2026-07-01 15:51:42 [INFO]     KEC [940410] Tembagapura
2026-07-01 15:51:42 [INFO]       14 kelurahan di Tembagapura
2026-07-01 15:51:42 [INFO]     KEC [940411] Mimika Barat Jauh
2026-07-01 15:51:43 [INFO]       5 kelurahan di Mimika Barat Jauh
2026-07-01 15:51:43 [INFO]     KEC [940412] Mimika Barat Tengah
2026-07-01 15:51:44 [INFO]       9 kelurahan di Mimika Barat Tengah
2026-07-01 15:51:44 [INFO]     KEC [940413] Kwamki Narama
2026-07-01 15:51:44 [INFO]       10 kelurahan di Kwamki Narama
2026-07-01 15:51:44 [INFO]     KEC [940414] Hoya
2026-07-01 15:51:45 [INFO]       6 kelurahan di Hoya
2026-07-01 15:51:45 [INFO]     KEC [940415] Iwaka
2026-07-01 15:51:45 [INFO]       7 kelurahan di Iwaka
2026-07-01 15:51:45 [INFO]     KEC [940416] Wania
2026-07-01 15:51:46 [INFO]       7 kelurahan di Wania
2026-07-01 15:51:46 [INFO]     KEC [940417] Amar
2026-07-01 15:51:46 [INFO]       6 kelurahan di Amar
2026-07-01 15:51:46 [INFO]     KEC [940418] Alama
2026-07-01 15:51:47 [INFO]       11 kelurahan di Alama
2026-07-01 15:51:47 [INFO]   KAB [9405] Kabupaten Puncak
2026-07-01 15:51:47 [INFO]     KEC [940501] Ilaga
2026-07-01 15:51:48 [INFO]       9 kelurahan di Ilaga
2026-07-01 15:51:48 [INFO]     KEC [940502] Wangbe
2026-07-01 15:51:49 [INFO]       11 kelurahan di Wangbe
2026-07-01 15:51:49 [INFO]     KEC [940503] Beoga
2026-07-01 15:51:49 [INFO]       8 kelurahan di Beoga
2026-07-01 15:51:49 [INFO]     KEC [940504] Doufo
2026-07-01 15:51:50 [INFO]       7 kelurahan di Doufo
2026-07-01 15:51:50 [INFO]     KEC [940505] Pogoma
2026-07-01 15:51:50 [INFO]       9 kelurahan di Pogoma
2026-07-01 15:51:50 [INFO]     KEC [940506] Sinak
2026-07-01 15:51:51 [INFO]       11 kelurahan di Sinak
2026-07-01 15:51:51 [INFO]     KEC [940507] Agandugume
2026-07-01 15:51:51 [INFO]       7 kelurahan di Agandugume
2026-07-01 15:51:51 [INFO]     KEC [940508] Gome
2026-07-01 15:51:52 [INFO]       10 kelurahan di Gome
2026-07-01 15:51:52 [INFO]     KEC [940509] Dervos
2026-07-01 15:51:52 [INFO]       7 kelurahan di Dervos
2026-07-01 15:51:52 [INFO]     KEC [940510] Beoga Barat
2026-07-01 15:51:53 [INFO]       6 kelurahan di Beoga Barat
2026-07-01 15:51:53 [INFO]     KEC [940511] Beoga Timur
2026-07-01 15:51:54 [INFO]       8 kelurahan di Beoga Timur
2026-07-01 15:51:54 [INFO]     KEC [940512] Ogamanim
2026-07-01 15:51:54 [INFO]       7 kelurahan di Ogamanim
2026-07-01 15:51:54 [INFO]     KEC [940513] Kembru
2026-07-01 15:51:55 [INFO]       7 kelurahan di Kembru
2026-07-01 15:51:55 [INFO]     KEC [940514] Bina
2026-07-01 15:51:55 [INFO]       7 kelurahan di Bina
2026-07-01 15:51:55 [INFO]     KEC [940515] Sinak Barat
2026-07-01 15:51:56 [INFO]       7 kelurahan di Sinak Barat
2026-07-01 15:51:56 [INFO]     KEC [940516] Mage'abume
2026-07-01 15:51:57 [INFO]       11 kelurahan di Mage'abume
2026-07-01 15:51:57 [INFO]     KEC [940517] Yugumuak
2026-07-01 15:51:58 [INFO]       10 kelurahan di Yugumuak
2026-07-01 15:51:58 [INFO]     KEC [940518] Ilaga Utara
2026-07-01 15:51:58 [INFO]       9 kelurahan di Ilaga Utara
2026-07-01 15:51:58 [INFO]     KEC [940519] Mabugi
2026-07-01 15:51:59 [INFO]       8 kelurahan di Mabugi
2026-07-01 15:51:59 [INFO]     KEC [940520] Omukia
2026-07-01 15:51:59 [INFO]       14 kelurahan di Omukia
2026-07-01 15:51:59 [INFO]     KEC [940521] Lambewi
2026-07-01 15:52:00 [INFO]       7 kelurahan di Lambewi
2026-07-01 15:52:00 [INFO]     KEC [940522] Oneri
2026-07-01 15:52:00 [INFO]       6 kelurahan di Oneri
2026-07-01 15:52:00 [INFO]     KEC [940523] Amungkalpia
2026-07-01 15:52:01 [INFO]       6 kelurahan di Amungkalpia
2026-07-01 15:52:01 [INFO]     KEC [940524] Gome Utara
2026-07-01 15:52:02 [INFO]       5 kelurahan di Gome Utara
2026-07-01 15:52:02 [INFO]     KEC [940525] Erelmakawia
2026-07-01 15:52:02 [INFO]       9 kelurahan di Erelmakawia
2026-07-01 15:52:02 [INFO]   KAB [9406] Kabupaten Dogiyai
2026-07-01 15:52:03 [INFO]     KEC [940601] Kamu
2026-07-01 15:52:03 [INFO]       8 kelurahan di Kamu
2026-07-01 15:52:03 [INFO]     KEC [940602] Mapia
2026-07-01 15:52:04 [INFO]       7 kelurahan di Mapia
2026-07-01 15:52:04 [INFO]     KEC [940603] Piyaiye
2026-07-01 15:52:04 [INFO]       8 kelurahan di Piyaiye
2026-07-01 15:52:04 [INFO]     KEC [940604] Kamu Utara
2026-07-01 15:52:05 [INFO]       10 kelurahan di Kamu Utara
2026-07-01 15:52:05 [INFO]     KEC [940605] Sukikai Selatan
2026-07-01 15:52:06 [INFO]       4 kelurahan di Sukikai Selatan
2026-07-01 15:52:06 [INFO]     KEC [940606] Mapia Barat
2026-07-01 15:52:06 [INFO]       4 kelurahan di Mapia Barat
2026-07-01 15:52:06 [INFO]     KEC [940607] Kamu Selatan
2026-07-01 15:52:07 [INFO]       12 kelurahan di Kamu Selatan
2026-07-01 15:52:07 [INFO]     KEC [940608] Kamu Timur
2026-07-01 15:52:07 [INFO]       7 kelurahan di Kamu Timur
2026-07-01 15:52:07 [INFO]     KEC [940609] Mapia Tengah
2026-07-01 15:52:08 [INFO]       10 kelurahan di Mapia Tengah
2026-07-01 15:52:08 [INFO]     KEC [940610] Dogiyai
2026-07-01 15:52:08 [INFO]       9 kelurahan di Dogiyai
2026-07-01 15:52:08 [INFO]   KAB [9407] Kabupaten Intan Jaya
2026-07-01 15:52:09 [INFO]     KEC [940701] Sugapa
2026-07-01 15:52:10 [INFO]       17 kelurahan di Sugapa
2026-07-01 15:52:10 [INFO]     KEC [940702] Homeyo
2026-07-01 15:52:10 [INFO]       21 kelurahan di Homeyo
2026-07-01 15:52:10 [INFO]     KEC [940703] Wandai
2026-07-01 15:52:11 [INFO]       9 kelurahan di Wandai
2026-07-01 15:52:11 [INFO]     KEC [940704] Biandoga
2026-07-01 15:52:12 [INFO]       16 kelurahan di Biandoga
2026-07-01 15:52:12 [INFO]     KEC [940705] Agisiga
2026-07-01 15:52:12 [INFO]       10 kelurahan di Agisiga
2026-07-01 15:52:12 [INFO]     KEC [940706] Hitadipa
2026-07-01 15:52:13 [INFO]       9 kelurahan di Hitadipa
2026-07-01 15:52:13 [INFO]     KEC [940707] Ugimba
2026-07-01 15:52:13 [INFO]       6 kelurahan di Ugimba
2026-07-01 15:52:13 [INFO]     KEC [940708] Tomosiga
2026-07-01 15:52:14 [INFO]       9 kelurahan di Tomosiga
2026-07-01 15:52:14 [INFO]   KAB [9408] Kabupaten Deiyai
2026-07-01 15:52:15 [INFO]     KEC [940801] Tigi
2026-07-01 15:52:15 [INFO]       20 kelurahan di Tigi
2026-07-01 15:52:15 [INFO]     KEC [940802] Tigi Timur
2026-07-01 15:52:16 [INFO]       14 kelurahan di Tigi Timur
2026-07-01 15:52:16 [INFO]     KEC [940803] Bowobado
2026-07-01 15:52:16 [INFO]       6 kelurahan di Bowobado
2026-07-01 15:52:16 [INFO]     KEC [940804] Tigi Barat
2026-07-01 15:52:17 [INFO]       22 kelurahan di Tigi Barat
2026-07-01 15:52:17 [INFO]     KEC [940805] Kapiraya
2026-07-01 15:52:17 [INFO]       5 kelurahan di Kapiraya
2026-07-01 15:52:17 [INFO] PROVINSI SELESAI [94] Papua Tengah
2026-07-01 15:52:17 [INFO] PROVINSI [95] Papua Pegunungan
2026-07-01 15:52:18 [INFO]   KAB [9501] Kabupaten Jayawijaya
2026-07-01 15:52:19 [INFO]     KEC [950101] Wamena
2026-07-01 15:52:19 [INFO]       11 kelurahan di Wamena
2026-07-01 15:52:19 [INFO]     KEC [950102] Kurulu
2026-07-01 15:52:20 [INFO]       12 kelurahan di Kurulu
2026-07-01 15:52:20 [INFO]     KEC [950103] Asologaima
2026-07-01 15:52:20 [INFO]       10 kelurahan di Asologaima
2026-07-01 15:52:20 [INFO]     KEC [950104] Hubikosi
2026-07-01 15:52:21 [INFO]       11 kelurahan di Hubikosi
2026-07-01 15:52:21 [INFO]     KEC [950105] Bolakme
2026-07-01 15:52:21 [INFO]       12 kelurahan di Bolakme
2026-07-01 15:52:21 [INFO]     KEC [950106] Walelagama
2026-07-01 15:52:22 [INFO]       6 kelurahan di Walelagama
2026-07-01 15:52:22 [INFO]     KEC [950107] Musatfak
2026-07-01 15:52:23 [INFO]       10 kelurahan di Musatfak
2026-07-01 15:52:23 [INFO]     KEC [950108] Wolo
2026-07-01 15:52:23 [INFO]       8 kelurahan di Wolo
2026-07-01 15:52:23 [INFO]     KEC [950109] Asolokobal
2026-07-01 15:52:24 [INFO]       9 kelurahan di Asolokobal
2026-07-01 15:52:24 [INFO]     KEC [950110] Pelebaga
2026-07-01 15:52:24 [INFO]       13 kelurahan di Pelebaga
2026-07-01 15:52:24 [INFO]     KEC [950111] Yalengga
2026-07-01 15:52:25 [INFO]       11 kelurahan di Yalengga
2026-07-01 15:52:25 [INFO]     KEC [950112] Trikora
2026-07-01 15:52:25 [INFO]       6 kelurahan di Trikora
2026-07-01 15:52:25 [INFO]     KEC [950113] Napua
2026-07-01 15:52:26 [INFO]       9 kelurahan di Napua
2026-07-01 15:52:26 [INFO]     KEC [950114] Walaik
2026-07-01 15:52:27 [INFO]       5 kelurahan di Walaik
2026-07-01 15:52:27 [INFO]     KEC [950115] Wouma
2026-07-01 15:52:27 [INFO]       7 kelurahan di Wouma
2026-07-01 15:52:27 [INFO]     KEC [950116] Hubikiak
2026-07-01 15:52:28 [INFO]       8 kelurahan di Hubikiak
2026-07-01 15:52:28 [INFO]     KEC [950117] Ibele
2026-07-01 15:52:28 [INFO]       10 kelurahan di Ibele
2026-07-01 15:52:28 [INFO]     KEC [950118] Taelarek
2026-07-01 15:52:29 [INFO]       8 kelurahan di Taelarek
2026-07-01 15:52:29 [INFO]     KEC [950119] Itlay Hisage
2026-07-01 15:52:29 [INFO]       9 kelurahan di Itlay Hisage
2026-07-01 15:52:29 [INFO]     KEC [950120] Siepkosi
2026-07-01 15:52:30 [INFO]       9 kelurahan di Siepkosi
2026-07-01 15:52:30 [INFO]     KEC [950121] Usilimo
2026-07-01 15:52:31 [INFO]       10 kelurahan di Usilimo
2026-07-01 15:52:31 [INFO]     KEC [950122] Wita Waya
2026-07-01 15:52:31 [INFO]       5 kelurahan di Wita Waya
2026-07-01 15:52:31 [INFO]     KEC [950123] Libarek
2026-07-01 15:52:32 [INFO]       5 kelurahan di Libarek
2026-07-01 15:52:32 [INFO]     KEC [950124] Wadangku
2026-07-01 15:52:32 [INFO]       5 kelurahan di Wadangku
2026-07-01 15:52:32 [INFO]     KEC [950125] Pisugi
2026-07-01 15:52:33 [INFO]       7 kelurahan di Pisugi
2026-07-01 15:52:33 [INFO]     KEC [950126] Koragi
2026-07-01 15:52:33 [INFO]       5 kelurahan di Koragi
2026-07-01 15:52:33 [INFO]     KEC [950127] Tagime
2026-07-01 15:52:34 [INFO]       11 kelurahan di Tagime
2026-07-01 15:52:34 [INFO]     KEC [950128] Molagalome
2026-07-01 15:52:35 [INFO]       6 kelurahan di Molagalome
2026-07-01 15:52:35 [INFO]     KEC [950129] Tagineri
2026-07-01 15:52:35 [INFO]       9 kelurahan di Tagineri
2026-07-01 15:52:35 [INFO]     KEC [950130] Silo Karno Doga
2026-07-01 15:52:36 [INFO]       8 kelurahan di Silo Karno Doga
2026-07-01 15:52:36 [INFO]     KEC [950131] Piramid
2026-07-01 15:52:37 [INFO]       10 kelurahan di Piramid
2026-07-01 15:52:37 [INFO]     KEC [950132] Muliama
2026-07-01 15:52:37 [INFO]       12 kelurahan di Muliama
2026-07-01 15:52:37 [INFO]     KEC [950133] Bugi
2026-07-01 15:52:38 [INFO]       8 kelurahan di Bugi
2026-07-01 15:52:38 [INFO]     KEC [950134] Bpiri
2026-07-01 15:52:38 [INFO]       7 kelurahan di Bpiri
2026-07-01 15:52:38 [INFO]     KEC [950135] Welesi
2026-07-01 15:52:39 [INFO]       7 kelurahan di Welesi
2026-07-01 15:52:39 [INFO]     KEC [950136] Asotipo
2026-07-01 15:52:40 [INFO]       10 kelurahan di Asotipo
2026-07-01 15:52:40 [INFO]     KEC [950137] Maima
2026-07-01 15:52:40 [INFO]       7 kelurahan di Maima
2026-07-01 15:52:40 [INFO]     KEC [950138] Popugoba
2026-07-01 15:52:41 [INFO]       4 kelurahan di Popugoba
2026-07-01 15:52:41 [INFO]     KEC [950139] Wame
2026-07-01 15:52:41 [INFO]       4 kelurahan di Wame
2026-07-01 15:52:41 [INFO]     KEC [950140] Wesaput
2026-07-01 15:52:42 [INFO]       8 kelurahan di Wesaput
2026-07-01 15:52:42 [INFO]   KAB [9502] Kab Pegunungan Bintang
2026-07-01 15:52:42 [INFO]     KEC [950201] Oksibil
2026-07-01 15:52:43 [INFO]       8 kelurahan di Oksibil
2026-07-01 15:52:43 [INFO]     KEC [950202] Kiwirok
2026-07-01 15:52:44 [INFO]       12 kelurahan di Kiwirok
2026-07-01 15:52:44 [INFO]     KEC [950203] Okbibab
2026-07-01 15:52:44 [INFO]       8 kelurahan di Okbibab
2026-07-01 15:52:44 [INFO]     KEC [950204] Iwur
2026-07-01 15:52:45 [INFO]       10 kelurahan di Iwur
2026-07-01 15:52:45 [INFO]     KEC [950205] Batom
2026-07-01 15:52:45 [INFO]       11 kelurahan di Batom
2026-07-01 15:52:45 [INFO]     KEC [950206] Borme
2026-07-01 15:52:46 [INFO]       13 kelurahan di Borme
2026-07-01 15:52:46 [INFO]     KEC [950207] Kiwirok Timur
2026-07-01 15:52:46 [INFO]       9 kelurahan di Kiwirok Timur
2026-07-01 15:52:46 [INFO]     KEC [950208] Aboy
2026-07-01 15:52:47 [INFO]       7 kelurahan di Aboy
2026-07-01 15:52:47 [INFO]     KEC [950209] Pepera
2026-07-01 15:52:48 [INFO]       7 kelurahan di Pepera
2026-07-01 15:52:48 [INFO]     KEC [950210] Bime
2026-07-01 15:52:48 [INFO]       10 kelurahan di Bime
2026-07-01 15:52:48 [INFO]     KEC [950211] Alemsom
2026-07-01 15:52:49 [INFO]       12 kelurahan di Alemsom
2026-07-01 15:52:49 [INFO]     KEC [950212] Okbape
2026-07-01 15:52:49 [INFO]       6 kelurahan di Okbape
2026-07-01 15:52:49 [INFO]     KEC [950213] Kalomdol
2026-07-01 15:52:50 [INFO]       5 kelurahan di Kalomdol
2026-07-01 15:52:50 [INFO]     KEC [950214] Oksop
2026-07-01 15:52:50 [INFO]       5 kelurahan di Oksop
2026-07-01 15:52:50 [INFO]     KEC [950215] Serambakon
2026-07-01 15:52:51 [INFO]       8 kelurahan di Serambakon
2026-07-01 15:52:51 [INFO]     KEC [950216] Ok Aom
2026-07-01 15:52:52 [INFO]       6 kelurahan di Ok Aom
2026-07-01 15:52:52 [INFO]     KEC [950217] Kawor
2026-07-01 15:52:52 [INFO]       7 kelurahan di Kawor
2026-07-01 15:52:52 [INFO]     KEC [950218] Awinbon
2026-07-01 15:52:53 [INFO]       5 kelurahan di Awinbon
2026-07-01 15:52:53 [INFO]     KEC [950219] Tarup
2026-07-01 15:52:53 [INFO]       7 kelurahan di Tarup
2026-07-01 15:52:53 [INFO]     KEC [950220] Okhika
2026-07-01 15:52:54 [INFO]       4 kelurahan di Okhika
2026-07-01 15:52:54 [INFO]     KEC [950221] Oksamol
2026-07-01 15:52:54 [INFO]       12 kelurahan di Oksamol
2026-07-01 15:52:54 [INFO]     KEC [950222] Oklip
2026-07-01 15:52:55 [INFO]       7 kelurahan di Oklip
2026-07-01 15:52:55 [INFO]     KEC [950223] Okbemtau
2026-07-01 15:52:56 [INFO]       9 kelurahan di Okbemtau
2026-07-01 15:52:56 [INFO]     KEC [950224] Oksebang
2026-07-01 15:52:56 [INFO]       4 kelurahan di Oksebang
2026-07-01 15:52:56 [INFO]     KEC [950225] Okbab
2026-07-01 15:52:57 [INFO]       12 kelurahan di Okbab
2026-07-01 15:52:57 [INFO]     KEC [950226] Batani
2026-07-01 15:52:57 [INFO]       7 kelurahan di Batani
2026-07-01 15:52:57 [INFO]     KEC [950227] Weime
2026-07-01 15:52:58 [INFO]       9 kelurahan di Weime
2026-07-01 15:52:58 [INFO]     KEC [950228] Murkim
2026-07-01 15:52:58 [INFO]       4 kelurahan di Murkim
2026-07-01 15:52:58 [INFO]     KEC [950229] Mofinop
2026-07-01 15:52:59 [INFO]       5 kelurahan di Mofinop
2026-07-01 15:52:59 [INFO]     KEC [950230] Jetfa
2026-07-01 15:53:00 [INFO]       6 kelurahan di Jetfa
2026-07-01 15:53:00 [INFO]     KEC [950231] Teiraplu
2026-07-01 15:53:00 [INFO]       10 kelurahan di Teiraplu
2026-07-01 15:53:00 [INFO]     KEC [950232] Eipumek
2026-07-01 15:53:01 [INFO]       14 kelurahan di Eipumek
2026-07-01 15:53:01 [INFO]     KEC [950233] Pamek
2026-07-01 15:53:01 [INFO]       11 kelurahan di Pamek
2026-07-01 15:53:01 [INFO]     KEC [950234] Nongme
2026-07-01 15:53:02 [INFO]       7 kelurahan di Nongme
2026-07-01 15:53:02 [INFO]   KAB [9503] Kabupaten Yahukimo
2026-07-01 15:53:03 [INFO]     KEC [950301] Kurima
2026-07-01 15:53:03 [INFO]       22 kelurahan di Kurima
2026-07-01 15:53:03 [INFO]     KEC [950302] Anggruk
2026-07-01 15:53:04 [INFO]       12 kelurahan di Anggruk
2026-07-01 15:53:04 [INFO]     KEC [950303] Ninia
2026-07-01 15:53:04 [INFO]       10 kelurahan di Ninia
2026-07-01 15:53:04 [INFO]     KEC [950304] Silimo
2026-07-01 15:53:05 [INFO]       20 kelurahan di Silimo
2026-07-01 15:53:05 [INFO]     KEC [950305] Samenage
2026-07-01 15:53:05 [INFO]       9 kelurahan di Samenage
2026-07-01 15:53:05 [INFO]     KEC [950306] Nalca
2026-07-01 15:53:06 [INFO]       8 kelurahan di Nalca
2026-07-01 15:53:06 [INFO]     KEC [950307] Dekai
2026-07-01 15:53:07 [INFO]       12 kelurahan di Dekai
2026-07-01 15:53:07 [INFO]     KEC [950308] Obio
2026-07-01 15:53:07 [INFO]       13 kelurahan di Obio
2026-07-01 15:53:07 [INFO]     KEC [950309] Suru Suru
2026-07-01 15:53:08 [INFO]       7 kelurahan di Suru Suru
2026-07-01 15:53:08 [INFO]     KEC [950310] Wusama
2026-07-01 15:53:08 [INFO]       11 kelurahan di Wusama
2026-07-01 15:53:08 [INFO]     KEC [950311] Amuma
2026-07-01 15:53:09 [INFO]       13 kelurahan di Amuma
2026-07-01 15:53:09 [INFO]     KEC [950312] Musaik
2026-07-01 15:53:09 [INFO]       10 kelurahan di Musaik
2026-07-01 15:53:09 [INFO]     KEC [950313] Pasema
2026-07-01 15:53:10 [INFO]       7 kelurahan di Pasema
2026-07-01 15:53:10 [INFO]     KEC [950314] Hogio
2026-07-01 15:53:11 [INFO]       8 kelurahan di Hogio
2026-07-01 15:53:11 [INFO]     KEC [950315] Mugi
2026-07-01 15:53:11 [INFO]       20 kelurahan di Mugi
2026-07-01 15:53:11 [INFO]     KEC [950316] Soba
2026-07-01 15:53:12 [INFO]       6 kelurahan di Soba
2026-07-01 15:53:12 [INFO]     KEC [950317] Werima
2026-07-01 15:53:13 [INFO]       14 kelurahan di Werima
2026-07-01 15:53:13 [INFO]     KEC [950318] Tangma
2026-07-01 15:53:13 [INFO]       10 kelurahan di Tangma
2026-07-01 15:53:13 [INFO]     KEC [950319] Ukha
2026-07-01 15:53:14 [INFO]       11 kelurahan di Ukha
2026-07-01 15:53:14 [INFO]     KEC [950320] Panggema
2026-07-01 15:53:14 [INFO]       13 kelurahan di Panggema
2026-07-01 15:53:14 [INFO]     KEC [950321] Kosarek
2026-07-01 15:53:15 [INFO]       11 kelurahan di Kosarek
2026-07-01 15:53:15 [INFO]     KEC [950322] Nipsan
2026-07-01 15:53:16 [INFO]       8 kelurahan di Nipsan
2026-07-01 15:53:16 [INFO]     KEC [950323] Ubahak
2026-07-01 15:53:16 [INFO]       17 kelurahan di Ubahak
2026-07-01 15:53:16 [INFO]     KEC [950324] Pronggoli
2026-07-01 15:53:17 [INFO]       8 kelurahan di Pronggoli
2026-07-01 15:53:17 [INFO]     KEC [950325] Walma
2026-07-01 15:53:17 [INFO]       8 kelurahan di Walma
2026-07-01 15:53:17 [INFO]     KEC [950326] Yahuliambut
2026-07-01 15:53:18 [INFO]       5 kelurahan di Yahuliambut
2026-07-01 15:53:18 [INFO]     KEC [950327] Hereapini
2026-07-01 15:53:18 [INFO]       11 kelurahan di Hereapini
2026-07-01 15:53:18 [INFO]     KEC [950328] Ubalihi
2026-07-01 15:53:19 [INFO]       11 kelurahan di Ubalihi
2026-07-01 15:53:19 [INFO]     KEC [950329] Talambo
2026-07-01 15:53:20 [INFO]       9 kelurahan di Talambo
2026-07-01 15:53:20 [INFO]     KEC [950330] Puldama
2026-07-01 15:53:20 [INFO]       8 kelurahan di Puldama
2026-07-01 15:53:20 [INFO]     KEC [950331] Endomen
2026-07-01 15:53:21 [INFO]       8 kelurahan di Endomen
2026-07-01 15:53:21 [INFO]     KEC [950332] Kona
2026-07-01 15:53:21 [INFO]       5 kelurahan di Kona
2026-07-01 15:53:21 [INFO]     KEC [950333] Dirwemna
2026-07-01 15:53:22 [INFO]       5 kelurahan di Dirwemna
2026-07-01 15:53:22 [INFO]     KEC [950334] Holuwon
2026-07-01 15:53:23 [INFO]       7 kelurahan di Holuwon
2026-07-01 15:53:23 [INFO]     KEC [950335] Lolat
2026-07-01 15:53:23 [INFO]       8 kelurahan di Lolat
2026-07-01 15:53:23 [INFO]     KEC [950336] Soloikma
2026-07-01 15:53:24 [INFO]       8 kelurahan di Soloikma
2026-07-01 15:53:24 [INFO]     KEC [950337] Sela
2026-07-01 15:53:24 [INFO]       16 kelurahan di Sela
2026-07-01 15:53:24 [INFO]     KEC [950338] Korupun
2026-07-01 15:53:25 [INFO]       12 kelurahan di Korupun
2026-07-01 15:53:25 [INFO]     KEC [950339] Langda
2026-07-01 15:53:25 [INFO]       9 kelurahan di Langda
2026-07-01 15:53:25 [INFO]     KEC [950340] Bomela
2026-07-01 15:53:26 [INFO]       6 kelurahan di Bomela
2026-07-01 15:53:26 [INFO]     KEC [950341] Suntamon
2026-07-01 15:53:27 [INFO]       8 kelurahan di Suntamon
2026-07-01 15:53:27 [INFO]     KEC [950342] Seradala
2026-07-01 15:53:27 [INFO]       9 kelurahan di Seradala
2026-07-01 15:53:27 [INFO]     KEC [950343] Sobaham
2026-07-01 15:53:28 [INFO]       13 kelurahan di Sobaham
2026-07-01 15:53:28 [INFO]     KEC [950344] Kabianggama
2026-07-01 15:53:28 [INFO]       7 kelurahan di Kabianggama
2026-07-01 15:53:28 [INFO]     KEC [950345] Kwelamdua
2026-07-01 15:53:29 [INFO]       10 kelurahan di Kwelamdua
2026-07-01 15:53:29 [INFO]     KEC [950346] Kwikma
2026-07-01 15:53:29 [INFO]       10 kelurahan di Kwikma
2026-07-01 15:53:29 [INFO]     KEC [950347] Hilipuk
2026-07-01 15:53:30 [INFO]       7 kelurahan di Hilipuk
2026-07-01 15:53:30 [INFO]     KEC [950348] Duram
2026-07-01 15:53:31 [INFO]       6 kelurahan di Duram
2026-07-01 15:53:31 [INFO]     KEC [950349] Yogosem
2026-07-01 15:53:31 [INFO]       7 kelurahan di Yogosem
2026-07-01 15:53:31 [INFO]     KEC [950350] Kayo
2026-07-01 15:53:32 [INFO]       7 kelurahan di Kayo
2026-07-01 15:53:32 [INFO]     KEC [950351] Sumo
2026-07-01 15:53:32 [INFO]       11 kelurahan di Sumo
2026-07-01 15:53:32 [INFO]   KAB [9504] Kabupaten Tolikara
2026-07-01 15:53:33 [INFO]     KEC [950401] Karubaga
2026-07-01 15:53:33 [INFO]       23 kelurahan di Karubaga
2026-07-01 15:53:33 [INFO]     KEC [950402] Bokondini
2026-07-01 15:53:34 [INFO]       11 kelurahan di Bokondini
2026-07-01 15:53:34 [INFO]     KEC [950403] Kanggime
2026-07-01 15:53:35 [INFO]       10 kelurahan di Kanggime
2026-07-01 15:53:35 [INFO]     KEC [950404] Kembu
2026-07-01 15:53:35 [INFO]       11 kelurahan di Kembu
2026-07-01 15:53:35 [INFO]     KEC [950405] Goyage
2026-07-01 15:53:36 [INFO]       19 kelurahan di Goyage
2026-07-01 15:53:36 [INFO]     KEC [950406] Wunim
2026-07-01 15:53:36 [INFO]       9 kelurahan di Wunim
2026-07-01 15:53:36 [INFO]     KEC [950407] Wina
2026-07-01 15:53:37 [INFO]       13 kelurahan di Wina
2026-07-01 15:53:37 [INFO]     KEC [950408] Umagi
2026-07-01 15:53:38 [INFO]       12 kelurahan di Umagi
2026-07-01 15:53:38 [INFO]     KEC [950409] Panaga
2026-07-01 15:53:38 [INFO]       9 kelurahan di Panaga
2026-07-01 15:53:38 [INFO]     KEC [950410] Woniki
2026-07-01 15:53:39 [INFO]       10 kelurahan di Woniki
2026-07-01 15:53:39 [INFO]     KEC [950411] Kubu
2026-07-01 15:53:41 [INFO]       9 kelurahan di Kubu
2026-07-01 15:53:41 [INFO]     KEC [950412] Konda/ Kondaga
2026-07-01 15:53:41 [INFO]       11 kelurahan di Konda/ Kondaga
2026-07-01 15:53:41 [INFO]     KEC [950413] Nelawi
2026-07-01 15:53:43 [INFO]       12 kelurahan di Nelawi
2026-07-01 15:53:43 [INFO]     KEC [950414] Kuari
2026-07-01 15:53:43 [INFO]       17 kelurahan di Kuari
2026-07-01 15:53:43 [INFO]     KEC [950415] Bokoneri
2026-07-01 15:53:44 [INFO]       17 kelurahan di Bokoneri
2026-07-01 15:53:44 [INFO]     KEC [950416] Bewani
2026-07-01 15:53:45 [INFO]       14 kelurahan di Bewani
2026-07-01 15:53:45 [INFO]     KEC [950417] Nabunage
2026-07-01 15:53:45 [INFO]       11 kelurahan di Nabunage
2026-07-01 15:53:45 [INFO]     KEC [950418] Gilubandu
2026-07-01 15:53:46 [INFO]       10 kelurahan di Gilubandu
2026-07-01 15:53:46 [INFO]     KEC [950419] Nunggawi
2026-07-01 15:53:46 [INFO]       26 kelurahan di Nunggawi
2026-07-01 15:53:46 [INFO]     KEC [950420] Gundagi
2026-07-01 15:53:47 [INFO]       17 kelurahan di Gundagi
2026-07-01 15:53:47 [INFO]     KEC [950421] Numba
2026-07-01 15:53:47 [INFO]       10 kelurahan di Numba
2026-07-01 15:53:47 [INFO]     KEC [950422] Timori
2026-07-01 15:53:48 [INFO]       12 kelurahan di Timori
2026-07-01 15:53:48 [INFO]     KEC [950423] Dundu
2026-07-01 15:53:49 [INFO]       10 kelurahan di Dundu
2026-07-01 15:53:49 [INFO]     KEC [950424] Geya
2026-07-01 15:53:49 [INFO]       12 kelurahan di Geya
2026-07-01 15:53:49 [INFO]     KEC [950425] Egiam
2026-07-01 15:53:51 [INFO]       10 kelurahan di Egiam
2026-07-01 15:53:51 [INFO]     KEC [950426] Poganeri
2026-07-01 15:53:51 [INFO]       10 kelurahan di Poganeri
2026-07-01 15:53:51 [INFO]     KEC [950427] Kamboneri
2026-07-01 15:53:52 [INFO]       8 kelurahan di Kamboneri
2026-07-01 15:53:52 [INFO]     KEC [950428] Airgaram
2026-07-01 15:53:52 [INFO]       8 kelurahan di Airgaram
2026-07-01 15:53:52 [INFO]     KEC [950429] Wari/Taiyeve II
2026-07-01 15:53:53 [INFO]       17 kelurahan di Wari/Taiyeve II
2026-07-01 15:53:53 [INFO]     KEC [950430] Dow
2026-07-01 15:53:54 [INFO]       11 kelurahan di Dow
2026-07-01 15:53:54 [INFO]     KEC [950431] Tagineri
2026-07-01 15:53:54 [INFO]       10 kelurahan di Tagineri
2026-07-01 15:53:54 [INFO]     KEC [950432] Yuneri
2026-07-01 15:53:55 [INFO]       11 kelurahan di Yuneri
2026-07-01 15:53:55 [INFO]     KEC [950433] Wakuwo
2026-07-01 15:53:55 [INFO]       12 kelurahan di Wakuwo
2026-07-01 15:53:55 [INFO]     KEC [950434] Gika
2026-07-01 15:53:56 [INFO]       10 kelurahan di Gika
2026-07-01 15:53:56 [INFO]     KEC [950435] Telenggeme
2026-07-01 15:53:57 [INFO]       10 kelurahan di Telenggeme
2026-07-01 15:53:57 [INFO]     KEC [950436] Anawi
2026-07-01 15:53:57 [INFO]       10 kelurahan di Anawi
2026-07-01 15:53:57 [INFO]     KEC [950437] Wenam
2026-07-01 15:53:58 [INFO]       10 kelurahan di Wenam
2026-07-01 15:53:58 [INFO]     KEC [950438] Wugi
2026-07-01 15:53:58 [INFO]       11 kelurahan di Wugi
2026-07-01 15:53:58 [INFO]     KEC [950439] Danime
2026-07-01 15:53:59 [INFO]       10 kelurahan di Danime
2026-07-01 15:53:59 [INFO]     KEC [950440] Tagime
2026-07-01 15:54:00 [INFO]       10 kelurahan di Tagime
2026-07-01 15:54:00 [INFO]     KEC [950441] Kai
2026-07-01 15:54:00 [INFO]       10 kelurahan di Kai
2026-07-01 15:54:00 [INFO]     KEC [950442] Aweku
2026-07-01 15:54:01 [INFO]       10 kelurahan di Aweku
2026-07-01 15:54:01 [INFO]     KEC [950443] Bogonuk
2026-07-01 15:54:01 [INFO]       10 kelurahan di Bogonuk
2026-07-01 15:54:01 [INFO]     KEC [950444] Li Anogomma
2026-07-01 15:54:02 [INFO]       10 kelurahan di Li Anogomma
2026-07-01 15:54:02 [INFO]     KEC [950445] Biuk
2026-07-01 15:54:02 [INFO]       11 kelurahan di Biuk
2026-07-01 15:54:02 [INFO]     KEC [950446] Yuko
2026-07-01 15:54:03 [INFO]       11 kelurahan di Yuko
2026-07-01 15:54:03 [INFO]   KAB [9505] Kabupaten Mamberamo Tengah
2026-07-01 15:54:04 [INFO]     KEC [950501] Kobakma
2026-07-01 15:54:04 [INFO]       15 kelurahan di Kobakma
2026-07-01 15:54:04 [INFO]     KEC [950502] Kelila
2026-07-01 15:54:05 [INFO]       19 kelurahan di Kelila
2026-07-01 15:54:05 [INFO]     KEC [950503] Eragayam
2026-07-01 15:54:05 [INFO]       15 kelurahan di Eragayam
2026-07-01 15:54:05 [INFO]     KEC [950504] Megambilis
2026-07-01 15:54:06 [INFO]       4 kelurahan di Megambilis
2026-07-01 15:54:06 [INFO]     KEC [950505] Ilugwa
2026-07-01 15:54:06 [INFO]       6 kelurahan di Ilugwa
2026-07-01 15:54:06 [INFO]   KAB [9506] Kabupaten Yalimo
2026-07-01 15:54:07 [INFO]     KEC [950601] Elelim
2026-07-01 15:54:07 [INFO]       44 kelurahan di Elelim
2026-07-01 15:54:07 [INFO]     KEC [950602] Apalapsili
2026-07-01 15:54:08 [INFO]       50 kelurahan di Apalapsili
2026-07-01 15:54:08 [INFO]     KEC [950603] Abenaho
2026-07-01 15:54:09 [INFO]       108 kelurahan di Abenaho
2026-07-01 15:54:09 [INFO]     KEC [950604] Benawa
2026-07-01 15:54:09 [INFO]       37 kelurahan di Benawa
2026-07-01 15:54:09 [INFO]     KEC [950605] Welarek
2026-07-01 15:54:10 [INFO]       61 kelurahan di Welarek
2026-07-01 15:54:10 [INFO]   KAB [9507] Kabupaten Lanny Jaya
2026-07-01 15:54:10 [INFO]     KEC [950701] Tiom
2026-07-01 15:54:11 [INFO]       11 kelurahan di Tiom
2026-07-01 15:54:11 [INFO]     KEC [950702] Pirime
2026-07-01 15:54:12 [INFO]       8 kelurahan di Pirime
2026-07-01 15:54:12 [INFO]     KEC [950703] Makki
2026-07-01 15:54:12 [INFO]       8 kelurahan di Makki
2026-07-01 15:54:12 [INFO]     KEC [950704] Gamelia
2026-07-01 15:54:13 [INFO]       8 kelurahan di Gamelia
2026-07-01 15:54:13 [INFO]     KEC [950705] Dimba
2026-07-01 15:54:13 [INFO]       8 kelurahan di Dimba
2026-07-01 15:54:13 [INFO]     KEC [950706] Melagineri
2026-07-01 15:54:14 [INFO]       8 kelurahan di Melagineri
2026-07-01 15:54:14 [INFO]     KEC [950707] Balingga
2026-07-01 15:54:14 [INFO]       10 kelurahan di Balingga
2026-07-01 15:54:14 [INFO]     KEC [950708] Tiomneri
2026-07-01 15:54:15 [INFO]       9 kelurahan di Tiomneri
2026-07-01 15:54:15 [INFO]     KEC [950709] Kuyawage
2026-07-01 15:54:15 [INFO]       8 kelurahan di Kuyawage
2026-07-01 15:54:15 [INFO]     KEC [950710] Poga
2026-07-01 15:54:16 [INFO]       13 kelurahan di Poga
2026-07-01 15:54:16 [INFO]     KEC [950711] Niname
2026-07-01 15:54:17 [INFO]       7 kelurahan di Niname
2026-07-01 15:54:17 [INFO]     KEC [950712] Nogi
2026-07-01 15:54:17 [INFO]       8 kelurahan di Nogi
2026-07-01 15:54:17 [INFO]     KEC [950713] Yiginua
2026-07-01 15:54:18 [INFO]       7 kelurahan di Yiginua
2026-07-01 15:54:18 [INFO]     KEC [950714] Tiom Ollo
2026-07-01 15:54:18 [INFO]       10 kelurahan di Tiom Ollo
2026-07-01 15:54:18 [INFO]     KEC [950715] Yugungwi
2026-07-01 15:54:19 [INFO]       9 kelurahan di Yugungwi
2026-07-01 15:54:19 [INFO]     KEC [950716] Mokoni
2026-07-01 15:54:19 [INFO]       9 kelurahan di Mokoni
2026-07-01 15:54:20 [INFO]     KEC [950717] Wereka
2026-07-01 15:54:20 [INFO]       9 kelurahan di Wereka
2026-07-01 15:54:20 [INFO]     KEC [950718] Milimbo
2026-07-01 15:54:21 [INFO]       8 kelurahan di Milimbo
2026-07-01 15:54:21 [INFO]     KEC [950719] Wiringgambut
2026-07-01 15:54:21 [INFO]       10 kelurahan di Wiringgambut
2026-07-01 15:54:21 [INFO]     KEC [950720] Gollo
2026-07-01 15:54:22 [INFO]       11 kelurahan di Gollo
2026-07-01 15:54:22 [INFO]     KEC [950721] Awina
2026-07-01 15:54:22 [INFO]       9 kelurahan di Awina
2026-07-01 15:54:22 [INFO]     KEC [950722] Ayumnati
2026-07-01 15:54:23 [INFO]       9 kelurahan di Ayumnati
2026-07-01 15:54:23 [INFO]     KEC [950723] Wano Barat
2026-07-01 15:54:24 [INFO]       11 kelurahan di Wano Barat
2026-07-01 15:54:24 [INFO]     KEC [950724] Goa Balim
2026-07-01 15:54:24 [INFO]       7 kelurahan di Goa Balim
2026-07-01 15:54:24 [INFO]     KEC [950725] Bruwa
2026-07-01 15:54:25 [INFO]       9 kelurahan di Bruwa
2026-07-01 15:54:25 [INFO]     KEC [950726] Balingga Barat
2026-07-01 15:54:25 [INFO]       8 kelurahan di Balingga Barat
2026-07-01 15:54:25 [INFO]     KEC [950727] Gupura
2026-07-01 15:54:26 [INFO]       12 kelurahan di Gupura
2026-07-01 15:54:26 [INFO]     KEC [950728] Kolawa
2026-07-01 15:54:26 [INFO]       10 kelurahan di Kolawa
2026-07-01 15:54:26 [INFO]     KEC [950729] Gelok Beam
2026-07-01 15:54:27 [INFO]       9 kelurahan di Gelok Beam
2026-07-01 15:54:27 [INFO]     KEC [950730] Kuly Lanny
2026-07-01 15:54:28 [INFO]       8 kelurahan di Kuly Lanny
2026-07-01 15:54:28 [INFO]     KEC [950731] Lannyna
2026-07-01 15:54:28 [INFO]       11 kelurahan di Lannyna
2026-07-01 15:54:28 [INFO]     KEC [950732] Karu
2026-07-01 15:54:29 [INFO]       8 kelurahan di Karu
2026-07-01 15:54:29 [INFO]     KEC [950733] Yiluk
2026-07-01 15:54:29 [INFO]       8 kelurahan di Yiluk
2026-07-01 15:54:29 [INFO]     KEC [950734] Guna
2026-07-01 15:54:30 [INFO]       7 kelurahan di Guna
2026-07-01 15:54:30 [INFO]     KEC [950735] Kelulome
2026-07-01 15:54:30 [INFO]       10 kelurahan di Kelulome
2026-07-01 15:54:30 [INFO]     KEC [950736] Nikogwe
2026-07-01 15:54:31 [INFO]       9 kelurahan di Nikogwe
2026-07-01 15:54:31 [INFO]     KEC [950737] Muara
2026-07-01 15:54:31 [INFO]       10 kelurahan di Muara
2026-07-01 15:54:32 [INFO]     KEC [950738] Buguk Gona
2026-07-01 15:54:32 [INFO]       13 kelurahan di Buguk Gona
2026-07-01 15:54:32 [INFO]     KEC [950739] Melagi
2026-07-01 15:54:33 [INFO]       8 kelurahan di Melagi
2026-07-01 15:54:33 [INFO]   KAB [9508] Kabupaten Nduga
2026-07-01 15:54:33 [INFO]     KEC [950801] Kenyam
2026-07-01 15:54:34 [INFO]       9 kelurahan di Kenyam
2026-07-01 15:54:34 [INFO]     KEC [950802] Mapenduma
2026-07-01 15:54:34 [INFO]       10 kelurahan di Mapenduma
2026-07-01 15:54:34 [INFO]     KEC [950803] Yigi
2026-07-01 15:54:35 [INFO]       12 kelurahan di Yigi
2026-07-01 15:54:35 [INFO]     KEC [950804] Wosak
2026-07-01 15:54:35 [INFO]       5 kelurahan di Wosak
2026-07-01 15:54:35 [INFO]     KEC [950805] Geselma
2026-07-01 15:54:36 [INFO]       3 kelurahan di Geselma
2026-07-01 15:54:36 [INFO]     KEC [950806] Mugi
2026-07-01 15:54:37 [INFO]       18 kelurahan di Mugi
2026-07-01 15:54:37 [INFO]     KEC [950807] Mbuwa
2026-07-01 15:54:37 [INFO]       6 kelurahan di Mbuwa
2026-07-01 15:54:37 [INFO]     KEC [950808] Gearek
2026-07-01 15:54:38 [INFO]       7 kelurahan di Gearek
2026-07-01 15:54:38 [INFO]     KEC [950809] Koroptak
2026-07-01 15:54:38 [INFO]       6 kelurahan di Koroptak
2026-07-01 15:54:38 [INFO]     KEC [950810] Kegayem
2026-07-01 15:54:39 [INFO]       13 kelurahan di Kegayem
2026-07-01 15:54:39 [INFO]     KEC [950811] Paro
2026-07-01 15:54:39 [INFO]       5 kelurahan di Paro
2026-07-01 15:54:39 [INFO]     KEC [950812] Mebarok
2026-07-01 15:54:40 [INFO]       14 kelurahan di Mebarok
2026-07-01 15:54:40 [INFO]     KEC [950813] Yenggelo
2026-07-01 15:54:41 [INFO]       4 kelurahan di Yenggelo
2026-07-01 15:54:41 [INFO]     KEC [950814] Kilmid
2026-07-01 15:54:41 [INFO]       4 kelurahan di Kilmid
2026-07-01 15:54:41 [INFO]     KEC [950815] Alama
2026-07-01 15:54:42 [INFO]       4 kelurahan di Alama
2026-07-01 15:54:42 [INFO]     KEC [950816] Yal
2026-07-01 15:54:43 [INFO]       20 kelurahan di Yal
2026-07-01 15:54:43 [INFO]     KEC [950817] Mam
2026-07-01 15:54:43 [INFO]       14 kelurahan di Mam
2026-07-01 15:54:43 [INFO]     KEC [950818] Dal
2026-07-01 15:54:44 [INFO]       6 kelurahan di Dal
2026-07-01 15:54:44 [INFO]     KEC [950819] Nirkuri
2026-07-01 15:54:44 [INFO]       10 kelurahan di Nirkuri
2026-07-01 15:54:44 [INFO]     KEC [950820] Inikgal
2026-07-01 15:54:45 [INFO]       8 kelurahan di Inikgal
2026-07-01 15:54:45 [INFO]     KEC [950821] Iniye
2026-07-01 15:54:45 [INFO]       6 kelurahan di Iniye
2026-07-01 15:54:45 [INFO]     KEC [950822] Mbulmu Yalma
2026-07-01 15:54:46 [INFO]       7 kelurahan di Mbulmu Yalma
2026-07-01 15:54:46 [INFO]     KEC [950823] Mbua Tengah
2026-07-01 15:54:47 [INFO]       9 kelurahan di Mbua Tengah
2026-07-01 15:54:47 [INFO]     KEC [950824] Embetpen
2026-07-01 15:54:47 [INFO]       5 kelurahan di Embetpen
2026-07-01 15:54:47 [INFO]     KEC [950825] Kora
2026-07-01 15:54:48 [INFO]       5 kelurahan di Kora
2026-07-01 15:54:48 [INFO]     KEC [950826] Wusi
2026-07-01 15:54:48 [INFO]       4 kelurahan di Wusi
2026-07-01 15:54:48 [INFO]     KEC [950827] Pija
2026-07-01 15:54:49 [INFO]       5 kelurahan di Pija
2026-07-01 15:54:49 [INFO]     KEC [950828] Moba
2026-07-01 15:54:50 [INFO]       8 kelurahan di Moba
2026-07-01 15:54:50 [INFO]     KEC [950829] Wutpaga
2026-07-01 15:54:51 [INFO]       6 kelurahan di Wutpaga
2026-07-01 15:54:51 [INFO]     KEC [950830] Nenggeagin
2026-07-01 15:54:51 [INFO]       5 kelurahan di Nenggeagin
2026-07-01 15:54:51 [INFO]     KEC [950831] Krepkuri
2026-07-01 15:54:52 [INFO]       6 kelurahan di Krepkuri
2026-07-01 15:54:52 [INFO]     KEC [950832] Pasir Putih
2026-07-01 15:54:52 [INFO]       4 kelurahan di Pasir Putih
2026-07-01 15:54:52 [INFO] PROVINSI SELESAI [95] Papua Pegunungan
2026-07-01 15:54:52 [INFO] PROVINSI [96] Papua Barat Daya
2026-07-01 15:54:53 [INFO]   KAB [9601] Kabupaten Sorong
2026-07-01 15:54:53 [INFO]     KEC [960101] Makbon
2026-07-01 15:54:54 [INFO]       15 kelurahan di Makbon
2026-07-01 15:54:54 [INFO]     KEC [960102] Beraur
2026-07-01 15:54:55 [INFO]       13 kelurahan di Beraur
2026-07-01 15:54:55 [INFO]     KEC [960103] Salawati
2026-07-01 15:54:55 [INFO]       7 kelurahan di Salawati
2026-07-01 15:54:55 [INFO]     KEC [960104] Seget
2026-07-01 15:54:56 [INFO]       9 kelurahan di Seget
2026-07-01 15:54:56 [INFO]     KEC [960105] Aimas
2026-07-01 15:54:56 [INFO]       14 kelurahan di Aimas
2026-07-01 15:54:56 [INFO]     KEC [960106] Klamono
2026-07-01 15:54:57 [INFO]       10 kelurahan di Klamono
2026-07-01 15:54:57 [INFO]     KEC [960107] Sayosa
2026-07-01 15:54:58 [INFO]       6 kelurahan di Sayosa
2026-07-01 15:54:58 [INFO]     KEC [960108] Segun
2026-07-01 15:54:58 [INFO]       9 kelurahan di Segun
2026-07-01 15:54:58 [INFO]     KEC [960109] Mayamuk
2026-07-01 15:54:59 [INFO]       11 kelurahan di Mayamuk
2026-07-01 15:54:59 [INFO]     KEC [960110] Salawati Selatan
2026-07-01 15:54:59 [INFO]       6 kelurahan di Salawati Selatan
2026-07-01 15:54:59 [INFO]     KEC [960111] Klabot
2026-07-01 15:55:00 [INFO]       8 kelurahan di Klabot
2026-07-01 15:55:00 [INFO]     KEC [960112] Klawak
2026-07-01 15:55:01 [INFO]       11 kelurahan di Klawak
2026-07-01 15:55:01 [INFO]     KEC [960113] Maudus
2026-07-01 15:55:01 [INFO]       9 kelurahan di Maudus
2026-07-01 15:55:01 [INFO]     KEC [960114] Mariat
2026-07-01 15:55:02 [INFO]       11 kelurahan di Mariat
2026-07-01 15:55:02 [INFO]     KEC [960115] Klayili
2026-07-01 15:55:02 [INFO]       8 kelurahan di Klayili
2026-07-01 15:55:02 [INFO]     KEC [960116] Klaso
2026-07-01 15:55:03 [INFO]       7 kelurahan di Klaso
2026-07-01 15:55:03 [INFO]     KEC [960117] Moisegen
2026-07-01 15:55:03 [INFO]       9 kelurahan di Moisegen
2026-07-01 15:55:03 [INFO]     KEC [960118] Sorong
2026-07-01 15:55:04 [INFO]       4 kelurahan di Sorong
2026-07-01 15:55:04 [INFO]     KEC [960119] Bagun
2026-07-01 15:55:05 [INFO]       9 kelurahan di Bagun
2026-07-01 15:55:05 [INFO]     KEC [960120] Wemak
2026-07-01 15:55:05 [INFO]       6 kelurahan di Wemak
2026-07-01 15:55:05 [INFO]     KEC [960121] Sunook
2026-07-01 15:55:06 [INFO]       7 kelurahan di Sunook
2026-07-01 15:55:06 [INFO]     KEC [960122] Buk
2026-07-01 15:55:06 [INFO]       7 kelurahan di Buk
2026-07-01 15:55:06 [INFO]     KEC [960123] Saengkeduk
2026-07-01 15:55:07 [INFO]       6 kelurahan di Saengkeduk
2026-07-01 15:55:07 [INFO]     KEC [960124] Malabotom
2026-07-01 15:55:07 [INFO]       9 kelurahan di Malabotom
2026-07-01 15:55:07 [INFO]     KEC [960125] Konhir
2026-07-01 15:55:08 [INFO]       9 kelurahan di Konhir
2026-07-01 15:55:08 [INFO]     KEC [960126] Klasafet
2026-07-01 15:55:09 [INFO]       5 kelurahan di Klasafet
2026-07-01 15:55:09 [INFO]     KEC [960127] Hobard
2026-07-01 15:55:09 [INFO]       7 kelurahan di Hobard
2026-07-01 15:55:09 [INFO]     KEC [960128] Salawati Tengah
2026-07-01 15:55:10 [INFO]       10 kelurahan di Salawati Tengah
2026-07-01 15:55:10 [INFO]     KEC [960129] Botain
2026-07-01 15:55:10 [INFO]       5 kelurahan di Botain
2026-07-01 15:55:10 [INFO]     KEC [960130] Sayosa Timur
2026-07-01 15:55:11 [INFO]       6 kelurahan di Sayosa Timur
2026-07-01 15:55:11 [INFO]   KAB [9602] Kabupaten Sorong Selatan
2026-07-01 15:55:11 [INFO]     KEC [960201] Teminabuan
2026-07-01 15:55:12 [INFO]       16 kelurahan di Teminabuan
2026-07-01 15:55:12 [INFO]     KEC [960202] Inanwatan
2026-07-01 15:55:13 [INFO]       9 kelurahan di Inanwatan
2026-07-01 15:55:13 [INFO]     KEC [960203] Sawiat
2026-07-01 15:55:13 [INFO]       8 kelurahan di Sawiat
2026-07-01 15:55:13 [INFO]     KEC [960204] Kokoda
2026-07-01 15:55:14 [INFO]       16 kelurahan di Kokoda
2026-07-01 15:55:14 [INFO]     KEC [960205] Moswaren
2026-07-01 15:55:14 [INFO]       7 kelurahan di Moswaren
2026-07-01 15:55:14 [INFO]     KEC [960206] Seremuk
2026-07-01 15:55:15 [INFO]       8 kelurahan di Seremuk
2026-07-01 15:55:15 [INFO]     KEC [960207] Wayer
2026-07-01 15:55:16 [INFO]       8 kelurahan di Wayer
2026-07-01 15:55:16 [INFO]     KEC [960208] Kais
2026-07-01 15:55:16 [INFO]       5 kelurahan di Kais
2026-07-01 15:55:16 [INFO]     KEC [960209] Konda
2026-07-01 15:55:17 [INFO]       5 kelurahan di Konda
2026-07-01 15:55:17 [INFO]     KEC [960210] Matemani
2026-07-01 15:55:17 [INFO]       6 kelurahan di Matemani
2026-07-01 15:55:17 [INFO]     KEC [960211] Kokoda Utara
2026-07-01 15:55:18 [INFO]       9 kelurahan di Kokoda Utara
2026-07-01 15:55:18 [INFO]     KEC [960212] Saifi
2026-07-01 15:55:18 [INFO]       9 kelurahan di Saifi
2026-07-01 15:55:18 [INFO]     KEC [960213] Fokour
2026-07-01 15:55:19 [INFO]       4 kelurahan di Fokour
2026-07-01 15:55:19 [INFO]     KEC [960214] Salkma
2026-07-01 15:55:20 [INFO]       5 kelurahan di Salkma
2026-07-01 15:55:20 [INFO]     KEC [960215] Kais Darat
2026-07-01 15:55:20 [INFO]       7 kelurahan di Kais Darat
2026-07-01 15:55:20 [INFO]   KAB [9603] Kabupaten Raja Ampat
2026-07-01 15:55:21 [INFO]     KEC [960301] Misool (Misool Utara)
2026-07-01 15:55:21 [INFO]       5 kelurahan di Misool (Misool Utara)
2026-07-01 15:55:21 [INFO]     KEC [960302] Waigeo Utara
2026-07-01 15:55:22 [INFO]       6 kelurahan di Waigeo Utara
2026-07-01 15:55:22 [INFO]     KEC [960303] Waigeo Selatan
2026-07-01 15:55:22 [INFO]       5 kelurahan di Waigeo Selatan
2026-07-01 15:55:22 [INFO]     KEC [960304] Salawati Utara
2026-07-01 15:55:23 [INFO]       6 kelurahan di Salawati Utara
2026-07-01 15:55:23 [INFO]     KEC [960305] Ayau
2026-07-01 15:55:24 [INFO]       5 kelurahan di Ayau
2026-07-01 15:55:24 [INFO]     KEC [960306] Misool Timur
2026-07-01 15:55:24 [INFO]       6 kelurahan di Misool Timur
2026-07-01 15:55:24 [INFO]     KEC [960307] Waigeo Barat
2026-07-01 15:55:25 [INFO]       5 kelurahan di Waigeo Barat
2026-07-01 15:55:25 [INFO]     KEC [960308] Waigeo Timur
2026-07-01 15:55:25 [INFO]       4 kelurahan di Waigeo Timur
2026-07-01 15:55:25 [INFO]     KEC [960309] Teluk Mayalibit
2026-07-01 15:55:26 [INFO]       4 kelurahan di Teluk Mayalibit
2026-07-01 15:55:26 [INFO]     KEC [960310] Kofiau
2026-07-01 15:55:26 [INFO]       5 kelurahan di Kofiau
2026-07-01 15:55:26 [INFO]     KEC [960311] Meos Mansar
2026-07-01 15:55:27 [INFO]       9 kelurahan di Meos Mansar
2026-07-01 15:55:27 [INFO]     KEC [960312] Misool Selatan
2026-07-01 15:55:27 [INFO]       5 kelurahan di Misool Selatan
2026-07-01 15:55:27 [INFO]     KEC [960313] Warwarbomi
2026-07-01 15:55:28 [INFO]       4 kelurahan di Warwarbomi
2026-07-01 15:55:28 [INFO]     KEC [960314] Waigeo Barat Kepulauan
2026-07-01 15:55:29 [INFO]       6 kelurahan di Waigeo Barat Kepulauan
2026-07-01 15:55:29 [INFO]     KEC [960315] Misool Barat
2026-07-01 15:55:29 [INFO]       5 kelurahan di Misool Barat
2026-07-01 15:55:29 [INFO]     KEC [960316] Kepulauan Sembilan
2026-07-01 15:55:30 [INFO]       4 kelurahan di Kepulauan Sembilan
2026-07-01 15:55:30 [INFO]     KEC [960317] Kota Waisai
2026-07-01 15:55:31 [INFO]       4 kelurahan di Kota Waisai
2026-07-01 15:55:31 [INFO]     KEC [960318] Tiplol Mayalibit
2026-07-01 15:55:31 [INFO]       6 kelurahan di Tiplol Mayalibit
2026-07-01 15:55:31 [INFO]     KEC [960319] Batanta Utara
2026-07-01 15:55:32 [INFO]       4 kelurahan di Batanta Utara
2026-07-01 15:55:32 [INFO]     KEC [960320] Salawati Barat
2026-07-01 15:55:32 [INFO]       4 kelurahan di Salawati Barat
2026-07-01 15:55:32 [INFO]     KEC [960321] Salawati Tengah
2026-07-01 15:55:33 [INFO]       7 kelurahan di Salawati Tengah
2026-07-01 15:55:33 [INFO]     KEC [960322] Supnin
2026-07-01 15:55:33 [INFO]       4 kelurahan di Supnin
2026-07-01 15:55:33 [INFO]     KEC [960323] Kepulauan Ayau
2026-07-01 15:55:34 [INFO]       4 kelurahan di Kepulauan Ayau
2026-07-01 15:55:34 [INFO]     KEC [960324] Batanta Selatan
2026-07-01 15:55:35 [INFO]       4 kelurahan di Batanta Selatan
2026-07-01 15:55:35 [INFO]   KAB [9604] Kabupaten Tambrauw
2026-07-01 15:55:35 [INFO]     KEC [960401] Fef
2026-07-01 15:55:36 [INFO]       10 kelurahan di Fef
2026-07-01 15:55:36 [INFO]     KEC [960402] Miyah
2026-07-01 15:55:41 [INFO]       5 kelurahan di Miyah
2026-07-01 15:55:41 [INFO]     KEC [960403] Yembun
2026-07-01 15:55:42 [INFO]       6 kelurahan di Yembun
2026-07-01 15:55:42 [INFO]     KEC [960404] Kwoor
2026-07-01 15:55:42 [INFO]       5 kelurahan di Kwoor
2026-07-01 15:55:42 [INFO]     KEC [960405] Sausapor
2026-07-01 15:55:43 [INFO]       10 kelurahan di Sausapor
2026-07-01 15:55:43 [INFO]     KEC [960406] Abun
2026-07-01 15:55:44 [INFO]       5 kelurahan di Abun
2026-07-01 15:55:44 [INFO]     KEC [960407] Syujak
2026-07-01 15:55:44 [INFO]       4 kelurahan di Syujak
2026-07-01 15:55:44 [INFO]     KEC [960408] Moraid
2026-07-01 15:55:45 [INFO]       9 kelurahan di Moraid
2026-07-01 15:55:45 [INFO]     KEC [960409] Kebar
2026-07-01 15:55:45 [INFO]       9 kelurahan di Kebar
2026-07-01 15:55:45 [INFO]     KEC [960410] Amberbaken
2026-07-01 15:55:46 [INFO]       9 kelurahan di Amberbaken
2026-07-01 15:55:46 [INFO]     KEC [960411] Senopi
2026-07-01 15:55:46 [INFO]       9 kelurahan di Senopi
2026-07-01 15:55:46 [INFO]     KEC [960412] Mubrani
2026-07-01 15:55:47 [INFO]       10 kelurahan di Mubrani
2026-07-01 15:55:47 [INFO]     KEC [960413] Bikar
2026-07-01 15:55:48 [INFO]       10 kelurahan di Bikar
2026-07-01 15:55:48 [INFO]     KEC [960414] Bamusbama
2026-07-01 15:55:48 [INFO]       6 kelurahan di Bamusbama
2026-07-01 15:55:48 [INFO]     KEC [960415] Ases
2026-07-01 15:55:49 [INFO]       4 kelurahan di Ases
2026-07-01 15:55:49 [INFO]     KEC [960416] Miyah Selatan
2026-07-01 15:55:49 [INFO]       9 kelurahan di Miyah Selatan
2026-07-01 15:55:49 [INFO]     KEC [960417] Ireres
2026-07-01 15:55:50 [INFO]       7 kelurahan di Ireres
2026-07-01 15:55:50 [INFO]     KEC [960418] Tobouw
2026-07-01 15:55:51 [INFO]       6 kelurahan di Tobouw
2026-07-01 15:55:51 [INFO]     KEC [960419] Wilhem Roumbouts
2026-07-01 15:55:51 [INFO]       4 kelurahan di Wilhem Roumbouts
2026-07-01 15:55:52 [INFO]     KEC [960420] Tinggouw
2026-07-01 15:55:52 [INFO]       5 kelurahan di Tinggouw
2026-07-01 15:55:52 [INFO]     KEC [960421] Kwesefo
2026-07-01 15:55:53 [INFO]       9 kelurahan di Kwesefo
2026-07-01 15:55:53 [INFO]     KEC [960422] Mawabuan
2026-07-01 15:55:53 [INFO]       6 kelurahan di Mawabuan
2026-07-01 15:55:53 [INFO]     KEC [960423] Kebar Timur
2026-07-01 15:55:54 [INFO]       10 kelurahan di Kebar Timur
2026-07-01 15:55:54 [INFO]     KEC [960424] Kebar Selatan
2026-07-01 15:55:55 [INFO]       10 kelurahan di Kebar Selatan
2026-07-01 15:55:55 [INFO]     KEC [960425] Manekar
2026-07-01 15:55:55 [INFO]       10 kelurahan di Manekar
2026-07-01 15:55:55 [INFO]     KEC [960426] Mpur
2026-07-01 15:55:56 [INFO]       7 kelurahan di Mpur
2026-07-01 15:55:56 [INFO]     KEC [960427] Amberbaken Barat
2026-07-01 15:55:57 [INFO]       5 kelurahan di Amberbaken Barat
2026-07-01 15:55:57 [INFO]     KEC [960428] Kasi
2026-07-01 15:55:57 [INFO]       12 kelurahan di Kasi
2026-07-01 15:55:57 [INFO]     KEC [960429] Selemkai
2026-07-01 15:55:58 [INFO]       5 kelurahan di Selemkai
2026-07-01 15:55:58 [INFO]   KAB [9605] Kabupaten Maybrat
2026-07-01 15:55:59 [INFO]     KEC [960501] Aifat
2026-07-01 15:55:59 [INFO]       23 kelurahan di Aifat
2026-07-01 15:55:59 [INFO]     KEC [960502] Aifat Utara
2026-07-01 15:56:00 [INFO]       20 kelurahan di Aifat Utara
2026-07-01 15:56:00 [INFO]     KEC [960503] Aifat Timur
2026-07-01 15:56:00 [INFO]       9 kelurahan di Aifat Timur
2026-07-01 15:56:00 [INFO]     KEC [960504] Aifat Selatan
2026-07-01 15:56:01 [INFO]       16 kelurahan di Aifat Selatan
2026-07-01 15:56:01 [INFO]     KEC [960505] Aitinyo Barat
2026-07-01 15:56:01 [INFO]       9 kelurahan di Aitinyo Barat
2026-07-01 15:56:01 [INFO]     KEC [960506] Aitinyo
2026-07-01 15:56:02 [INFO]       17 kelurahan di Aitinyo
2026-07-01 15:56:02 [INFO]     KEC [960507] Aitinyo Utara
2026-07-01 15:56:03 [INFO]       12 kelurahan di Aitinyo Utara
2026-07-01 15:56:03 [INFO]     KEC [960508] Ayamaru
2026-07-01 15:56:03 [INFO]       8 kelurahan di Ayamaru
2026-07-01 15:56:03 [INFO]     KEC [960509] Ayamaru Utara
2026-07-01 15:56:04 [INFO]       12 kelurahan di Ayamaru Utara
2026-07-01 15:56:04 [INFO]     KEC [960510] Ayamaru Timur
2026-07-01 15:56:04 [INFO]       8 kelurahan di Ayamaru Timur
2026-07-01 15:56:04 [INFO]     KEC [960511] Mare
2026-07-01 15:56:05 [INFO]       9 kelurahan di Mare
2026-07-01 15:56:05 [INFO]     KEC [960512] Aifat Timur Tengah
2026-07-01 15:56:06 [INFO]       12 kelurahan di Aifat Timur Tengah
2026-07-01 15:56:06 [INFO]     KEC [960513] Aifat Timur Jauh
2026-07-01 15:56:06 [INFO]       7 kelurahan di Aifat Timur Jauh
2026-07-01 15:56:06 [INFO]     KEC [960514] Aifat Timur Selatan
2026-07-01 15:56:07 [INFO]       6 kelurahan di Aifat Timur Selatan
2026-07-01 15:56:07 [INFO]     KEC [960515] Ayamaru Selatan
2026-07-01 15:56:07 [INFO]       10 kelurahan di Ayamaru Selatan
2026-07-01 15:56:07 [INFO]     KEC [960516] Ayamaru Jaya
2026-07-01 15:56:08 [INFO]       10 kelurahan di Ayamaru Jaya
2026-07-01 15:56:08 [INFO]     KEC [960517] Ayamaru Selatan Jaya
2026-07-01 15:56:09 [INFO]       7 kelurahan di Ayamaru Selatan Jaya
2026-07-01 15:56:09 [INFO]     KEC [960518] Ayamaru Timur Selatan
2026-07-01 15:56:11 [INFO]       7 kelurahan di Ayamaru Timur Selatan
2026-07-01 15:56:11 [INFO]     KEC [960519] Ayamaru Utara Timur
2026-07-01 15:56:11 [INFO]       7 kelurahan di Ayamaru Utara Timur
2026-07-01 15:56:11 [INFO]     KEC [960520] Ayamaru Tengah
2026-07-01 15:56:12 [INFO]       10 kelurahan di Ayamaru Tengah
2026-07-01 15:56:12 [INFO]     KEC [960521] Ayamaru Barat
2026-07-01 15:56:12 [INFO]       8 kelurahan di Ayamaru Barat
2026-07-01 15:56:12 [INFO]     KEC [960522] Aitinyo Tengah
2026-07-01 15:56:13 [INFO]       14 kelurahan di Aitinyo Tengah
2026-07-01 15:56:13 [INFO]     KEC [960523] Aitinyo Raya
2026-07-01 15:56:14 [INFO]       10 kelurahan di Aitinyo Raya
2026-07-01 15:56:14 [INFO]     KEC [960524] Mare Selatan
2026-07-01 15:56:14 [INFO]       9 kelurahan di Mare Selatan
2026-07-01 15:56:14 [INFO]   KAB [9671] Kota Sorong
2026-07-01 15:56:15 [INFO]     KEC [967101] Sorong
2026-07-01 15:56:15 [INFO]       4 kelurahan di Sorong
2026-07-01 15:56:15 [INFO]     KEC [967102] Sorong Timur
2026-07-01 15:56:16 [INFO]       4 kelurahan di Sorong Timur
2026-07-01 15:56:16 [INFO]     KEC [967103] Sorong Barat
2026-07-01 15:56:16 [INFO]       4 kelurahan di Sorong Barat
2026-07-01 15:56:16 [INFO]     KEC [967104] Sorong Kepulauan
2026-07-01 15:56:17 [INFO]       4 kelurahan di Sorong Kepulauan
2026-07-01 15:56:17 [INFO]     KEC [967105] Sorong Utara
2026-07-01 15:56:18 [INFO]       4 kelurahan di Sorong Utara
2026-07-01 15:56:18 [INFO]     KEC [967106] Sorong Manoi
2026-07-01 15:56:18 [INFO]       5 kelurahan di Sorong Manoi
2026-07-01 15:56:18 [INFO]     KEC [967107] Sorong Kota
2026-07-01 15:56:19 [INFO]       4 kelurahan di Sorong Kota
2026-07-01 15:56:19 [INFO]     KEC [967108] Klaurung
2026-07-01 15:56:19 [INFO]       4 kelurahan di Klaurung
2026-07-01 15:56:19 [INFO]     KEC [967109] Malaimsimsa
2026-07-01 15:56:20 [INFO]       4 kelurahan di Malaimsimsa
2026-07-01 15:56:20 [INFO]     KEC [967110] Maladum Mes
2026-07-01 15:56:21 [INFO]       4 kelurahan di Maladum Mes
2026-07-01 15:56:21 [INFO] PROVINSI SELESAI [96] Papua Barat Daya
2026-07-01 15:56:21 [INFO] Checkpoint dihapus (proses selesai penuh)
2026-07-01 15:56:21 [INFO] SELESAI | provinsi=38 kab=514 kec=7256 kel=83522 api_calls=7809 api_errors=0 durasi=1:17:11
